PR_ref,commenter,month
"jenkinsci/jenkinsfile-runner/742","romanisb","2026-07"
"jenkinsci/jenkinsfile-runner/742","samrocketman","2026-07"
"jenkinsci/jenkinsfile-runner/742","romanisb","2026-07"
"jenkinsci/jenkinsfile-runner/742","oleg-nenashev","2026-07"
"jenkinsci/oidc-provider-plugin/187","whussain7","2026-07"
"jenkinsci/oidc-provider-plugin/187","jglick","2026-07"
"jenkinsci/oidc-provider-plugin/187","jglick","2026-07"
"jenkinsci/oidc-provider-plugin/187","jglick","2026-07"
"jenkinsci/oidc-provider-plugin/187","jglick","2026-07"
"jenkinsci/oidc-provider-plugin/187","jglick","2026-07"
"jenkinsci/oidc-provider-plugin/187","jglick","2026-07"
"jenkinsci/oidc-provider-plugin/187","jglick","2026-07"
"jenkinsci/oidc-provider-plugin/187","jglick","2026-07"
"jenkinsci/oidc-provider-plugin/187","timja","2026-07"
"jenkinsci/oidc-provider-plugin/187","timja","2026-07"
"jenkinsci/oidc-provider-plugin/187","timja","2026-07"
"jenkinsci/oidc-provider-plugin/187","timja","2026-07"
"jenkinsci/oidc-provider-plugin/187","jglick","2026-07"
"jenkinsci/oidc-provider-plugin/187","whussain7","2026-07"
"jenkinsci/oidc-provider-plugin/187","whussain7","2026-07"
"jenkinsci/oidc-provider-plugin/187","whussain7","2026-07"
"jenkinsci/oidc-provider-plugin/187","whussain7","2026-07"
"jenkinsci/oidc-provider-plugin/187","whussain7","2026-07"
"jenkinsci/oidc-provider-plugin/187","whussain7","2026-07"
"jenkinsci/oidc-provider-plugin/187","whussain7","2026-07"
"jenkinsci/oidc-provider-plugin/187","whussain7","2026-07"
"jenkinsci/oidc-provider-plugin/187","whussain7","2026-07"
"jenkinsci/oidc-provider-plugin/187","whussain7","2026-07"
"jenkinsci/oidc-provider-plugin/187","whussain7","2026-07"
"jenkinsci/oidc-provider-plugin/187","whussain7","2026-07"
"jenkinsci/oidc-provider-plugin/187","jglick","2026-07"
"jenkinsci/oidc-provider-plugin/187","timja","2026-07"
"jenkinsci/jenkins/27015","bhumika-aga","2026-06"
"jenkinsci/jenkins/27015","MarkEWaite","2026-06"
"jenkinsci/forensics-api-plugin/734","uhafner","2026-08"
"jenkinsci/forensics-api-plugin/734","akash-manna-sky","2026-08"
"jenkinsci/forensics-api-plugin/734","akash-manna-sky","2026-08"
"jenkinsci/forensics-api-plugin/734","akash-manna-sky","2026-08"
"jenkinsci/forensics-api-plugin/734","uhafner","2026-08"
"jenkinsci/forensics-api-plugin/734","uhafner","2026-08"
"jenkinsci/forensics-api-plugin/734","uhafner","2026-08"
"jenkinsci/jenkinsfile-runner/741","romanisb","2026-07"
"jenkinsci/helm-charts/1692","timja","2026-06"
"jenkinsci/helm-charts/1692","timja","2026-06"
"jenkinsci/xray-connector-plugin/95","Slyrc","2026-07"
"jenkinsci/vsphere-cloud-plugin/176","jimklimov","2026-07"
"jenkinsci/vsphere-cloud-plugin/176","jimklimov","2026-07"
"jenkinsci/vsphere-cloud-plugin/176","jimklimov","2026-07"
"jenkinsci/vsphere-cloud-plugin/176","jimklimov","2026-07"
"jenkinsci/vsphere-cloud-plugin/176","jimklimov","2026-07"
"jenkinsci/vsphere-cloud-plugin/176","jimklimov","2026-07"
"jenkinsci/vsphere-cloud-plugin/176","jimklimov","2026-07"
"jenkinsci/vsphere-cloud-plugin/176","jimklimov","2026-07"
"jenkinsci/vsphere-cloud-plugin/176","jimklimov","2026-07"
"jenkinsci/vsphere-cloud-plugin/176","jimklimov","2026-07"
"jenkinsci/acceptance-test-harness/2777","alecharp","2026-07"
"jenkinsci/acceptance-test-harness/2777","timja","2026-07"
"jenkinsci/jenkinsfile-runner/740","romanisb","2026-06"
"jenkinsci/jenkinsfile-runner/740","romanisb","2026-06"
"jenkinsci/forensics-api-plugin/733","akash-manna-sky","2026-08"
"jenkinsci/bitbucket-branch-source-plugin/1219","nfalco79","2026-06"
"jenkinsci/forensics-api-plugin/732","uhafner","2026-08"
"jenkinsci/forensics-api-plugin/732","akash-manna-sky","2026-08"
"jenkinsci/forensics-api-plugin/732","uhafner","2026-08"
"jenkinsci/jenkinsfile-runner/739","oleg-nenashev","2026-06"
"jenkinsci/jenkinsfile-runner/739","oleg-nenashev","2026-06"
"jenkinsci/jenkinsfile-runner/739","romanisb","2026-06"
"jenkinsci/jenkinsfile-runner/739","oleg-nenashev","2026-06"
"jenkinsci/bom/7019","alecharp","2026-06"
"jenkinsci/jenkins/27008","oleksii-tumanov","2026-07"
"jenkinsci/jenkins/27008","MarkEWaite","2026-07"
"jenkinsci/checkmarx-ast-scanner-plugin/431","cx-anurag-dalke","2026-07"
"jenkinsci/jenkins/27005","timja","2026-06"
"jenkinsci/jenkins/27005","janfaracik","2026-06"
"jenkinsci/jenkins/27005","timja","2026-06"
"jenkinsci/analysis-model/1540","uhafner","2026-08"
"jenkinsci/analysis-model/1540","akash-manna-sky","2026-08"
"jenkinsci/pipeline-graph-view-plugin/1363","timja","2026-06"
"jenkinsci/jenkins/27004","mawinter69","2026-07"
"jenkinsci/jenkins/27004","mawinter69","2026-07"
"jenkinsci/user-guide-ai-chatbot-plugin/10","thatsdc","2026-07"
"jenkinsci/user-guide-ai-chatbot-plugin/10","shivaylamba","2026-06"
"jenkinsci/user-guide-ai-chatbot-plugin/10","thatsdc","2026-07"
"jenkinsci/user-guide-ai-chatbot-plugin/10","chiruu12","2026-07"
"jenkinsci/user-guide-ai-chatbot-plugin/10","chiruu12","2026-07"
"jenkinsci/jenkins/27003","MarkEWaite","2026-06"
"jenkinsci/warnings-ng-plugin/3378","uhafner","2026-08"
"jenkinsci/warnings-ng-plugin/3378","akash-manna-sky","2026-08"
"jenkinsci/jenkins/27002","timja","2026-06"
"jenkinsci/jenkins/27002","daniel-beck","2026-06"
"jenkinsci/resources-ai-chatbot-plugin/402","berviantoleo","2026-06"
"jenkinsci/resources-ai-chatbot-plugin/402","codeWithkrish123","2026-06"
"jenkinsci/resources-ai-chatbot-plugin/402","berviantoleo","2026-06"
"jenkinsci/resources-ai-chatbot-plugin/401","krisstern","2026-06"
"jenkinsci/resources-ai-chatbot-plugin/401","krisstern","2026-06"
"jenkinsci/gerrit-trigger-plugin/1017","panicking","2026-06"
"jenkinsci/gerrit-trigger-plugin/1017","rsandell","2026-06"
"jenkinsci/gerrit-trigger-plugin/1017","rsandell","2026-06"
"jenkinsci/gerrit-trigger-plugin/1017","rsandell","2026-06"
"jenkinsci/gerrit-trigger-plugin/1017","panicking","2026-06"
"jenkinsci/gerrit-trigger-plugin/1017","panicking","2026-06"
"jenkinsci/gerrit-trigger-plugin/1017","neonman63","2026-07"
"jenkinsci/gerrit-trigger-plugin/1017","panicking","2026-07"
"jenkinsci/gerrit-trigger-plugin/1017","panicking","2026-07"
"jenkinsci/gerrit-trigger-plugin/1017","panicking","2026-07"
"jenkinsci/gerrit-trigger-plugin/1017","rsandell","2026-07"
"jenkinsci/gerrit-trigger-plugin/1017","panicking","2026-07"
"jenkinsci/gerrit-trigger-plugin/1017","rsandell","2026-07"
"jenkinsci/gerrit-trigger-plugin/1017","panicking","2026-07"
"jenkinsci/gerrit-trigger-plugin/1017","rsandell","2026-07"
"jenkinsci/gerrit-trigger-plugin/1017","panicking","2026-08"
"jenkinsci/gerrit-trigger-plugin/1017","rsandell","2026-08"
"jenkinsci/gerrit-trigger-plugin/1017","mawinter69","2026-07"
"jenkinsci/gerrit-trigger-plugin/1017","mawinter69","2026-07"
"jenkinsci/gerrit-trigger-plugin/1017","mawinter69","2026-07"
"jenkinsci/gerrit-trigger-plugin/1017","mawinter69","2026-07"
"jenkinsci/gerrit-trigger-plugin/1017","mawinter69","2026-07"
"jenkinsci/gerrit-trigger-plugin/1017","panicking","2026-07"
"jenkinsci/gerrit-trigger-plugin/1017","panicking","2026-07"
"jenkinsci/gerrit-trigger-plugin/1017","panicking","2026-07"
"jenkinsci/gerrit-trigger-plugin/1017","panicking","2026-07"
"jenkinsci/gerrit-trigger-plugin/1017","rsandell","2026-07"
"jenkinsci/gerrit-trigger-plugin/1017","rsandell","2026-07"
"jenkinsci/gerrit-trigger-plugin/1017","rsandell","2026-07"
"jenkinsci/gerrit-trigger-plugin/1017","rsandell","2026-07"
"jenkinsci/gerrit-trigger-plugin/1017","rsandell","2026-07"
"jenkinsci/gerrit-trigger-plugin/1017","rsandell","2026-07"
"jenkinsci/gerrit-trigger-plugin/1017","rsandell","2026-07"
"jenkinsci/gerrit-trigger-plugin/1017","rsandell","2026-07"
"jenkinsci/gerrit-trigger-plugin/1017","rsandell","2026-07"
"jenkinsci/gerrit-trigger-plugin/1017","rsandell","2026-07"
"jenkinsci/gerrit-trigger-plugin/1017","panicking","2026-07"
"jenkinsci/gerrit-trigger-plugin/1017","rsandell","2026-07"
"jenkinsci/gerrit-trigger-plugin/1017","rsandell","2026-07"
"jenkinsci/gerrit-trigger-plugin/1017","rsandell","2026-07"
"jenkinsci/gerrit-trigger-plugin/1017","rsandell","2026-07"
"jenkinsci/gerrit-trigger-plugin/1017","rsandell","2026-07"
"jenkinsci/gerrit-trigger-plugin/1017","rsandell","2026-07"
"jenkinsci/gerrit-trigger-plugin/1017","panicking","2026-07"
"jenkinsci/gerrit-trigger-plugin/1017","panicking","2026-07"
"jenkinsci/gerrit-trigger-plugin/1017","panicking","2026-07"
"jenkinsci/gerrit-trigger-plugin/1017","panicking","2026-07"
"jenkinsci/gerrit-trigger-plugin/1017","panicking","2026-07"
"jenkinsci/gerrit-trigger-plugin/1017","panicking","2026-07"
"jenkinsci/gerrit-trigger-plugin/1017","panicking","2026-07"
"jenkinsci/gerrit-trigger-plugin/1017","rsandell","2026-07"
"jenkinsci/gerrit-trigger-plugin/1017","rsandell","2026-07"
"jenkinsci/gerrit-trigger-plugin/1017","rsandell","2026-07"
"jenkinsci/gerrit-trigger-plugin/1017","rsandell","2026-07"
"jenkinsci/gerrit-trigger-plugin/1017","rsandell","2026-07"
"jenkinsci/gerrit-trigger-plugin/1017","rsandell","2026-07"
"jenkinsci/gerrit-trigger-plugin/1017","rsandell","2026-07"
"jenkinsci/gerrit-trigger-plugin/1017","rsandell","2026-07"
"jenkinsci/gerrit-trigger-plugin/1017","rsandell","2026-07"
"jenkinsci/gerrit-trigger-plugin/1017","panicking","2026-07"
"jenkinsci/analysis-model/1539","akash-manna-sky","2026-07"
"jenkinsci/analysis-model/1539","uhafner","2026-08"
"jenkinsci/warnings-ng-plugin/3377","akash-manna-sky","2026-08"
"jenkinsci/azure-ad-plugin/813","jonesbusy","2026-06"
"jenkinsci/azure-ad-plugin/813","timja","2026-06"
"jenkinsci/azure-ad-plugin/813","jglick","2026-07"
"jenkinsci/azure-ad-plugin/813","timja","2026-06"
"jenkinsci/oic-auth-plugin/767","jonesbusy","2026-07"
"jenkinsci/pipeline-graph-view-plugin/1360","efip-ns","2026-06"
"jenkinsci/coverage-plugin/773","uhafner","2026-06"
"jenkinsci/coverage-plugin/773","akash-manna-sky","2026-06"
"jenkinsci/coverage-plugin/773","uhafner","2026-06"
"jenkinsci/git-forensics-plugin/1265","akash-manna-sky","2026-06"
"jenkinsci/git-forensics-plugin/1265","uhafner","2026-06"
"jenkinsci/bom/7012","timja","2026-06"
"jenkinsci/bom/7012","uhafner","2026-06"
"jenkinsci/run-selector-plugin/31","alexsomai","2026-07"
"jenkinsci/run-selector-plugin/31","panicking","2026-07"
"jenkinsci/run-selector-plugin/31","alexsomai","2026-07"
"jenkinsci/pipeline-graph-view-plugin/1358","steffencircle","2026-07"
"jenkinsci/pipeline-graph-view-plugin/1358","Ashuthosh0","2026-07"
"jenkinsci/pipeline-graph-view-plugin/1358","timja","2026-07"
"jenkinsci/pipeline-graph-view-plugin/1358","Ashuthosh0","2026-07"
"jenkinsci/pipeline-graph-view-plugin/1358","timja","2026-07"
"jenkinsci/swarm-agents-cloud-plugin/21","eliasbalasis","2026-06"
"jenkinsci/resources-ai-chatbot-plugin/400","arjun-713","2026-06"
"jenkinsci/resources-ai-chatbot-plugin/400","arjun-713","2026-06"
"jenkinsci/resources-ai-chatbot-plugin/400","arjun-713","2026-06"
"jenkinsci/resources-ai-chatbot-plugin/400","arjun-713","2026-06"
"jenkinsci/resources-ai-chatbot-plugin/400","arjun-713","2026-06"
"jenkinsci/resources-ai-chatbot-plugin/400","arjun-713","2026-06"
"jenkinsci/resources-ai-chatbot-plugin/400","cnu1812","2026-07"
"jenkinsci/jenkins/26999","timja","2026-07"
"jenkinsci/resources-ai-chatbot-plugin/399","arjun-713","2026-06"
"jenkinsci/resources-ai-chatbot-plugin/399","arjun-713","2026-06"
"jenkinsci/resources-ai-chatbot-plugin/399","berviantoleo","2026-06"
"jenkinsci/resources-ai-chatbot-plugin/399","arjun-713","2026-06"
"jenkinsci/resources-ai-chatbot-plugin/399","arjun-713","2026-07"
"jenkinsci/resources-ai-chatbot-plugin/399","arjun-713","2026-07"
"jenkinsci/resources-ai-chatbot-plugin/399","berviantoleo","2026-07"
"jenkinsci/resources-ai-chatbot-plugin/399","cnu1812","2026-07"
"jenkinsci/resources-ai-chatbot-plugin/399","arjun-713","2026-07"
"jenkinsci/resources-ai-chatbot-plugin/399","berviantoleo","2026-06"
"jenkinsci/resources-ai-chatbot-plugin/399","arjun-713","2026-06"
"jenkinsci/resources-ai-chatbot-plugin/399","berviantoleo","2026-06"
"jenkinsci/resources-ai-chatbot-plugin/399","berviantoleo","2026-06"
"jenkinsci/resources-ai-chatbot-plugin/399","berviantoleo","2026-06"
"jenkinsci/resources-ai-chatbot-plugin/399","cnu1812","2026-07"
"jenkinsci/resources-ai-chatbot-plugin/399","berviantoleo","2026-07"
"jenkinsci/resources-ai-chatbot-plugin/399","arjun-713","2026-07"
"jenkinsci/resources-ai-chatbot-plugin/399","cnu1812","2026-07"
"jenkinsci/gerrit-trigger-plugin/1016","rsandell","2026-06"
"jenkinsci/gerrit-trigger-plugin/1016","strangelookingnerd","2026-06"
"jenkinsci/gerrit-trigger-plugin/1016","rsandell","2026-06"
"jenkinsci/gerrit-trigger-plugin/1016","strangelookingnerd","2026-06"
"jenkinsci/gerrit-trigger-plugin/1016","rsandell","2026-06"
"jenkinsci/gerrit-trigger-plugin/1016","rsandell","2026-06"
"jenkinsci/gerrit-trigger-plugin/1016","strangelookingnerd","2026-06"
"jenkinsci/gerrit-trigger-plugin/1016","strangelookingnerd","2026-06"
"jenkinsci/gerrit-trigger-plugin/1016","strangelookingnerd","2026-06"
"jenkinsci/pipeline-graph-view-plugin/1357","stuartrowe","2026-06"
"jenkinsci/pipeline-graph-view-plugin/1357","timja","2026-06"
"jenkinsci/jenkins/26997","splitt3r","2026-06"
"jenkinsci/jenkins/26997","timja","2026-06"
"jenkinsci/jenkins/26997","timja","2026-06"
"jenkinsci/jenkins/26997","mawinter69","2026-07"
"jenkinsci/prometheus-plugin/826","Waschndolos","2026-06"
"jenkinsci/analysis-model/1538","akash-manna-sky","2026-06"
"jenkinsci/analysis-model/1538","uhafner","2026-06"
"jenkinsci/jenkins/26996","raisakshii","2026-06"
"jenkinsci/jenkins/26996","MarkEWaite","2026-06"
"jenkinsci/jenkins/26996","daniel-beck","2026-06"
"jenkinsci/jenkins/26996","raisakshii","2026-06"
"jenkinsci/jenkins/26996","MarkEWaite","2026-06"
"jenkinsci/renovate-config/22","jonesbusy","2026-06"
"jenkinsci/renovate-config/22","NotMyFault","2026-06"
"jenkinsci/multibranch-build-strategy-extension-plugin/99","FrogDevelopper","2026-06"
"jenkinsci/git-plugin/3978","MarkEWaite","2026-06"
"jenkinsci/packaging/742","MarkEWaite","2026-06"
"jenkinsci/office-365-connector-plugin/438","pnag90","2026-07"
"jenkinsci/office-365-connector-plugin/438","pnag90","2026-07"
"jenkinsci/office-365-connector-plugin/438","pnag90","2026-07"
"jenkinsci/office-365-connector-plugin/438","damianszczepanik","2026-06"
"jenkinsci/office-365-connector-plugin/438","damianszczepanik","2026-06"
"jenkinsci/office-365-connector-plugin/438","damianszczepanik","2026-06"
"jenkinsci/office-365-connector-plugin/438","damianszczepanik","2026-06"
"jenkinsci/office-365-connector-plugin/438","damianszczepanik","2026-06"
"jenkinsci/office-365-connector-plugin/438","damianszczepanik","2026-06"
"jenkinsci/office-365-connector-plugin/438","damianszczepanik","2026-06"
"jenkinsci/office-365-connector-plugin/438","pnag90","2026-07"
"jenkinsci/office-365-connector-plugin/438","pnag90","2026-07"
"jenkinsci/office-365-connector-plugin/438","pnag90","2026-07"
"jenkinsci/office-365-connector-plugin/438","pnag90","2026-07"
"jenkinsci/office-365-connector-plugin/438","pnag90","2026-07"
"jenkinsci/office-365-connector-plugin/438","pnag90","2026-07"
"jenkinsci/office-365-connector-plugin/438","pnag90","2026-07"
"jenkinsci/office-365-connector-plugin/438","pnag90","2026-07"
"jenkinsci/jenkins/26991","MarkEWaite","2026-06"
"jenkinsci/jenkins/26991","Aarav-Singh2007","2026-06"
"jenkinsci/jenkins/26991","MarkEWaite","2026-06"
"jenkinsci/jenkins/26991","MarkEWaite","2026-06"
"jenkinsci/jenkins/26991","MarkEWaite","2026-06"
"jenkinsci/jenkins/26991","MarkEWaite","2026-06"
"jenkinsci/jenkins/26991","MarkEWaite","2026-06"
"jenkinsci/jenkins/26991","MarkEWaite","2026-06"
"jenkinsci/jenkins/26991","Aarav-Singh2007","2026-06"
"jenkinsci/jenkins/26991","MarkEWaite","2026-06"
"jenkinsci/jenkins/26991","MarkEWaite","2026-06"
"jenkinsci/jenkins/26991","MarkEWaite","2026-06"
"jenkinsci/jenkins/26991","MarkEWaite","2026-06"
"jenkinsci/smart-retry-plugin/11","donhui","2026-06"
"jenkinsci/resources-ai-chatbot-plugin/398","berviantoleo","2026-06"
"jenkinsci/resources-ai-chatbot-plugin/398","codeWithkrish123","2026-06"
"jenkinsci/resources-ai-chatbot-plugin/396","arjun-713","2026-06"
"jenkinsci/resources-ai-chatbot-plugin/396","berviantoleo","2026-06"
"jenkinsci/bom/7003","krisstern","2026-06"
"jenkinsci/acceptance-test-harness/2773","krisstern","2026-06"
"jenkinsci/bitbucket-branch-source-plugin/1214","nfalco79","2026-06"
"jenkinsci/bitbucket-branch-source-plugin/1214","nfalco79","2026-06"
"jenkinsci/bitbucket-branch-source-plugin/1214","NickTheDevOpsGuy","2026-06"
"jenkinsci/bitbucket-branch-source-plugin/1214","NickTheDevOpsGuy","2026-06"
"jenkinsci/docker/2384","lemeurherve","2026-06"
"jenkinsci/coverage-plugin/772","akash-manna-sky","2026-06"
"jenkinsci/coverage-plugin/772","uhafner","2026-06"
"jenkinsci/coverage-plugin/772","uhafner","2026-06"
"jenkinsci/coverage-plugin/772","uhafner","2026-06"
"jenkinsci/jenkins/26989","Kevin-CB","2026-06"
"jenkinsci/jenkins/26989","MarkEWaite","2026-06"
"jenkinsci/jenkins/26989","MarkEWaite","2026-06"
"jenkinsci/swarm-agents-cloud-plugin/20","eliasbalasis","2026-06"
"jenkinsci/swarm-agents-cloud-plugin/20","eliasbalasis","2026-06"
"jenkinsci/swarm-agents-cloud-plugin/20","AronMav","2026-06"
"jenkinsci/swarm-agents-cloud-plugin/20","eliasbalasis","2026-06"
"jenkinsci/swarm-agents-cloud-plugin/20","AronMav","2026-06"
"jenkinsci/swarm-agents-cloud-plugin/20","AronMav","2026-06"
"jenkinsci/swarm-agents-cloud-plugin/20","eliasbalasis","2026-06"
"jenkinsci/swarm-agents-cloud-plugin/20","AronMav","2026-06"
"jenkinsci/electricflow-plugin/413","batmat","2026-06"
"jenkinsci/electricflow-plugin/413","batmat","2026-06"
"jenkinsci/hpe-application-automation-tools-plugin/1585","AppVeyorBot","2026-06"
"jenkinsci/hpe-application-automation-tools-plugin/1585","AppVeyorBot","2026-06"
"jenkinsci/ansible-tower-plugin/36","harshakrish","2026-06"
"jenkinsci/ansible-tower-plugin/36","harshakrish","2026-06"
"jenkinsci/ansible-tower-plugin/36","longhn0710","2026-06"
"jenkinsci/ansible-tower-plugin/36","ebirn","2026-07"
"jenkinsci/ansible-tower-plugin/36","longhn0710","2026-07"
"jenkinsci/jwt-auth-filter-plugin/30","kleincode","2026-06"
"jenkinsci/jwt-auth-filter-plugin/30","jonesbusy","2026-06"
"jenkinsci/jwt-auth-filter-plugin/30","jonesbusy","2026-06"
"jenkinsci/jenkins/26987","MarkEWaite","2026-06"
"jenkinsci/jenkins/26987","krisstern","2026-06"
"jenkinsci/jenkins/26987","MarkEWaite","2026-06"
"jenkinsci/jenkins/26987","MarkEWaite","2026-06"
"jenkinsci/jenkins/26986","mawinter69","2026-06"
"jenkinsci/jenkins/26986","BradyShober","2026-06"
"jenkinsci/jenkins/26986","BradyShober","2026-06"
"jenkinsci/jenkins/26986","daniel-beck","2026-06"
"jenkinsci/jenkins/26986","daniel-beck","2026-06"
"jenkinsci/publish-over-ssh-plugin/422","gmcdonald","2026-07"
"jenkinsci/publish-over-ssh-plugin/422","olamy","2026-08"
"jenkinsci/docker-agents/1238","lemeurherve","2026-06"
"jenkinsci/jenkins/26984","MarkEWaite","2026-06"
"jenkinsci/jenkins/26984","MarkEWaite","2026-06"
"jenkinsci/bom/6993","MarkEWaite","2026-06"
"jenkinsci/bom/6993","gbhat618","2026-06"
"jenkinsci/bom/6993","MarkEWaite","2026-06"
"jenkinsci/bom/6993","gbhat618","2026-07"
"jenkinsci/resources-ai-chatbot-plugin/394","berviantoleo","2026-06"
"jenkinsci/resources-ai-chatbot-plugin/394","codeWithkrish123","2026-06"
"jenkinsci/resources-ai-chatbot-plugin/394","berviantoleo","2026-06"
"jenkinsci/resources-ai-chatbot-plugin/394","codeWithkrish123","2026-06"
"jenkinsci/resources-ai-chatbot-plugin/394","berviantoleo","2026-06"
"jenkinsci/resources-ai-chatbot-plugin/394","codeWithkrish123","2026-06"
"jenkinsci/resources-ai-chatbot-plugin/394","krisstern","2026-06"
"jenkinsci/lucene-search-plugin/89","mawinter69","2026-06"
"jenkinsci/lucene-search-plugin/89","panicking","2026-06"
"jenkinsci/smart-retry-plugin/8","donhui","2026-06"
"jenkinsci/smart-retry-plugin/8","jasleen637","2026-06"
"jenkinsci/smart-retry-plugin/8","donhui","2026-06"
"jenkinsci/smart-retry-plugin/8","donhui","2026-06"
"jenkinsci/jenkins/26981","MarkEWaite","2026-06"
"jenkinsci/jenkins/26981","MarkEWaite","2026-06"
"jenkinsci/jenkins/26980","MarkEWaite","2026-06"
"jenkinsci/jenkins/26978","MarkEWaite","2026-06"
"jenkinsci/gradle-jpi-plugin/392","sghill","2026-06"
"jenkinsci/bom/6989","MarkEWaite","2026-06"
"jenkinsci/warnings-ng-plugin/3376","akash-manna-sky","2026-06"
"jenkinsci/warnings-ng-plugin/3376","uhafner","2026-06"
"jenkinsci/warnings-ng-plugin/3376","uhafner","2026-06"
"jenkinsci/warnings-ng-plugin/3376","uhafner","2026-06"
"jenkinsci/warnings-ng-plugin/3376","uhafner","2026-06"
"jenkinsci/warnings-ng-plugin/3376","uhafner","2026-06"
"jenkinsci/warnings-ng-plugin/3376","uhafner","2026-08"
"jenkinsci/acceptance-test-harness/2768","MarkEWaite","2026-06"
"jenkinsci/jenkins/26977","MarkEWaite","2026-06"
"jenkinsci/smart-retry-plugin/7","donhui","2026-06"
"jenkinsci/smart-retry-plugin/7","donhui","2026-06"
"jenkinsci/smart-retry-plugin/7","donhui","2026-06"
"jenkinsci/jenkins/26976","oleksii-tumanov","2026-06"
"jenkinsci/jenkins/26976","oleksii-tumanov","2026-06"
"jenkinsci/jenkins/26976","oleksii-tumanov","2026-07"
"jenkinsci/jenkins/26976","MarkEWaite","2026-06"
"jenkinsci/jenkins/26976","MarkEWaite","2026-06"
"jenkinsci/jenkins/26976","MarkEWaite","2026-07"
"jenkinsci/smart-retry-plugin/6","donhui","2026-06"
"jenkinsci/smart-retry-plugin/6","donhui","2026-06"
"jenkinsci/netty-api-plugin/17","gbhat618","2026-06"
"jenkinsci/netty-api-plugin/17","apuig","2026-06"
"jenkinsci/netty-api-plugin/17","jtnord","2026-06"
"jenkinsci/netty-api-plugin/17","apuig","2026-06"
"jenkinsci/netty-api-plugin/17","gbhat618","2026-06"
"jenkinsci/netty-api-plugin/17","gbhat618","2026-06"
"jenkinsci/netty-api-plugin/17","gbhat618","2026-06"
"jenkinsci/analysis-model/1537","akash-manna-sky","2026-06"
"jenkinsci/analysis-model/1537","uhafner","2026-06"
"jenkinsci/analysis-model/1537","akash-manna-sky","2026-06"
"jenkinsci/pipeline-graph-view-plugin/1349","timja","2026-06"
"jenkinsci/pipeline-graph-view-plugin/1349","timja","2026-06"
"jenkinsci/pipeline-graph-view-plugin/1349","janfaracik","2026-06"
"jenkinsci/pipeline-graph-view-plugin/1349","janfaracik","2026-06"
"jenkinsci/pipeline-graph-view-plugin/1349","timja","2026-06"
"jenkinsci/jenkins/26974","janfaracik","2026-07"
"jenkinsci/jenkins/26974","timja","2026-07"
"jenkinsci/jenkins/26974","lewisbirks","2026-07"
"jenkinsci/jenkins/26972","MarkEWaite","2026-06"
"jenkinsci/jenkins/26971","VedanshSingla1470","2026-06"
"jenkinsci/jenkins/26971","MarkEWaite","2026-06"
"jenkinsci/configuration-as-code-plugin/2854","timja","2026-06"
"jenkinsci/configuration-as-code-plugin/2854","timja","2026-06"
"jenkinsci/workflow-multibranch-plugin/574","jglick","2026-07"
"jenkinsci/workflow-multibranch-plugin/574","jtnord","2026-06"
"jenkinsci/workflow-multibranch-plugin/574","jtnord","2026-06"
"jenkinsci/workflow-multibranch-plugin/574","jglick","2026-07"
"jenkinsci/git-forensics-plugin/1263","akash-manna-sky","2026-06"
"jenkinsci/git-forensics-plugin/1263","uhafner","2026-06"
"jenkinsci/git-forensics-plugin/1263","akash-manna-sky","2026-07"
"jenkinsci/git-forensics-plugin/1263","uhafner","2026-07"
"jenkinsci/git-forensics-plugin/1263","akash-manna-sky","2026-07"
"jenkinsci/git-forensics-plugin/1263","uhafner","2026-08"
"jenkinsci/credentials-plugin/1060","lohitkolluri","2026-06"
"jenkinsci/credentials-plugin/1060","lohitkolluri","2026-07"
"jenkinsci/credentials-plugin/1060","lohitkolluri","2026-07"
"jenkinsci/credentials-plugin/1060","timja","2026-07"
"jenkinsci/credentials-plugin/1060","timja","2026-07"
"jenkinsci/credentials-plugin/1060","lohitkolluri","2026-07"
"jenkinsci/nowsecure-ci-assessments-plugin/9","amgoodfellow","2026-06"
"jenkinsci/nowsecure-ci-assessments-plugin/9","amgoodfellow","2026-06"
"jenkinsci/jenkins/26970","MarkEWaite","2026-06"
"jenkinsci/jenkins/26970","MarkEWaite","2026-06"
"jenkinsci/jenkins/26970","oleksii-tumanov","2026-06"
"jenkinsci/jenkins/26970","MarkEWaite","2026-06"
"jenkinsci/github-pr-comment-build-plugin/112","elad-eyal-ns","2026-07"
"jenkinsci/github-pr-comment-build-plugin/112","elad-eyal","2026-08"
"jenkinsci/github-pr-comment-build-plugin/112","bluesliverx","2026-08"
"jenkinsci/github-pr-comment-build-plugin/112","bluesliverx","2026-08"
"jenkinsci/configuration-as-code-plugin/2853","timja","2026-06"
"jenkinsci/jenkins-infra-test-plugin/220","dduportal","2026-06"
"jenkinsci/jenkins-infra-test-plugin/220","dduportal","2026-06"
"jenkinsci/bom/6978","alecharp","2026-06"
"jenkinsci/bom/6978","alecharp","2026-06"
"jenkinsci/bom/6978","dduportal","2026-06"
"jenkinsci/bom/6978","dduportal","2026-06"
"jenkinsci/analysis-model/1536","akash-manna-sky","2026-06"
"jenkinsci/analysis-model/1536","uhafner","2026-06"
"jenkinsci/analysis-model/1536","uhafner","2026-06"
"jenkinsci/jenkins/26968","dduportal","2026-06"
"jenkinsci/jenkins/26968","dduportal","2026-06"
"jenkinsci/pipeline-graph-view-plugin/1346","KalleOlaviNiemitalo","2026-06"
"jenkinsci/pipeline-graph-view-plugin/1346","preetham-18-developer","2026-06"
"jenkinsci/jenkins/26967","Aarav-Singh2007","2026-06"
"jenkinsci/jenkins/26967","Aarav-Singh2007","2026-06"
"jenkinsci/jenkins/26967","Rauneet-coder","2026-06"
"jenkinsci/jenkins/26967","Aarav-Singh2007","2026-06"
"jenkinsci/jenkins/26967","jtnord","2026-06"
"jenkinsci/jenkins/26967","jtnord","2026-06"
"jenkinsci/jenkins/26967","MarkEWaite","2026-06"
"jenkinsci/explain-error-plugin/201","panicking","2026-06"
"jenkinsci/explain-error-plugin/201","shenxianpeng","2026-06"
"jenkinsci/jenkins/26966","Rauneet-coder","2026-06"
"jenkinsci/jenkins/26966","MarkEWaite","2026-06"
"jenkinsci/jenkins/26966","MarkEWaite","2026-06"
"jenkinsci/hpe-application-automation-tools-plugin/1584","AppVeyorBot","2026-06"
"jenkinsci/hpe-application-automation-tools-plugin/1584","razvan-barbura-opentext","2026-06"
"jenkinsci/hpe-application-automation-tools-plugin/1584","AppVeyorBot","2026-06"
"jenkinsci/hpe-application-automation-tools-plugin/1584","AppVeyorBot","2026-06"
"jenkinsci/hpe-application-automation-tools-plugin/1584","razvan-barbura-opentext","2026-06"
"jenkinsci/hpe-application-automation-tools-plugin/1584","razvan-barbura-opentext","2026-06"
"jenkinsci/hpe-application-automation-tools-plugin/1584","razvan-barbura-opentext","2026-06"
"jenkinsci/hpe-application-automation-tools-plugin/1584","razvan-barbura-opentext","2026-06"
"jenkinsci/hpe-application-automation-tools-plugin/1584","razvan-barbura-opentext","2026-06"
"jenkinsci/hpe-application-automation-tools-plugin/1584","razvan-barbura-opentext","2026-06"
"jenkinsci/hpe-application-automation-tools-plugin/1584","razvan-barbura-opentext","2026-06"
"jenkinsci/hpe-application-automation-tools-plugin/1584","razvan-barbura-opentext","2026-06"
"jenkinsci/hpe-application-automation-tools-plugin/1584","razvan-barbura-opentext","2026-06"
"jenkinsci/hpe-application-automation-tools-plugin/1584","razvan-barbura-opentext","2026-06"
"jenkinsci/hpe-application-automation-tools-plugin/1584","razvan-barbura-opentext","2026-06"
"jenkinsci/hpe-application-automation-tools-plugin/1584","razvan-barbura-opentext","2026-06"
"jenkinsci/hpe-application-automation-tools-plugin/1584","razvan-barbura-opentext","2026-06"
"jenkinsci/hpe-application-automation-tools-plugin/1584","razvan-barbura-opentext","2026-06"
"jenkinsci/hpe-application-automation-tools-plugin/1584","razvan-barbura-opentext","2026-06"
"jenkinsci/hpe-application-automation-tools-plugin/1584","razvan-barbura-opentext","2026-06"
"jenkinsci/hpe-application-automation-tools-plugin/1584","razvan-barbura-opentext","2026-06"
"jenkinsci/hpe-application-automation-tools-plugin/1584","razvan-barbura-opentext","2026-06"
"jenkinsci/hpe-application-automation-tools-plugin/1584","razvan-barbura-opentext","2026-06"
"jenkinsci/hpe-application-automation-tools-plugin/1584","razvan-barbura-opentext","2026-06"
"jenkinsci/hpe-application-automation-tools-plugin/1584","razvan-barbura-opentext","2026-06"
"jenkinsci/hpe-application-automation-tools-plugin/1584","razvan-barbura-opentext","2026-06"
"jenkinsci/hpe-application-automation-tools-plugin/1584","razvan-barbura-opentext","2026-06"
"jenkinsci/hpe-application-automation-tools-plugin/1584","tudordecea","2026-06"
"jenkinsci/hpe-application-automation-tools-plugin/1584","razvan-barbura-opentext","2026-06"
"jenkinsci/plugin-pom/1408","jglick","2026-06"
"jenkinsci/jenkins/26965","MarkEWaite","2026-06"
"jenkinsci/jenkins/26964","MarkEWaite","2026-06"
"jenkinsci/jenkins/26964","MarkEWaite","2026-06"
"jenkinsci/jenkins/26964","bhumika-aga","2026-06"
"jenkinsci/jenkins/26964","bhumika-aga","2026-06"
"jenkinsci/jenkins/26964","bhumika-aga","2026-06"
"jenkinsci/jenkins/26964","bhumika-aga","2026-06"
"jenkinsci/jenkins/26964","bhumika-aga","2026-06"
"jenkinsci/jenkins/26964","MarkEWaite","2026-06"
"jenkinsci/pipeline-graph-view-plugin/1345","timja","2026-06"
"jenkinsci/pipeline-graph-view-plugin/1345","stuartrowe","2026-06"
"jenkinsci/pipeline-graph-view-plugin/1345","stuartrowe","2026-06"
"jenkinsci/pipeline-graph-view-plugin/1345","timja","2026-06"
"jenkinsci/pipeline-graph-view-plugin/1345","timja","2026-06"
"jenkinsci/bitbucket-push-and-pull-request-plugin/389","cdelmonte-zg","2026-06"
"jenkinsci/bitbucket-push-and-pull-request-plugin/389","aaronwalker","2026-07"
"jenkinsci/bitbucket-push-and-pull-request-plugin/389","aaronwalker","2026-07"
"jenkinsci/bitbucket-push-and-pull-request-plugin/389","cdelmonte-zg","2026-07"
"jenkinsci/bitbucket-push-and-pull-request-plugin/389","cdelmonte-zg","2026-06"
"jenkinsci/bitbucket-push-and-pull-request-plugin/389","cdelmonte-zg","2026-07"
"jenkinsci/yet-another-build-visualizer-plugin/41","mawinter69","2026-06"
"jenkinsci/email-ext-plugin/1591","slide","2026-06"
"jenkinsci/email-ext-plugin/1591","akash-manna-sky","2026-07"
"jenkinsci/email-ext-plugin/1591","slide","2026-06"
"jenkinsci/email-ext-plugin/1591","slide","2026-06"
"jenkinsci/email-ext-plugin/1591","slide","2026-06"
"jenkinsci/email-ext-plugin/1591","slide","2026-06"
"jenkinsci/email-ext-plugin/1591","slide","2026-06"
"jenkinsci/email-ext-plugin/1591","akash-manna-sky","2026-07"
"jenkinsci/email-ext-plugin/1591","akash-manna-sky","2026-07"
"jenkinsci/email-ext-plugin/1591","akash-manna-sky","2026-07"
"jenkinsci/email-ext-plugin/1591","akash-manna-sky","2026-07"
"jenkinsci/kubernetes-plugin/2844","nikhils-2","2026-07"
"jenkinsci/kubernetes-plugin/2844","jglick","2026-07"
"jenkinsci/kubernetes-plugin/2844","jglick","2026-07"
"jenkinsci/blackduck-security-scan-plugin/103","zaman-akib","2026-06"
"jenkinsci/blackduck-security-scan-plugin/103","zaman-akib","2026-06"
"jenkinsci/blackduck-security-scan-plugin/103","zaman-akib","2026-06"
"jenkinsci/blackduck-security-scan-plugin/103","zaman-akib","2026-06"
"jenkinsci/jenkins/26960","s3onghyun","2026-06"
"jenkinsci/jenkins/26960","MarkEWaite","2026-06"
"jenkinsci/jenkins/26956","MarkEWaite","2026-06"
"jenkinsci/jenkins/26955","s3onghyun","2026-06"
"jenkinsci/jenkins/26955","MarkEWaite","2026-06"
"jenkinsci/workflow-cps-plugin/1794","panicking","2026-07"
"jenkinsci/workflow-cps-plugin/1794","jglick","2026-07"
"jenkinsci/workflow-cps-plugin/1794","panicking","2026-08"
"jenkinsci/jenkins/26954","MarkEWaite","2026-06"
"jenkinsci/jenkins/26954","thswlsqls","2026-06"
"jenkinsci/jenkins/26954","daniel-beck","2026-06"
"jenkinsci/jenkins/26954","MarkEWaite","2026-06"
"jenkinsci/jenkins/26954","thswlsqls","2026-06"
"jenkinsci/jenkins/26954","MarkEWaite","2026-06"
"jenkinsci/jenkins/26954","thswlsqls","2026-06"
"jenkinsci/jenkins/26954","MarkEWaite","2026-06"
"jenkinsci/aqua-security-scanner-plugin/82","longhn0710","2026-08"
"jenkinsci/adoptopenjdk-plugin/135","HannesWell","2026-06"
"jenkinsci/adoptopenjdk-plugin/135","MarkEWaite","2026-06"
"jenkinsci/adoptopenjdk-plugin/135","HannesWell","2026-06"
"jenkinsci/adoptopenjdk-plugin/135","HannesWell","2026-07"
"jenkinsci/adoptopenjdk-plugin/135","HannesWell","2026-06"
"jenkinsci/adoptopenjdk-plugin/135","HannesWell","2026-06"
"jenkinsci/adoptopenjdk-plugin/135","HannesWell","2026-06"
"jenkinsci/email-ext-plugin/1589","slide","2026-06"
"jenkinsci/email-ext-plugin/1589","slide","2026-06"
"jenkinsci/email-ext-plugin/1589","Faheem12005","2026-06"
"jenkinsci/google-compute-engine-plugin/558","gbhat618","2026-06"
"jenkinsci/google-compute-engine-plugin/558","tweirtx","2026-06"
"jenkinsci/google-compute-engine-plugin/558","gbhat618","2026-06"
"jenkinsci/google-compute-engine-plugin/558","gbhat618","2026-06"
"jenkinsci/google-compute-engine-plugin/558","gbhat618","2026-06"
"jenkinsci/google-compute-engine-plugin/558","gbhat618","2026-06"
"jenkinsci/google-compute-engine-plugin/558","tweirtx","2026-06"
"jenkinsci/google-compute-engine-plugin/558","gbhat618","2026-06"
"jenkinsci/google-compute-engine-plugin/558","gbhat618","2026-06"
"jenkinsci/google-compute-engine-plugin/558","tweirtx","2026-06"
"jenkinsci/google-compute-engine-plugin/558","gbhat618","2026-06"
"jenkinsci/google-compute-engine-plugin/558","gbhat618","2026-06"
"jenkinsci/google-compute-engine-plugin/558","tweirtx","2026-06"
"jenkinsci/google-compute-engine-plugin/558","tweirtx","2026-07"
"jenkinsci/google-compute-engine-plugin/558","gbhat618","2026-07"
"jenkinsci/google-compute-engine-plugin/558","gbhat618","2026-07"
"jenkinsci/google-compute-engine-plugin/558","gbhat618","2026-07"
"jenkinsci/google-compute-engine-plugin/558","gbhat618","2026-07"
"jenkinsci/google-compute-engine-plugin/558","jglick","2026-07"
"jenkinsci/google-compute-engine-plugin/558","gbhat618","2026-07"
"jenkinsci/google-compute-engine-plugin/558","tweirtx","2026-07"
"jenkinsci/google-compute-engine-plugin/558","gbhat618","2026-07"
"jenkinsci/google-compute-engine-plugin/558","gbhat618","2026-07"
"jenkinsci/google-compute-engine-plugin/558","gbhat618","2026-07"
"jenkinsci/google-compute-engine-plugin/558","gbhat618","2026-06"
"jenkinsci/google-compute-engine-plugin/558","gbhat618","2026-06"
"jenkinsci/google-compute-engine-plugin/558","gbhat618","2026-06"
"jenkinsci/google-compute-engine-plugin/558","gbhat618","2026-06"
"jenkinsci/google-compute-engine-plugin/558","gbhat618","2026-06"
"jenkinsci/google-compute-engine-plugin/558","gbhat618","2026-06"
"jenkinsci/google-compute-engine-plugin/558","gbhat618","2026-06"
"jenkinsci/google-compute-engine-plugin/558","gbhat618","2026-06"
"jenkinsci/google-compute-engine-plugin/558","gbhat618","2026-06"
"jenkinsci/google-compute-engine-plugin/558","gbhat618","2026-06"
"jenkinsci/google-compute-engine-plugin/558","gbhat618","2026-06"
"jenkinsci/google-compute-engine-plugin/558","gbhat618","2026-06"
"jenkinsci/google-compute-engine-plugin/558","gbhat618","2026-06"
"jenkinsci/google-compute-engine-plugin/558","tweirtx","2026-06"
"jenkinsci/google-compute-engine-plugin/558","gbhat618","2026-06"
"jenkinsci/google-compute-engine-plugin/558","gbhat618","2026-06"
"jenkinsci/google-compute-engine-plugin/558","gbhat618","2026-06"
"jenkinsci/google-compute-engine-plugin/558","gbhat618","2026-06"
"jenkinsci/google-compute-engine-plugin/558","gbhat618","2026-06"
"jenkinsci/google-compute-engine-plugin/558","gbhat618","2026-06"
"jenkinsci/google-compute-engine-plugin/558","gbhat618","2026-06"
"jenkinsci/google-compute-engine-plugin/558","gbhat618","2026-06"
"jenkinsci/google-compute-engine-plugin/558","tweirtx","2026-06"
"jenkinsci/google-compute-engine-plugin/558","tweirtx","2026-06"
"jenkinsci/google-compute-engine-plugin/558","gbhat618","2026-06"
"jenkinsci/google-compute-engine-plugin/558","tweirtx","2026-06"
"jenkinsci/google-compute-engine-plugin/558","gbhat618","2026-06"
"jenkinsci/google-compute-engine-plugin/558","gbhat618","2026-06"
"jenkinsci/google-compute-engine-plugin/558","tweirtx","2026-06"
"jenkinsci/google-compute-engine-plugin/558","gbhat618","2026-07"
"jenkinsci/google-compute-engine-plugin/558","gbhat618","2026-07"
"jenkinsci/google-compute-engine-plugin/558","gbhat618","2026-07"
"jenkinsci/google-compute-engine-plugin/558","gbhat618","2026-07"
"jenkinsci/google-compute-engine-plugin/558","gbhat618","2026-07"
"jenkinsci/google-compute-engine-plugin/558","gbhat618","2026-07"
"jenkinsci/google-compute-engine-plugin/558","gbhat618","2026-07"
"jenkinsci/google-compute-engine-plugin/558","jtnord","2026-07"
"jenkinsci/google-compute-engine-plugin/558","gbhat618","2026-07"
"jenkinsci/google-compute-engine-plugin/558","gbhat618","2026-07"
"jenkinsci/google-compute-engine-plugin/558","gbhat618","2026-07"
"jenkinsci/google-compute-engine-plugin/558","gbhat618","2026-07"
"jenkinsci/google-compute-engine-plugin/558","gbhat618","2026-07"
"jenkinsci/google-compute-engine-plugin/558","gbhat618","2026-07"
"jenkinsci/google-compute-engine-plugin/558","gbhat618","2026-07"
"jenkinsci/google-compute-engine-plugin/558","gbhat618","2026-07"
"jenkinsci/google-compute-engine-plugin/558","gbhat618","2026-07"
"jenkinsci/google-compute-engine-plugin/558","gbhat618","2026-07"
"jenkinsci/google-compute-engine-plugin/558","gbhat618","2026-07"
"jenkinsci/email-ext-plugin/1588","slide","2026-06"
"jenkinsci/JenkinsPipelineUnit/771","juanpablo-santos","2026-06"
"jenkinsci/JenkinsPipelineUnit/771","lemeurherve","2026-06"
"jenkinsci/JenkinsPipelineUnit/771","juanpablo-santos","2026-06"
"jenkinsci/JenkinsPipelineUnit/771","juanpablo-santos","2026-06"
"jenkinsci/JenkinsPipelineUnit/771","nre-ableton","2026-06"
"jenkinsci/JenkinsPipelineUnit/771","juanpablo-santos","2026-06"
"jenkinsci/JenkinsPipelineUnit/771","juanpablo-santos","2026-06"
"jenkinsci/JenkinsPipelineUnit/771","nre-ableton","2026-06"
"jenkinsci/JenkinsPipelineUnit/771","nre-ableton","2026-06"
"jenkinsci/JenkinsPipelineUnit/771","nre-ableton","2026-06"
"jenkinsci/JenkinsPipelineUnit/771","nre-ableton","2026-06"
"jenkinsci/JenkinsPipelineUnit/771","nre-ableton","2026-06"
"jenkinsci/JenkinsPipelineUnit/771","nre-ableton","2026-06"
"jenkinsci/JenkinsPipelineUnit/771","nre-ableton","2026-06"
"jenkinsci/JenkinsPipelineUnit/771","juanpablo-santos","2026-06"
"jenkinsci/JenkinsPipelineUnit/771","juanpablo-santos","2026-06"
"jenkinsci/JenkinsPipelineUnit/771","juanpablo-santos","2026-06"
"jenkinsci/JenkinsPipelineUnit/771","nre-ableton","2026-06"
"jenkinsci/JenkinsPipelineUnit/771","juanpablo-santos","2026-06"
"jenkinsci/JenkinsPipelineUnit/771","nre-ableton","2026-06"
"jenkinsci/qualys-cs-plugin/66","Wotwotaki","2026-06"
"jenkinsci/adoptopenjdk-plugin/133","MarkEWaite","2026-06"
"jenkinsci/adoptopenjdk-plugin/133","HannesWell","2026-06"
"jenkinsci/adoptopenjdk-plugin/132","HannesWell","2026-06"
"jenkinsci/adoptopenjdk-plugin/132","MarkEWaite","2026-06"
"jenkinsci/adoptopenjdk-plugin/132","MarkEWaite","2026-06"
"jenkinsci/adoptopenjdk-plugin/132","MarkEWaite","2026-06"
"jenkinsci/adoptopenjdk-plugin/132","MarkEWaite","2026-06"
"jenkinsci/adoptopenjdk-plugin/132","MarkEWaite","2026-06"
"jenkinsci/adoptopenjdk-plugin/132","HannesWell","2026-06"
"jenkinsci/adoptopenjdk-plugin/132","HannesWell","2026-06"
"jenkinsci/adoptopenjdk-plugin/131","HannesWell","2026-06"
"jenkinsci/adoptopenjdk-plugin/131","HannesWell","2026-06"
"jenkinsci/adoptopenjdk-plugin/131","MarkEWaite","2026-06"
"jenkinsci/adoptopenjdk-plugin/131","HannesWell","2026-06"
"jenkinsci/adoptopenjdk-plugin/131","HannesWell","2026-06"
"jenkinsci/adoptopenjdk-plugin/131","HannesWell","2026-06"
"jenkinsci/adoptopenjdk-plugin/131","HannesWell","2026-06"
"jenkinsci/adoptopenjdk-plugin/131","MarkEWaite","2026-06"
"jenkinsci/adoptopenjdk-plugin/131","MarkEWaite","2026-06"
"jenkinsci/adoptopenjdk-plugin/131","MarkEWaite","2026-06"
"jenkinsci/adoptopenjdk-plugin/131","MarkEWaite","2026-06"
"jenkinsci/adoptopenjdk-plugin/131","MarkEWaite","2026-06"
"jenkinsci/acceptance-test-harness/2761","jtnord","2026-06"
"jenkinsci/acceptance-test-harness/2761","jtnord","2026-06"
"jenkinsci/acceptance-test-harness/2761","jtnord","2026-06"
"jenkinsci/acceptance-test-harness/2761","uhafner","2026-06"
"jenkinsci/jira-integration-plugin/18","markrekveld","2026-06"
"jenkinsci/warnings-ng-plugin/3375","uhafner","2026-06"
"jenkinsci/warnings-ng-plugin/3375","jtnord","2026-06"
"jenkinsci/warnings-ng-plugin/3375","jtnord","2026-06"
"jenkinsci/warnings-ng-plugin/3375","jtnord","2026-06"
"jenkinsci/warnings-ng-plugin/3375","uhafner","2026-06"
"jenkinsci/warnings-ng-plugin/3375","jtnord","2026-06"
"jenkinsci/warnings-ng-plugin/3375","jtnord","2026-06"
"jenkinsci/warnings-ng-plugin/3375","jtnord","2026-06"
"jenkinsci/smart-retry-plugin/2","donhui","2026-06"
"jenkinsci/acceptance-test-harness/2760","aneveux","2026-06"
"jenkinsci/acceptance-test-harness/2760","alecharp","2026-06"
"jenkinsci/acceptance-test-harness/2760","alecharp","2026-06"
"jenkinsci/acceptance-test-harness/2760","jtnord","2026-06"
"jenkinsci/acceptance-test-harness/2760","jglick","2026-06"
"jenkinsci/acceptance-test-harness/2760","jtnord","2026-06"
"jenkinsci/jenkins/26942","daniel-beck","2026-06"
"jenkinsci/jenkins/26941","daniel-beck","2026-06"
"jenkinsci/jenkins/26940","MarkEWaite","2026-06"
"jenkinsci/jenkins/26940","thswlsqls","2026-06"
"jenkinsci/jenkins/26939","daniel-beck","2026-06"
"jenkinsci/jenkins/26938","daniel-beck","2026-06"
"jenkinsci/git-forensics-plugin/1262","akash-manna-sky","2026-06"
"jenkinsci/git-forensics-plugin/1262","akash-manna-sky","2026-08"
"jenkinsci/jenkins/26937","krisstern","2026-06"
"jenkinsci/jenkins/26937","amarkdotdev","2026-06"
"jenkinsci/jenkins/26937","amarkdotdev","2026-06"
"jenkinsci/jenkins/26937","krisstern","2026-06"
"jenkinsci/jenkins/26937","amarkdotdev","2026-06"
"jenkinsci/jenkins/26937","krisstern","2026-06"
"jenkinsci/jenkins/26937","MarkEWaite","2026-06"
"jenkinsci/jenkins/26937","amarkdotdev","2026-06"
"jenkinsci/jenkins/26937","Nishant5454","2026-06"
"jenkinsci/jenkins/26937","MarkEWaite","2026-06"
"jenkinsci/resources-ai-chatbot-plugin/392","arjun-713","2026-06"
"jenkinsci/resources-ai-chatbot-plugin/392","berviantoleo","2026-06"
"jenkinsci/resources-ai-chatbot-plugin/392","cnu1812","2026-06"
"jenkinsci/resources-ai-chatbot-plugin/392","berviantoleo","2026-06"
"jenkinsci/resources-ai-chatbot-plugin/392","arjun-713","2026-06"
"jenkinsci/resources-ai-chatbot-plugin/392","cnu1812","2026-06"
"jenkinsci/resources-ai-chatbot-plugin/392","cnu1812","2026-06"
"jenkinsci/resources-ai-chatbot-plugin/392","arjun-713","2026-06"
"jenkinsci/resources-ai-chatbot-plugin/392","berviantoleo","2026-06"
"jenkinsci/resources-ai-chatbot-plugin/392","arjun-713","2026-06"
"jenkinsci/resources-ai-chatbot-plugin/392","berviantoleo","2026-06"
"jenkinsci/resources-ai-chatbot-plugin/392","berviantoleo","2026-06"
"jenkinsci/resources-ai-chatbot-plugin/392","arjun-713","2026-06"
"jenkinsci/resources-ai-chatbot-plugin/392","berviantoleo","2026-06"
"jenkinsci/resources-ai-chatbot-plugin/392","arjun-713","2026-06"
"jenkinsci/resources-ai-chatbot-plugin/392","berviantoleo","2026-06"
"jenkinsci/resources-ai-chatbot-plugin/392","arjun-713","2026-07"
"jenkinsci/resources-ai-chatbot-plugin/392","berviantoleo","2026-07"
"jenkinsci/resources-ai-chatbot-plugin/392","berviantoleo","2026-07"
"jenkinsci/resources-ai-chatbot-plugin/392","berviantoleo","2026-07"
"jenkinsci/resources-ai-chatbot-plugin/392","cnu1812","2026-06"
"jenkinsci/resources-ai-chatbot-plugin/392","berviantoleo","2026-06"
"jenkinsci/resources-ai-chatbot-plugin/392","berviantoleo","2026-06"
"jenkinsci/resources-ai-chatbot-plugin/392","berviantoleo","2026-06"
"jenkinsci/resources-ai-chatbot-plugin/392","arjun-713","2026-06"
"jenkinsci/resources-ai-chatbot-plugin/392","berviantoleo","2026-06"
"jenkinsci/resources-ai-chatbot-plugin/392","berviantoleo","2026-06"
"jenkinsci/resources-ai-chatbot-plugin/392","arjun-713","2026-06"
"jenkinsci/resources-ai-chatbot-plugin/392","berviantoleo","2026-06"
"jenkinsci/resources-ai-chatbot-plugin/392","arjun-713","2026-06"
"jenkinsci/auditflow-plugin/23","harryofficial","2026-06"
"jenkinsci/docker-plugin/1207","datGryphon","2026-07"
"jenkinsci/docker-plugin/1207","MarkEWaite","2026-07"
"jenkinsci/acceptance-test-harness/2759","alecharp","2026-06"
"jenkinsci/acceptance-test-harness/2759","alecharp","2026-06"
"jenkinsci/acceptance-test-harness/2759","jglick","2026-06"
"jenkinsci/acceptance-test-harness/2759","alecharp","2026-06"
"jenkinsci/acceptance-test-harness/2759","timja","2026-06"
"jenkinsci/acceptance-test-harness/2759","timja","2026-06"
"jenkinsci/acceptance-test-harness/2759","jglick","2026-06"
"jenkinsci/acceptance-test-harness/2759","jglick","2026-06"
"jenkinsci/pipeline-graph-view-plugin/1342","ite-jankl","2026-06"
"jenkinsci/pipeline-graph-view-plugin/1342","das7pad","2026-06"
"jenkinsci/pipeline-graph-view-plugin/1342","ite-jankl","2026-06"
"jenkinsci/pipeline-graph-view-plugin/1342","timja","2026-06"
"jenkinsci/adoptopenjdk-plugin/130","MarkEWaite","2026-06"
"jenkinsci/adoptopenjdk-plugin/130","HannesWell","2026-06"
"jenkinsci/adoptopenjdk-plugin/130","HannesWell","2026-06"
"jenkinsci/adoptopenjdk-plugin/130","MarkEWaite","2026-06"
"jenkinsci/adoptopenjdk-plugin/129","MarkEWaite","2026-06"
"jenkinsci/adoptopenjdk-plugin/129","MarkEWaite","2026-06"
"jenkinsci/git-plugin/3972","hadamrd","2026-06"
"jenkinsci/coverage-model/303","akash-manna-sky","2026-06"
"jenkinsci/coverage-model/303","uhafner","2026-06"
"jenkinsci/coverage-model/303","uhafner","2026-06"
"jenkinsci/coverage-model/303","uhafner","2026-06"
"jenkinsci/coverage-model/303","uhafner","2026-06"
"jenkinsci/coverage-model/303","akash-manna-sky","2026-06"
"jenkinsci/coverage-model/303","uhafner","2026-06"
"jenkinsci/explain-error-plugin/199","shenxianpeng","2026-06"
"jenkinsci/analysis-model/1535","KalleOlaviNiemitalo","2026-06"
"jenkinsci/analysis-model/1535","uhafner","2026-06"
"jenkinsci/analysis-model/1535","uhafner","2026-06"
"jenkinsci/analysis-model/1535","Dipanshusinghh","2026-06"
"jenkinsci/analysis-model/1535","uhafner","2026-06"
"jenkinsci/analysis-model/1535","uhafner","2026-08"
"jenkinsci/analysis-model/1535","Dipanshusinghh","2026-08"
"jenkinsci/analysis-model/1535","Dipanshusinghh","2026-08"
"jenkinsci/analysis-model/1535","Dipanshusinghh","2026-08"
"jenkinsci/analysis-model/1535","uhafner","2026-06"
"jenkinsci/analysis-model/1535","uhafner","2026-06"
"jenkinsci/analysis-model/1535","uhafner","2026-06"
"jenkinsci/analysis-model/1535","uhafner","2026-06"
"jenkinsci/analysis-model/1535","uhafner","2026-06"
"jenkinsci/analysis-model/1535","uhafner","2026-08"
"jenkinsci/analysis-model/1535","uhafner","2026-08"
"jenkinsci/analysis-model/1535","uhafner","2026-08"
"jenkinsci/analysis-model/1535","uhafner","2026-08"
"jenkinsci/analysis-model/1535","uhafner","2026-08"
"jenkinsci/github-plugin/794","nevingeorgesunny","2026-06"
"jenkinsci/github-plugin/794","aneveux","2026-06"
"jenkinsci/github-plugin/794","alecharp","2026-06"
"jenkinsci/pipeline-graph-view-plugin/1341","Aarav-Singh2007","2026-06"
"jenkinsci/pipeline-graph-view-plugin/1341","Aarav-Singh2007","2026-06"
"jenkinsci/pipeline-graph-view-plugin/1341","Aarav-Singh2007","2026-06"
"jenkinsci/pipeline-graph-view-plugin/1341","timja","2026-06"
"jenkinsci/pipeline-graph-view-plugin/1341","Aarav-Singh2007","2026-06"
"jenkinsci/pipeline-graph-view-plugin/1341","timja","2026-06"
"jenkinsci/pipeline-graph-view-plugin/1341","Aarav-Singh2007","2026-06"
"jenkinsci/pipeline-graph-view-plugin/1341","Aarav-Singh2007","2026-06"
"jenkinsci/pipeline-graph-view-plugin/1341","Aarav-Singh2007","2026-06"
"jenkinsci/pipeline-graph-view-plugin/1341","Aarav-Singh2007","2026-06"
"jenkinsci/pipeline-graph-view-plugin/1341","Aarav-Singh2007","2026-06"
"jenkinsci/pipeline-graph-view-plugin/1341","Aarav-Singh2007","2026-06"
"jenkinsci/pipeline-graph-view-plugin/1341","Aarav-Singh2007","2026-06"
"jenkinsci/pipeline-graph-view-plugin/1341","timja","2026-06"
"jenkinsci/pipeline-graph-view-plugin/1341","Aarav-Singh2007","2026-06"
"jenkinsci/pipeline-graph-view-plugin/1341","timja","2026-06"
"jenkinsci/pipeline-graph-view-plugin/1341","Aarav-Singh2007","2026-06"
"jenkinsci/pipeline-graph-view-plugin/1341","timja","2026-06"
"jenkinsci/jenkins/26933","mawinter69","2026-06"
"jenkinsci/jenkins/26933","mawinter69","2026-06"
"jenkinsci/jenkins/26933","mehtahet619","2026-06"
"jenkinsci/jenkins/26933","mawinter69","2026-06"
"jenkinsci/jenkins/26933","mawinter69","2026-06"
"jenkinsci/jenkins/26933","mawinter69","2026-06"
"jenkinsci/jenkins/26933","MarkEWaite","2026-06"
"jenkinsci/lockable-resources-plugin/1055","kohtaro-satoh","2026-06"
"jenkinsci/lockable-resources-plugin/1055","mPokornyETM","2026-06"
"jenkinsci/lockable-resources-plugin/1055","mPokornyETM","2026-07"
"jenkinsci/lockable-resources-plugin/1055","kohtaro-satoh","2026-07"
"jenkinsci/lockable-resources-plugin/1055","mPokornyETM","2026-07"
"jenkinsci/lockable-resources-plugin/1055","mPokornyETM","2026-07"
"jenkinsci/lockable-resources-plugin/1055","kohtaro-satoh","2026-07"
"jenkinsci/lockable-resources-plugin/1055","kohtaro-satoh","2026-08"
"jenkinsci/lockable-resources-plugin/1055","kohtaro-satoh","2026-06"
"jenkinsci/lockable-resources-plugin/1055","kohtaro-satoh","2026-06"
"jenkinsci/lockable-resources-plugin/1055","kohtaro-satoh","2026-06"
"jenkinsci/lockable-resources-plugin/1055","kohtaro-satoh","2026-06"
"jenkinsci/lockable-resources-plugin/1055","mPokornyETM","2026-08"
"jenkinsci/user-guide-ai-chatbot-plugin/3","shivaylamba","2026-06"
"jenkinsci/user-guide-ai-chatbot-plugin/3","chiruu12","2026-06"
"jenkinsci/user-guide-ai-chatbot-plugin/3","chiruu12","2026-06"
"jenkinsci/user-guide-ai-chatbot-plugin/3","krisstern","2026-07"
"jenkinsci/user-guide-ai-chatbot-plugin/3","krisstern","2026-07"
"jenkinsci/user-guide-ai-chatbot-plugin/3","krisstern","2026-07"
"jenkinsci/user-guide-ai-chatbot-plugin/3","krisstern","2026-07"
"jenkinsci/user-guide-ai-chatbot-plugin/3","krisstern","2026-07"
"jenkinsci/user-guide-ai-chatbot-plugin/3","krisstern","2026-07"
"jenkinsci/user-guide-ai-chatbot-plugin/3","chiruu12","2026-07"
"jenkinsci/user-guide-ai-chatbot-plugin/3","chiruu12","2026-07"
"jenkinsci/user-guide-ai-chatbot-plugin/3","chiruu12","2026-07"
"jenkinsci/user-guide-ai-chatbot-plugin/3","chiruu12","2026-07"
"jenkinsci/user-guide-ai-chatbot-plugin/3","thatsdc","2026-07"
"jenkinsci/user-guide-ai-chatbot-plugin/3","thatsdc","2026-07"
"jenkinsci/analysis-model/1533","akash-manna-sky","2026-06"
"jenkinsci/analysis-model/1533","uhafner","2026-06"
"jenkinsci/analysis-model/1533","uhafner","2026-06"
"jenkinsci/auditflow-plugin/22","Aarav-Singh2007","2026-06"
"jenkinsci/auditflow-plugin/22","Aarav-Singh2007","2026-06"
"jenkinsci/acceptance-test-harness/2758","MarkEWaite","2026-06"
"jenkinsci/acceptance-test-harness/2758","MarkEWaite","2026-06"
"jenkinsci/acceptance-test-harness/2758","MarkEWaite","2026-06"
"jenkinsci/acceptance-test-harness/2758","MarkEWaite","2026-06"
"jenkinsci/bom/6962","MarkEWaite","2026-06"
"jenkinsci/jenkins/26930","MarkEWaite","2026-06"
"jenkinsci/jenkins/26930","MarkEWaite","2026-06"
"jenkinsci/jenkins/26930","MarkEWaite","2026-06"
"jenkinsci/jenkins/26930","MarkEWaite","2026-06"
"jenkinsci/jenkins/26930","MarkEWaite","2026-06"
"jenkinsci/docker/2374","MarkEWaite","2026-06"
"jenkinsci/auditflow-plugin/20","Aarav-Singh2007","2026-06"
"jenkinsci/jwt-auth-filter-plugin/28","cpfeiffer","2026-06"
"jenkinsci/bom/6959","dduportal","2026-06"
"jenkinsci/lockable-resources-plugin/1054","arnoxit","2026-06"
"jenkinsci/lockable-resources-plugin/1054","mPokornyETM","2026-06"
"jenkinsci/lockable-resources-plugin/1054","mPokornyETM","2026-07"
"jenkinsci/pipeline-graph-view-plugin/1334","das7pad","2026-06"
"jenkinsci/pipeline-graph-view-plugin/1334","timja","2026-06"
"jenkinsci/oic-auth-plugin/763","jglick","2026-07"
"jenkinsci/oic-auth-plugin/763","jtnord","2026-07"
"jenkinsci/bootstrap5-api-plugin/521","uhafner","2026-06"
"jenkinsci/warnings-ng-plugin/3370","uhafner","2026-06"
"jenkinsci/warnings-ng-plugin/3370","akash-manna-sky","2026-06"
"jenkinsci/warnings-ng-plugin/3370","akash-manna-sky","2026-06"
"jenkinsci/warnings-ng-plugin/3370","akash-manna-sky","2026-06"
"jenkinsci/warnings-ng-plugin/3370","uhafner","2026-06"
"jenkinsci/warnings-ng-plugin/3370","uhafner","2026-06"
"jenkinsci/warnings-ng-plugin/3370","uhafner","2026-06"
"jenkinsci/warnings-ng-plugin/3370","uhafner","2026-06"
"jenkinsci/warnings-ng-plugin/3370","uhafner","2026-06"
"jenkinsci/warnings-ng-plugin/3370","uhafner","2026-06"
"jenkinsci/analysis-model/1532","akash-manna-sky","2026-06"
"jenkinsci/analysis-model/1532","uhafner","2026-06"
"jenkinsci/google-compute-engine-plugin/555","gbhat618","2026-06"
"jenkinsci/google-compute-engine-plugin/555","suchitrak","2026-06"
"jenkinsci/google-compute-engine-plugin/555","gbhat618","2026-06"
"jenkinsci/google-compute-engine-plugin/555","gbhat618","2026-06"
"jenkinsci/google-compute-engine-plugin/555","gbhat618","2026-06"
"jenkinsci/google-compute-engine-plugin/555","gbhat618","2026-06"
"jenkinsci/google-compute-engine-plugin/555","gbhat618","2026-06"
"jenkinsci/google-compute-engine-plugin/555","gbhat618","2026-06"
"jenkinsci/google-compute-engine-plugin/555","gbhat618","2026-06"
"jenkinsci/google-compute-engine-plugin/555","gbhat618","2026-06"
"jenkinsci/google-compute-engine-plugin/555","gbhat618","2026-06"
"jenkinsci/google-compute-engine-plugin/555","gbhat618","2026-06"
"jenkinsci/google-compute-engine-plugin/555","gbhat618","2026-06"
"jenkinsci/google-compute-engine-plugin/555","gbhat618","2026-06"
"jenkinsci/google-compute-engine-plugin/555","gbhat618","2026-06"
"jenkinsci/google-compute-engine-plugin/555","gbhat618","2026-06"
"jenkinsci/google-compute-engine-plugin/555","jtnord","2026-06"
"jenkinsci/google-compute-engine-plugin/555","gbhat618","2026-06"
"jenkinsci/google-compute-engine-plugin/555","gbhat618","2026-06"
"jenkinsci/google-compute-engine-plugin/555","gbhat618","2026-06"
"jenkinsci/google-compute-engine-plugin/555","gbhat618","2026-06"
"jenkinsci/google-compute-engine-plugin/555","gbhat618","2026-06"
"jenkinsci/google-compute-engine-plugin/555","gbhat618","2026-06"
"jenkinsci/google-compute-engine-plugin/555","gbhat618","2026-06"
"jenkinsci/google-compute-engine-plugin/555","gbhat618","2026-06"
"jenkinsci/google-compute-engine-plugin/555","gbhat618","2026-06"
"jenkinsci/google-compute-engine-plugin/555","gbhat618","2026-06"
"jenkinsci/google-compute-engine-plugin/555","gbhat618","2026-06"
"jenkinsci/google-compute-engine-plugin/555","gbhat618","2026-06"
"jenkinsci/google-compute-engine-plugin/555","gbhat618","2026-06"
"jenkinsci/google-compute-engine-plugin/555","gbhat618","2026-06"
"jenkinsci/google-compute-engine-plugin/555","gbhat618","2026-06"
"jenkinsci/google-compute-engine-plugin/555","gbhat618","2026-06"
"jenkinsci/google-compute-engine-plugin/555","gbhat618","2026-06"
"jenkinsci/google-compute-engine-plugin/555","gbhat618","2026-06"
"jenkinsci/google-compute-engine-plugin/555","gbhat618","2026-06"
"jenkinsci/google-compute-engine-plugin/555","gbhat618","2026-06"
"jenkinsci/google-compute-engine-plugin/555","gbhat618","2026-06"
"jenkinsci/google-compute-engine-plugin/555","gbhat618","2026-06"
"jenkinsci/google-compute-engine-plugin/555","gbhat618","2026-06"
"jenkinsci/google-compute-engine-plugin/555","gbhat618","2026-06"
"jenkinsci/google-compute-engine-plugin/555","gbhat618","2026-06"
"jenkinsci/google-compute-engine-plugin/555","gbhat618","2026-06"
"jenkinsci/google-compute-engine-plugin/555","gbhat618","2026-06"
"jenkinsci/google-compute-engine-plugin/555","gbhat618","2026-06"
"jenkinsci/google-compute-engine-plugin/555","jtnord","2026-06"
"jenkinsci/google-compute-engine-plugin/555","gbhat618","2026-06"
"jenkinsci/google-compute-engine-plugin/555","gbhat618","2026-06"
"jenkinsci/google-compute-engine-plugin/555","gbhat618","2026-06"
"jenkinsci/google-compute-engine-plugin/555","gbhat618","2026-06"
"jenkinsci/google-compute-engine-plugin/555","gbhat618","2026-06"
"jenkinsci/google-compute-engine-plugin/555","mikecirioli","2026-06"
"jenkinsci/google-compute-engine-plugin/555","mikecirioli","2026-06"
"jenkinsci/google-compute-engine-plugin/555","mikecirioli","2026-06"
"jenkinsci/google-compute-engine-plugin/555","mikecirioli","2026-06"
"jenkinsci/google-compute-engine-plugin/555","gbhat618","2026-06"
"jenkinsci/google-compute-engine-plugin/555","gbhat618","2026-06"
"jenkinsci/google-compute-engine-plugin/555","gbhat618","2026-06"
"jenkinsci/google-compute-engine-plugin/555","gbhat618","2026-06"
"jenkinsci/google-compute-engine-plugin/555","gbhat618","2026-06"
"jenkinsci/google-compute-engine-plugin/555","gbhat618","2026-06"
"jenkinsci/google-compute-engine-plugin/555","jtnord","2026-06"
"jenkinsci/google-compute-engine-plugin/555","jtnord","2026-06"
"jenkinsci/google-compute-engine-plugin/555","gbhat618","2026-06"
"jenkinsci/google-compute-engine-plugin/555","gbhat618","2026-06"
"jenkinsci/google-compute-engine-plugin/555","jtnord","2026-06"
"jenkinsci/google-compute-engine-plugin/555","gbhat618","2026-06"
"jenkinsci/google-compute-engine-plugin/555","jtnord","2026-06"
"jenkinsci/google-compute-engine-plugin/555","gbhat618","2026-06"
"jenkinsci/google-compute-engine-plugin/555","gbhat618","2026-06"
"jenkinsci/google-compute-engine-plugin/555","gbhat618","2026-06"
"jenkinsci/google-compute-engine-plugin/555","gbhat618","2026-06"
"jenkinsci/google-compute-engine-plugin/555","gbhat618","2026-06"
"jenkinsci/google-compute-engine-plugin/555","jtnord","2026-06"
"jenkinsci/google-compute-engine-plugin/555","jtnord","2026-06"
"jenkinsci/google-compute-engine-plugin/555","gbhat618","2026-06"
"jenkinsci/cloudbees-jenkins-advisor-plugin/242","alecharp","2026-06"
"jenkinsci/cloudbees-jenkins-advisor-plugin/242","PierreBtz","2026-06"
"jenkinsci/jenkins/26925","MarkEWaite","2026-06"
"jenkinsci/jenkins/26925","Piyush0049","2026-06"
"jenkinsci/jenkins/26924","Piyush0049","2026-06"
"jenkinsci/jenkins/26924","MarkEWaite","2026-06"
"jenkinsci/docker/2370","lemeurherve","2026-06"
"jenkinsci/jenkins/26923","Anexus5919","2026-06"
"jenkinsci/jenkins/26923","Anexus5919","2026-06"
"jenkinsci/jenkins/26923","Anexus5919","2026-08"
"jenkinsci/jenkins/26923","timja","2026-06"
"jenkinsci/anka-build-plugin/65","arturmelanchyk","2026-06"
"jenkinsci/docker/2369","dduportal","2026-06"
"jenkinsci/jenkins/26922","Anexus5919","2026-06"
"jenkinsci/jenkins/26922","Anexus5919","2026-07"
"jenkinsci/jenkins/26922","timja","2026-06"
"jenkinsci/jenkins/26922","Anexus5919","2026-06"
"jenkinsci/build-monitor-plugin/1279","CJCombrink","2026-06"
"jenkinsci/build-monitor-plugin/1279","janfaracik","2026-06"
"jenkinsci/build-monitor-plugin/1279","timja","2026-06"
"jenkinsci/build-monitor-plugin/1279","david-jennings","2026-06"
"jenkinsci/build-monitor-plugin/1279","eliasbalasis","2026-06"
"jenkinsci/build-monitor-plugin/1279","FriedrichKiesel","2026-06"
"jenkinsci/build-monitor-plugin/1279","eliasbalasis","2026-06"
"jenkinsci/build-monitor-plugin/1279","FriedrichKiesel","2026-06"
"jenkinsci/build-monitor-plugin/1279","bretrzaun","2026-07"
"jenkinsci/build-monitor-plugin/1279","janfaracik","2026-07"
"jenkinsci/build-monitor-plugin/1279","eliasbalasis","2026-07"
"jenkinsci/build-monitor-plugin/1279","bretrzaun","2026-07"
"jenkinsci/config-file-provider-plugin/436","aneveux","2026-06"
"jenkinsci/config-file-provider-plugin/436","alecharp","2026-06"
"jenkinsci/config-file-provider-plugin/436","jtnord","2026-06"
"jenkinsci/config-file-provider-plugin/436","aneveux","2026-06"
"jenkinsci/config-file-provider-plugin/436","alecharp","2026-06"
"jenkinsci/config-file-provider-plugin/436","alecharp","2026-06"
"jenkinsci/config-file-provider-plugin/436","alecharp","2026-06"
"jenkinsci/config-file-provider-plugin/436","aneveux","2026-06"
"jenkinsci/config-file-provider-plugin/436","alecharp","2026-06"
"jenkinsci/config-file-provider-plugin/436","aneveux","2026-06"
"jenkinsci/config-file-provider-plugin/436","alecharp","2026-06"
"jenkinsci/ansible-tower-plugin/35","longhn0710","2026-06"
"jenkinsci/ansible-tower-plugin/35","micr0zz","2026-06"
"jenkinsci/ansible-tower-plugin/35","longhn0710","2026-06"
"jenkinsci/ansible-tower-plugin/35","longhn0710","2026-06"
"jenkinsci/ansible-tower-plugin/35","longhn0710","2026-06"
"jenkinsci/warnings-ng-plugin/3354","esatterwhite","2026-06"
"jenkinsci/warnings-ng-plugin/3354","esatterwhite","2026-06"
"jenkinsci/warnings-ng-plugin/3354","uhafner","2026-06"
"jenkinsci/warnings-ng-plugin/3354","esatterwhite","2026-07"
"jenkinsci/warnings-ng-plugin/3354","timja","2026-07"
"jenkinsci/warnings-ng-plugin/3354","uhafner","2026-07"
"jenkinsci/warnings-ng-plugin/3354","uhafner","2026-08"
"jenkinsci/warnings-ng-plugin/3354","esatterwhite","2026-06"
"jenkinsci/warnings-ng-plugin/3354","esatterwhite","2026-06"
"jenkinsci/warnings-ng-plugin/3354","esatterwhite","2026-06"
"jenkinsci/warnings-ng-plugin/3354","esatterwhite","2026-06"
"jenkinsci/warnings-ng-plugin/3354","uhafner","2026-06"
"jenkinsci/warnings-ng-plugin/3354","uhafner","2026-06"
"jenkinsci/warnings-ng-plugin/3354","uhafner","2026-06"
"jenkinsci/jenkins/26918","daniel-beck","2026-06"
"jenkinsci/jenkins/26918","MarkEWaite","2026-07"
"jenkinsci/jenkins/26918","daniel-beck","2026-06"
"jenkinsci/jenkins/26918","MarkEWaite","2026-07"
"jenkinsci/acceptance-test-harness/2755","MarkEWaite","2026-06"
"jenkinsci/google-compute-engine-plugin/554","gbhat618","2026-06"
"jenkinsci/google-compute-engine-plugin/554","gbhat618","2026-06"
"jenkinsci/google-compute-engine-plugin/554","gbhat618","2026-06"
"jenkinsci/google-compute-engine-plugin/554","gbhat618","2026-06"
"jenkinsci/google-compute-engine-plugin/554","gbhat618","2026-06"
"jenkinsci/google-compute-engine-plugin/554","gbhat618","2026-06"
"jenkinsci/google-compute-engine-plugin/554","gbhat618","2026-06"
"jenkinsci/google-compute-engine-plugin/554","gbhat618","2026-06"
"jenkinsci/google-compute-engine-plugin/554","suchitrak","2026-06"
"jenkinsci/google-compute-engine-plugin/554","suchitrak","2026-06"
"jenkinsci/google-compute-engine-plugin/554","suchitrak","2026-06"
"jenkinsci/google-compute-engine-plugin/554","suchitrak","2026-06"
"jenkinsci/google-compute-engine-plugin/554","suchitrak","2026-06"
"jenkinsci/google-compute-engine-plugin/554","suchitrak","2026-06"
"jenkinsci/google-compute-engine-plugin/554","suchitrak","2026-06"
"jenkinsci/google-compute-engine-plugin/554","suchitrak","2026-06"
"jenkinsci/google-compute-engine-plugin/554","suchitrak","2026-06"
"jenkinsci/google-compute-engine-plugin/554","suchitrak","2026-06"
"jenkinsci/google-compute-engine-plugin/554","suchitrak","2026-06"
"jenkinsci/google-compute-engine-plugin/554","suchitrak","2026-06"
"jenkinsci/google-compute-engine-plugin/554","suchitrak","2026-06"
"jenkinsci/google-compute-engine-plugin/554","suchitrak","2026-06"
"jenkinsci/google-compute-engine-plugin/554","suchitrak","2026-06"
"jenkinsci/google-compute-engine-plugin/554","suchitrak","2026-06"
"jenkinsci/google-compute-engine-plugin/554","gbhat618","2026-06"
"jenkinsci/google-compute-engine-plugin/554","gbhat618","2026-06"
"jenkinsci/google-compute-engine-plugin/554","gbhat618","2026-06"
"jenkinsci/google-compute-engine-plugin/554","gbhat618","2026-06"
"jenkinsci/google-compute-engine-plugin/554","gbhat618","2026-06"
"jenkinsci/google-compute-engine-plugin/554","gbhat618","2026-06"
"jenkinsci/google-compute-engine-plugin/554","gbhat618","2026-06"
"jenkinsci/google-compute-engine-plugin/554","gbhat618","2026-06"
"jenkinsci/google-compute-engine-plugin/554","gbhat618","2026-06"
"jenkinsci/google-compute-engine-plugin/554","gbhat618","2026-06"
"jenkinsci/bom/6954","MarkEWaite","2026-06"
"jenkinsci/auditflow-plugin/16","Aarav-Singh2007","2026-06"
"jenkinsci/integrity-plugin/70","ravindra-deshmukh-ptc","2026-06"
"jenkinsci/email-ext-plugin/1586","Faheem12005","2026-06"
"jenkinsci/influxdb-plugin/195","matthias-00","2026-06"
"jenkinsci/influxdb-plugin/195","asimell","2026-06"
"jenkinsci/influxdb-plugin/195","matthias-00","2026-06"
"jenkinsci/influxdb-plugin/195","asimell","2026-07"
"jenkinsci/jenkins/26915","MarkEWaite","2026-06"
"jenkinsci/jenkins/26915","daniel-beck","2026-06"
"jenkinsci/jenkins/26915","MarkEWaite","2026-07"
"jenkinsci/jenkins/26915","daniel-beck","2026-06"
"jenkinsci/jenkins/26915","daniel-beck","2026-06"
"jenkinsci/jenkins/26915","MarkEWaite","2026-06"
"jenkinsci/jenkins/26915","oleg-nenashev","2026-07"
"jenkinsci/analysis-model/1531","akash-manna-sky","2026-06"
"jenkinsci/analysis-model/1531","uhafner","2026-06"
"jenkinsci/jenkins/26913","MarkEWaite","2026-06"
"jenkinsci/jenkins/26913","preetham-18-developer","2026-07"
"jenkinsci/jenkins/26913","timja","2026-07"
"jenkinsci/jenkins/26913","preetham-18-developer","2026-07"
"jenkinsci/jenkins/26913","janfaracik","2026-07"
"jenkinsci/jenkins/26913","janfaracik","2026-07"
"jenkinsci/jenkins/26913","MarkEWaite","2026-07"
"jenkinsci/jenkins/26913","MarkEWaite","2026-07"
"jenkinsci/jenkins/26912","lohitkolluri","2026-06"
"jenkinsci/jenkins/26912","MarkEWaite","2026-06"
"jenkinsci/jenkins/26908","MarkEWaite","2026-06"
"jenkinsci/jenkins/26908","MarkEWaite","2026-06"
"jenkinsci/jenkins/26908","MarkEWaite","2026-06"
"jenkinsci/jenkins/26907","daniel-beck","2026-06"
"jenkinsci/jenkins/26907","rajivranjan7","2026-06"
"jenkinsci/jenkins/26907","mawinter69","2026-06"
"jenkinsci/jenkins/26907","mawinter69","2026-06"
"jenkinsci/lockable-resources-plugin/1053","nefethael","2026-06"
"jenkinsci/explain-error-plugin/196","shenxianpeng","2026-06"
"jenkinsci/explain-error-plugin/196","shenxianpeng","2026-06"
"jenkinsci/explain-error-plugin/196","gitgryphon","2026-06"
"jenkinsci/explain-error-plugin/196","shenxianpeng","2026-06"
"jenkinsci/explain-error-plugin/196","shenxianpeng","2026-06"
"jenkinsci/JiraTestResultReporter-plugin/294","chcg","2026-06"
"jenkinsci/JiraTestResultReporter-plugin/294","chcg","2026-06"
"jenkinsci/badge-plugin/362","strangelookingnerd","2026-06"
"jenkinsci/badge-plugin/362","jimklimov","2026-06"
"jenkinsci/badge-plugin/362","jimklimov","2026-06"
"jenkinsci/badge-plugin/362","daniel-kraemer","2026-06"
"jenkinsci/active-directory-plugin/707","aneveux","2026-06"
"jenkinsci/active-directory-plugin/707","jtnord","2026-06"
"jenkinsci/active-directory-plugin/707","jtnord","2026-06"
"jenkinsci/active-directory-plugin/707","alecharp","2026-07"
"jenkinsci/active-directory-plugin/707","aneveux","2026-07"
"jenkinsci/active-directory-plugin/707","jtnord","2026-07"
"jenkinsci/active-directory-plugin/707","alecharp","2026-06"
"jenkinsci/acceptance-test-harness/2752","daniel-beck","2026-06"
"jenkinsci/anything-goes-formatter-plugin/28","mPokornyETM","2026-06"
"jenkinsci/holistic-plugin/2","Colere-Sys","2026-06"
"jenkinsci/auditflow-plugin/15","Aarav-Singh2007","2026-06"
"jenkinsci/secret-guard-plugin/30","donhui","2026-06"
"jenkinsci/jenkins/26905","gbhat618","2026-07"
"jenkinsci/jenkins/26905","MarkEWaite","2026-06"
"jenkinsci/jenkins/26905","MarkEWaite","2026-06"
"jenkinsci/jenkins/26905","gbhat618","2026-07"
"jenkinsci/jenkins/26905","daniel-beck","2026-07"
"jenkinsci/coverage-plugin/758","uhafner","2026-06"
"jenkinsci/coverage-plugin/758","akash-manna-sky","2026-06"
"jenkinsci/coverage-plugin/758","ViliusS","2026-06"
"jenkinsci/coverage-plugin/758","akash-manna-sky","2026-06"
"jenkinsci/email-ext-plugin/1585","slide","2026-06"
"jenkinsci/anything-goes-formatter-plugin/25","mPokornyETM","2026-06"
"jenkinsci/docker/2365","lemeurherve","2026-06"
"jenkinsci/analysis-model/1530","uhafner","2026-06"
"jenkinsci/audit-trail-plugin/191","PierreBtz","2026-06"
"jenkinsci/audit-trail-plugin/191","PierreBtz","2026-06"
"jenkinsci/audit-trail-plugin/191","PierreBtz","2026-06"
"jenkinsci/audit-trail-plugin/191","PierreBtz","2026-06"
"jenkinsci/audit-trail-plugin/191","njesper","2026-06"
"jenkinsci/jenkins/26900","timja","2026-06"
"jenkinsci/jenkins/26900","timja","2026-06"
"jenkinsci/acceptance-test-harness/2751","MarkEWaite","2026-06"
"jenkinsci/bom/6939","MarkEWaite","2026-06"
"jenkinsci/jenkins/26898","MarkEWaite","2026-06"
"jenkinsci/rest-list-parameter-plugin/262","matthieup","2026-06"
"jenkinsci/rest-list-parameter-plugin/262","mymarche","2026-06"
"jenkinsci/rest-list-parameter-plugin/262","adrienpaysant","2026-06"
"jenkinsci/bom/6935","jglick","2026-06"
"jenkinsci/bom/6935","jglick","2026-06"
"jenkinsci/bom/6935","jglick","2026-06"
"jenkinsci/bom/6935","jglick","2026-06"
"jenkinsci/bom/6935","jonesbusy","2026-06"
"jenkinsci/bom/6935","jonesbusy","2026-06"
"jenkinsci/bom/6935","jonesbusy","2026-06"
"jenkinsci/bom/6935","jglick","2026-06"
"jenkinsci/bom/6935","jglick","2026-06"
"jenkinsci/bom/6935","jglick","2026-06"
"jenkinsci/bom/6935","jglick","2026-06"
"jenkinsci/bom/6935","jonesbusy","2026-06"
"jenkinsci/bom/6935","jonesbusy","2026-06"
"jenkinsci/bom/6935","jglick","2026-06"
"jenkinsci/bom/6935","jglick","2026-06"
"jenkinsci/bom/6935","jonesbusy","2026-06"
"jenkinsci/bom/6935","jonesbusy","2026-06"
"jenkinsci/bom/6935","jglick","2026-06"
"jenkinsci/bom/6935","jonesbusy","2026-06"
"jenkinsci/bom/6935","jglick","2026-06"
"jenkinsci/jenkins/26895","dduportal","2026-06"
"jenkinsci/jenkins/26895","MarkEWaite","2026-06"
"jenkinsci/analysis-model/1529","uhafner","2026-06"
"jenkinsci/analysis-model/1529","akash-manna-sky","2026-06"
"jenkinsci/artifactory-artifact-manager-plugin/172","jonesbusy","2026-06"
"jenkinsci/blackduck-security-scan-plugin/100","jahid1209","2026-06"
"jenkinsci/blackduck-security-scan-plugin/100","jahid1209","2026-06"
"jenkinsci/blackduck-security-scan-plugin/100","zaman-akib","2026-06"
"jenkinsci/blackduck-security-scan-plugin/100","zaman-akib","2026-06"
"jenkinsci/mcp-server-plugin/193","bbartels","2026-06"
"jenkinsci/mcp-server-plugin/193","bbartels","2026-06"
"jenkinsci/mcp-server-plugin/193","olamy","2026-06"
"jenkinsci/mcp-server-plugin/193","olamy","2026-06"
"jenkinsci/mcp-server-plugin/193","olamy","2026-06"
"jenkinsci/google-compute-engine-plugin/552","gbhat618","2026-06"
"jenkinsci/google-compute-engine-plugin/552","jtnord","2026-06"
"jenkinsci/google-compute-engine-plugin/552","jtnord","2026-06"
"jenkinsci/jenkins/26893","das7pad","2026-06"
"jenkinsci/jenkins/26893","MarkEWaite","2026-06"
"jenkinsci/jenkins/26892","janfaracik","2026-06"
"jenkinsci/jenkins/26892","janfaracik","2026-06"
"jenkinsci/jobcacher-artifactory-storage-plugin/133","jonesbusy","2026-06"
"jenkinsci/artifactory-artifact-manager-plugin/168","jonesbusy","2026-06"
"jenkinsci/lockable-resources-plugin/1050","mPokornyETM","2026-06"
"jenkinsci/pipeline-graph-view-plugin/1321","timja","2026-06"
"jenkinsci/pipeline-graph-view-plugin/1319","timja","2026-06"
"jenkinsci/timestamper-plugin/531","MarkEWaite","2026-06"
"jenkinsci/timestamper-plugin/531","MarkEWaite","2026-06"
"jenkinsci/timestamper-plugin/531","MarkEWaite","2026-06"
"jenkinsci/timestamper-plugin/531","MarkEWaite","2026-06"
"jenkinsci/timestamper-plugin/531","MarkEWaite","2026-06"
"jenkinsci/timestamper-plugin/531","MarkEWaite","2026-06"
"jenkinsci/timestamper-plugin/531","MarkEWaite","2026-06"
"jenkinsci/timestamper-plugin/531","MarkEWaite","2026-06"
"jenkinsci/timestamper-plugin/531","MarkEWaite","2026-06"
"jenkinsci/coverage-model/299","akash-manna-sky","2026-06"
"jenkinsci/coverage-model/299","uhafner","2026-06"
"jenkinsci/coverage-model/299","uhafner","2026-06"
"jenkinsci/coverage-model/299","uhafner","2026-06"
"jenkinsci/coverage-model/299","uhafner","2026-06"
"jenkinsci/user-guide-ai-chatbot-plugin/2","thatsdc","2026-06"
"jenkinsci/user-guide-ai-chatbot-plugin/2","chiruu12","2026-06"
"jenkinsci/user-guide-ai-chatbot-plugin/2","krisstern","2026-06"
"jenkinsci/user-guide-ai-chatbot-plugin/2","shivaylamba","2026-06"
"jenkinsci/user-guide-ai-chatbot-plugin/2","shivaylamba","2026-06"
"jenkinsci/user-guide-ai-chatbot-plugin/2","chiruu12","2026-06"
"jenkinsci/user-guide-ai-chatbot-plugin/2","chiruu12","2026-06"
"jenkinsci/user-guide-ai-chatbot-plugin/2","krisstern","2026-06"
"jenkinsci/user-guide-ai-chatbot-plugin/2","thatsdc","2026-06"
"jenkinsci/user-guide-ai-chatbot-plugin/2","thatsdc","2026-06"
"jenkinsci/user-guide-ai-chatbot-plugin/2","krisstern","2026-06"
"jenkinsci/user-guide-ai-chatbot-plugin/2","krisstern","2026-06"
"jenkinsci/user-guide-ai-chatbot-plugin/2","krisstern","2026-06"
"jenkinsci/user-guide-ai-chatbot-plugin/2","krisstern","2026-06"
"jenkinsci/user-guide-ai-chatbot-plugin/2","krisstern","2026-06"
"jenkinsci/user-guide-ai-chatbot-plugin/2","krisstern","2026-06"
"jenkinsci/user-guide-ai-chatbot-plugin/2","krisstern","2026-06"
"jenkinsci/user-guide-ai-chatbot-plugin/2","krisstern","2026-06"
"jenkinsci/user-guide-ai-chatbot-plugin/2","krisstern","2026-06"
"jenkinsci/user-guide-ai-chatbot-plugin/2","krisstern","2026-06"
"jenkinsci/user-guide-ai-chatbot-plugin/2","krisstern","2026-06"
"jenkinsci/user-guide-ai-chatbot-plugin/2","krisstern","2026-06"
"jenkinsci/user-guide-ai-chatbot-plugin/2","krisstern","2026-06"
"jenkinsci/user-guide-ai-chatbot-plugin/2","krisstern","2026-06"
"jenkinsci/user-guide-ai-chatbot-plugin/2","krisstern","2026-06"
"jenkinsci/user-guide-ai-chatbot-plugin/2","krisstern","2026-06"
"jenkinsci/user-guide-ai-chatbot-plugin/2","krisstern","2026-06"
"jenkinsci/user-guide-ai-chatbot-plugin/2","krisstern","2026-06"
"jenkinsci/user-guide-ai-chatbot-plugin/2","krisstern","2026-06"
"jenkinsci/user-guide-ai-chatbot-plugin/2","krisstern","2026-06"
"jenkinsci/user-guide-ai-chatbot-plugin/2","krisstern","2026-06"
"jenkinsci/user-guide-ai-chatbot-plugin/2","krisstern","2026-06"
"jenkinsci/user-guide-ai-chatbot-plugin/2","krisstern","2026-06"
"jenkinsci/user-guide-ai-chatbot-plugin/2","krisstern","2026-06"
"jenkinsci/user-guide-ai-chatbot-plugin/2","krisstern","2026-06"
"jenkinsci/user-guide-ai-chatbot-plugin/2","krisstern","2026-06"
"jenkinsci/user-guide-ai-chatbot-plugin/2","krisstern","2026-06"
"jenkinsci/user-guide-ai-chatbot-plugin/2","krisstern","2026-06"
"jenkinsci/user-guide-ai-chatbot-plugin/2","thatsdc","2026-06"
"jenkinsci/user-guide-ai-chatbot-plugin/2","krisstern","2026-06"
"jenkinsci/user-guide-ai-chatbot-plugin/2","chiruu12","2026-06"
"jenkinsci/user-guide-ai-chatbot-plugin/2","krisstern","2026-06"
"jenkinsci/user-guide-ai-chatbot-plugin/2","krisstern","2026-06"
"jenkinsci/user-guide-ai-chatbot-plugin/2","krisstern","2026-06"
"jenkinsci/user-guide-ai-chatbot-plugin/2","krisstern","2026-06"
"jenkinsci/user-guide-ai-chatbot-plugin/2","krisstern","2026-06"
"jenkinsci/workflow-durable-task-step-plugin/624","VetleNeumann","2026-06"
"jenkinsci/workflow-durable-task-step-plugin/624","VetleNeumann","2026-06"
"jenkinsci/anything-goes-formatter-plugin/15","mPokornyETM","2026-06"
"jenkinsci/jenkinsfilelint/31","shenxianpeng","2026-06"
"jenkinsci/role-strategy-plugin/758","timja","2026-06"
"jenkinsci/role-strategy-plugin/758","timja","2026-07"
"jenkinsci/role-strategy-plugin/758","janfaracik","2026-07"
"jenkinsci/role-strategy-plugin/758","timja","2026-06"
"jenkinsci/role-strategy-plugin/758","timja","2026-06"
"jenkinsci/role-strategy-plugin/758","timja","2026-06"
"jenkinsci/role-strategy-plugin/758","timja","2026-06"
"jenkinsci/role-strategy-plugin/758","timja","2026-06"
"jenkinsci/role-strategy-plugin/758","mawinter69","2026-07"
"jenkinsci/role-strategy-plugin/758","mawinter69","2026-07"
"jenkinsci/role-strategy-plugin/758","mawinter69","2026-07"
"jenkinsci/coverage-plugin/756","akash-manna-sky","2026-06"
"jenkinsci/coverage-plugin/756","uhafner","2026-06"
"jenkinsci/jenkins/26884","Anexus5919","2026-06"
"jenkinsci/jenkins/26884","Anexus5919","2026-06"
"jenkinsci/jenkins/26884","timja","2026-06"
"jenkinsci/jenkins/26884","Anexus5919","2026-06"
"jenkinsci/jenkins/26884","timja","2026-06"
"jenkinsci/jenkins/26884","Anexus5919","2026-06"
"jenkinsci/jenkins/26884","Anexus5919","2026-06"
"jenkinsci/jenkins/26884","MarkEWaite","2026-06"
"jenkinsci/JiraTestResultReporter-plugin/290","MarkEWaite","2026-06"
"jenkinsci/JiraTestResultReporter-plugin/290","imonteroperez","2026-06"
"jenkinsci/google-compute-engine-plugin/551","mikecirioli","2026-06"
"jenkinsci/google-compute-engine-plugin/551","gbhat618","2026-06"
"jenkinsci/google-compute-engine-plugin/551","gbhat618","2026-06"
"jenkinsci/google-compute-engine-plugin/551","gbhat618","2026-06"
"jenkinsci/google-compute-engine-plugin/551","gbhat618","2026-06"
"jenkinsci/google-compute-engine-plugin/551","gbhat618","2026-06"
"jenkinsci/google-compute-engine-plugin/551","gbhat618","2026-06"
"jenkinsci/google-compute-engine-plugin/551","gbhat618","2026-06"
"jenkinsci/google-compute-engine-plugin/551","gbhat618","2026-06"
"jenkinsci/workflow-cps-plugin/1790","timja","2026-06"
"jenkinsci/workflow-cps-plugin/1790","janfaracik","2026-06"
"jenkinsci/acceptance-test-harness/2750","janfaracik","2026-07"
"jenkinsci/acceptance-test-harness/2750","timja","2026-07"
"jenkinsci/acceptance-test-harness/2750","timja","2026-07"
"jenkinsci/JiraTestResultReporter-plugin/288","imonteroperez","2026-06"
"jenkinsci/acceptance-test-harness/2749","jtnord","2026-06"
"jenkinsci/mcp-server-plugin/191","jglick","2026-06"
"jenkinsci/mcp-server-plugin/191","olamy","2026-06"
"jenkinsci/mcp-server-plugin/191","jglick","2026-06"
"jenkinsci/acceptance-test-harness/2748","janfaracik","2026-06"
"jenkinsci/acceptance-test-harness/2748","jtnord","2026-06"
"jenkinsci/acceptance-test-harness/2748","janfaracik","2026-07"
"jenkinsci/acceptance-test-harness/2748","jtnord","2026-07"
"jenkinsci/acceptance-test-harness/2748","jtnord","2026-06"
"jenkinsci/acceptance-test-harness/2748","jtnord","2026-06"
"jenkinsci/acceptance-test-harness/2748","jtnord","2026-06"
"jenkinsci/acceptance-test-harness/2748","jtnord","2026-06"
"jenkinsci/acceptance-test-harness/2748","jtnord","2026-06"
"jenkinsci/acceptance-test-harness/2748","jtnord","2026-06"
"jenkinsci/acceptance-test-harness/2748","jtnord","2026-06"
"jenkinsci/acceptance-test-harness/2748","jtnord","2026-06"
"jenkinsci/acceptance-test-harness/2748","jtnord","2026-06"
"jenkinsci/acceptance-test-harness/2748","jtnord","2026-06"
"jenkinsci/auditflow-plugin/10","harryofficial","2026-06"
"jenkinsci/auditflow-plugin/10","preetham-18-developer","2026-06"
"jenkinsci/jenkins/26883","jtnord","2026-06"
"jenkinsci/jenkins/26883","MarkEWaite","2026-06"
"jenkinsci/kubernetes-plugin/2841","wuhuizuo","2026-07"
"jenkinsci/kubernetes-plugin/2841","jglick","2026-07"
"jenkinsci/kubernetes-plugin/2841","jglick","2026-07"
"jenkinsci/kubernetes-plugin/2841","jglick","2026-07"
"jenkinsci/kubernetes-plugin/2841","jglick","2026-07"
"jenkinsci/kubernetes-plugin/2841","jglick","2026-07"
"jenkinsci/contrast-continuous-application-security-plugin/94","cgperez","2026-06"
"jenkinsci/job-config-history-plugin/614","StefanSpieker","2026-06"
"jenkinsci/configuration-as-code-plugin/2847","timja","2026-06"
"jenkinsci/configuration-as-code-plugin/2847","timja","2026-06"
"jenkinsci/jenkins/26880","MarkEWaite","2026-06"
"jenkinsci/jenkins/26880","jnowjack-lucidchart","2026-06"
"jenkinsci/email-ext-plugin/1584","slide","2026-06"
"jenkinsci/email-ext-plugin/1584","Aarav-Singh2007","2026-06"
"jenkinsci/email-ext-plugin/1584","Aarav-Singh2007","2026-06"
"jenkinsci/email-ext-plugin/1584","Aarav-Singh2007","2026-06"
"jenkinsci/report-generic-chart-column-plugin/10","RadekCap","2026-06"
"jenkinsci/report-generic-chart-column-plugin/10","RadekCap","2026-06"
"jenkinsci/report-generic-chart-column-plugin/10","RadekCap","2026-06"
"jenkinsci/report-generic-chart-column-plugin/10","RadekCap","2026-06"
"jenkinsci/report-generic-chart-column-plugin/10","judovana","2026-06"
"jenkinsci/report-generic-chart-column-plugin/10","judovana","2026-06"
"jenkinsci/report-generic-chart-column-plugin/10","judovana","2026-06"
"jenkinsci/report-generic-chart-column-plugin/10","judovana","2026-06"
"jenkinsci/report-generic-chart-column-plugin/10","RadekCap","2026-06"
"jenkinsci/report-generic-chart-column-plugin/10","RadekCap","2026-06"
"jenkinsci/report-generic-chart-column-plugin/10","judovana","2026-06"
"jenkinsci/matlab-plugin/50","mw-hrastega","2026-06"
"jenkinsci/matlab-plugin/50","mw-hrastega","2026-06"
"jenkinsci/matlab-plugin/50","mw-kapilg","2026-06"
"jenkinsci/matlab-plugin/50","mw-kapilg","2026-06"
"jenkinsci/matlab-plugin/50","mw-kapilg","2026-06"
"jenkinsci/matlab-plugin/50","mw-kapilg","2026-06"
"jenkinsci/matlab-plugin/50","mw-hrastega","2026-06"
"jenkinsci/matlab-plugin/50","mw-hrastega","2026-06"
"jenkinsci/matlab-plugin/50","mw-hrastega","2026-06"
"jenkinsci/matlab-plugin/50","mw-kapilg","2026-06"
"jenkinsci/acceptance-test-harness/2744","jtnord","2026-06"
"jenkinsci/acceptance-test-harness/2744","jtnord","2026-06"
"jenkinsci/acceptance-test-harness/2744","jtnord","2026-06"
"jenkinsci/acceptance-test-harness/2744","jtnord","2026-06"
"jenkinsci/acceptance-test-harness/2744","MarkEWaite","2026-06"
"jenkinsci/checkmarx-ast-scanner-plugin/430","cx-anurag-dalke","2026-06"
"jenkinsci/docker/2360","lemeurherve","2026-06"
"jenkinsci/JiraTestResultReporter-plugin/287","cathychan","2026-06"
"jenkinsci/JiraTestResultReporter-plugin/287","imonteroperez","2026-06"
"jenkinsci/JiraTestResultReporter-plugin/287","cathychan","2026-06"
"jenkinsci/JiraTestResultReporter-plugin/287","cathychan","2026-06"
"jenkinsci/JiraTestResultReporter-plugin/287","imonteroperez","2026-06"
"jenkinsci/coverage-plugin/755","akash-manna-sky","2026-06"
"jenkinsci/gitlab-plugin/1905","krisstern","2026-06"
"jenkinsci/timestamper-plugin/529","Sonaliparte","2026-06"
"jenkinsci/timestamper-plugin/529","MarkEWaite","2026-06"
"jenkinsci/timestamper-plugin/529","Sonaliparte","2026-06"
"jenkinsci/timestamper-plugin/529","MarkEWaite","2026-06"
"jenkinsci/timestamper-plugin/529","MarkEWaite","2026-06"
"jenkinsci/timestamper-plugin/529","MarkEWaite","2026-06"
"jenkinsci/timestamper-plugin/529","MarkEWaite","2026-06"
"jenkinsci/jenkins/26876","timja","2026-06"
"jenkinsci/jenkins/26876","jtnord","2026-06"
"jenkinsci/jenkins/26876","jtnord","2026-06"
"jenkinsci/git-plugin/3970","MarkEWaite","2026-06"
"jenkinsci/git-plugin/3970","MarkEWaite","2026-06"
"jenkinsci/git-plugin/3970","TobiLabu","2026-06"
"jenkinsci/editor-search-plugin/2","amarkdotdev","2026-06"
"jenkinsci/editor-search-plugin/2","Eccenux","2026-06"
"jenkinsci/jenkins/26874","MarkEWaite","2026-06"
"jenkinsci/hashicorp-vault-plugin/370","jetersen","2026-06"
"jenkinsci/hashicorp-vault-plugin/370","jetersen","2026-06"
"jenkinsci/hashicorp-vault-plugin/370","conf","2026-06"
"jenkinsci/hashicorp-vault-plugin/370","conf","2026-06"
"jenkinsci/hashicorp-vault-plugin/370","conf","2026-06"
"jenkinsci/hashicorp-vault-plugin/370","jetersen","2026-06"
"jenkinsci/pipeline-graph-view-plugin/1317","janfaracik","2026-06"
"jenkinsci/pipeline-graph-view-plugin/1317","janfaracik","2026-06"
"jenkinsci/explain-error-plugin/191","lemeurherve","2026-08"
"jenkinsci/explain-error-plugin/191","timja","2026-08"
"jenkinsci/workflow-api-plugin/520","das7pad","2026-06"
"jenkinsci/workflow-api-plugin/520","das7pad","2026-06"
"jenkinsci/workflow-api-plugin/520","jglick","2026-06"
"jenkinsci/workflow-api-plugin/520","das7pad","2026-06"
"jenkinsci/workflow-api-plugin/520","das7pad","2026-06"
"jenkinsci/jenkins/26871","MarkEWaite","2026-06"
"jenkinsci/durable-task-plugin/565","timja","2026-07"
"jenkinsci/oauth-credentials-plugin/46","MarkEWaite","2026-06"
"jenkinsci/report-jtreg-plugin/52","judovana","2026-06"
"jenkinsci/report-jtreg-plugin/52","judovana","2026-06"
"jenkinsci/acceptance-test-harness/2739","jtnord","2026-06"
"jenkinsci/acceptance-test-harness/2738","jtnord","2026-06"
"jenkinsci/acceptance-test-harness/2738","jtnord","2026-06"
"jenkinsci/acceptance-test-harness/2738","jtnord","2026-06"
"jenkinsci/acceptance-test-harness/2738","jtnord","2026-06"
"jenkinsci/bom/6894","MarkEWaite","2026-06"
"jenkinsci/acceptance-test-harness/2737","MarkEWaite","2026-06"
"jenkinsci/jenkins/26870","MarkEWaite","2026-06"
"jenkinsci/jenkins/26868","MarkEWaite","2026-06"
"jenkinsci/jenkins/26868","MarkEWaite","2026-06"
"jenkinsci/gitlab-plugin/1902","krisstern","2026-06"
"jenkinsci/docker/2357","Shreyashxredhat","2026-06"
"jenkinsci/docker/2357","lemeurherve","2026-06"
"jenkinsci/docker/2357","Shreyashxredhat","2026-06"
"jenkinsci/docker/2357","Shreyashxredhat","2026-06"
"jenkinsci/docker/2357","hvdbrand","2026-06"
"jenkinsci/docker/2357","Shreyashxredhat","2026-06"
"jenkinsci/docker/2357","dduportal","2026-06"
"jenkinsci/docker/2357","dduportal","2026-06"
"jenkinsci/docker/2357","Shreyashxredhat","2026-06"
"jenkinsci/blackduck-security-scan-plugin/98","ashahrior","2026-06"
"jenkinsci/blackduck-security-scan-plugin/98","jahid1209","2026-06"
"jenkinsci/jenkinsfilelint/24","codecov-commenter","2026-06"
"jenkinsci/bom/6890","dduportal","2026-06"
"jenkinsci/auditflow-plugin/7","Aarav-Singh2007","2026-06"
"jenkinsci/auditflow-plugin/7","Aarav-Singh2007","2026-06"
"jenkinsci/auditflow-plugin/7","harryofficial","2026-06"
"jenkinsci/auditflow-plugin/7","Aarav-Singh2007","2026-06"
"jenkinsci/auditflow-plugin/7","harryofficial","2026-06"
"jenkinsci/gitlab-plugin/1901","krisstern","2026-06"
"jenkinsci/pipeline-groovy-lib-plugin/235","jglick","2026-06"
"jenkinsci/license-maven-plugin/139","jglick","2026-06"
"jenkinsci/license-maven-plugin/139","MarkEWaite","2026-06"
"jenkinsci/license-maven-plugin/139","jglick","2026-06"
"jenkinsci/license-maven-plugin/139","MarkEWaite","2026-06"
"jenkinsci/license-maven-plugin/139","MarkEWaite","2026-06"
"jenkinsci/license-maven-plugin/139","jglick","2026-06"
"jenkinsci/auditflow-plugin/5","Aarav-Singh2007","2026-06"
"jenkinsci/auditflow-plugin/5","Aarav-Singh2007","2026-06"
"jenkinsci/auditflow-plugin/5","harryofficial","2026-06"
"jenkinsci/auditflow-plugin/5","harryofficial","2026-06"
"jenkinsci/pipeline-groovy-lib-plugin/234","jglick","2026-06"
"jenkinsci/pipeline-groovy-lib-plugin/234","jglick","2026-06"
"jenkinsci/pipeline-groovy-lib-plugin/234","RanjitCS","2026-06"
"jenkinsci/pipeline-groovy-lib-plugin/234","apuig","2026-06"
"jenkinsci/pipeline-groovy-lib-plugin/234","jglick","2026-06"
"jenkinsci/pipeline-groovy-lib-plugin/234","jglick","2026-06"
"jenkinsci/pipeline-groovy-lib-plugin/234","jglick","2026-06"
"jenkinsci/pipeline-groovy-lib-plugin/234","jglick","2026-06"
"jenkinsci/pipeline-groovy-lib-plugin/234","mikecirioli","2026-06"
"jenkinsci/auditflow-plugin/4","harryofficial","2026-06"
"jenkinsci/jenkins/26864","MarkEWaite","2026-06"
"jenkinsci/github-plugin/793","jglick","2026-06"
"jenkinsci/github-plugin/793","jglick","2026-06"
"jenkinsci/github-plugin/793","nevingeorgesunny","2026-06"
"jenkinsci/github-plugin/793","nevingeorgesunny","2026-06"
"jenkinsci/github-plugin/793","nevingeorgesunny","2026-06"
"jenkinsci/github-plugin/793","jglick","2026-06"
"jenkinsci/github-plugin/793","jtnord","2026-06"
"jenkinsci/github-plugin/793","jglick","2026-06"
"jenkinsci/github-plugin/793","jglick","2026-06"
"jenkinsci/github-plugin/793","jglick","2026-06"
"jenkinsci/github-plugin/793","jglick","2026-06"
"jenkinsci/github-plugin/793","nevingeorgesunny","2026-06"
"jenkinsci/github-plugin/793","nevingeorgesunny","2026-06"
"jenkinsci/github-plugin/793","nevingeorgesunny","2026-06"
"jenkinsci/github-plugin/793","NotMyFault","2026-06"
"jenkinsci/jackson2-api-plugin/340","jonesbusy","2026-06"
"jenkinsci/jackson2-api-plugin/340","MarkEWaite","2026-06"
"jenkinsci/jackson2-api-plugin/340","jtnord","2026-06"
"jenkinsci/jackson2-api-plugin/340","gbhat618","2026-06"
"jenkinsci/jackson2-api-plugin/340","jonesbusy","2026-06"
"jenkinsci/jackson2-api-plugin/340","jtnord","2026-06"
"jenkinsci/jackson2-api-plugin/340","jtnord","2026-06"
"jenkinsci/jackson2-api-plugin/340","jtnord","2026-06"
"jenkinsci/jackson2-api-plugin/340","MarkEWaite","2026-06"
"jenkinsci/jenkins/26863","NorseGaud","2026-06"
"jenkinsci/jenkins/26863","mawinter69","2026-06"
"jenkinsci/jenkins/26863","NorseGaud","2026-06"
"jenkinsci/jenkins/26863","janfaracik","2026-06"
"jenkinsci/jenkins/26863","janfaracik","2026-06"
"jenkinsci/jenkins/26863","alecharp","2026-06"
"jenkinsci/jenkins/26863","janfaracik","2026-06"
"jenkinsci/jenkins/26863","timja","2026-06"
"jenkinsci/jenkins/26863","timja","2026-07"
"jenkinsci/jenkins/26863","janfaracik","2026-07"
"jenkinsci/jenkins/26863","timja","2026-07"
"jenkinsci/jenkins/26863","janfaracik","2026-08"
"jenkinsci/jenkins/26863","timja","2026-08"
"jenkinsci/jenkins/26863","janfaracik","2026-08"
"jenkinsci/jenkins/26863","uhafner","2026-08"
"jenkinsci/jenkins/26863","timja","2026-06"
"jenkinsci/jenkins/26863","timja","2026-06"
"jenkinsci/jenkins/26863","timja","2026-06"
"jenkinsci/jenkins/26863","janfaracik","2026-06"
"jenkinsci/jenkins/26863","janfaracik","2026-06"
"jenkinsci/jenkins/26863","janfaracik","2026-06"
"jenkinsci/jenkins/26863","timja","2026-06"
"jenkinsci/jenkins/26863","timja","2026-06"
"jenkinsci/jenkins/26863","janfaracik","2026-06"
"jenkinsci/jenkins/26863","timja","2026-06"
"jenkinsci/jenkins/26863","timja","2026-06"
"jenkinsci/jenkins/26863","timja","2026-06"
"jenkinsci/jenkins/26863","janfaracik","2026-07"
"jenkinsci/jenkins/26863","uhafner","2026-08"
"jenkinsci/jenkins/26863","timja","2026-08"
"jenkinsci/auditflow-plugin/3","harryofficial","2026-06"
"jenkinsci/github-plugin/792","jglick","2026-06"
"jenkinsci/github-plugin/792","lemeurherve","2026-06"
"jenkinsci/github-plugin/792","nevingeorgesunny","2026-06"
"jenkinsci/github-plugin/792","RanjitCS","2026-06"
"jenkins-infra/repository-permissions-updater/5130","mPokornyETM","2026-07"
"jenkins-infra/plugin-modernizer-stats/42","PratikMane0112","2026-06"
"jenkins-infra/plugin-modernizer-stats/42","jonesbusy","2026-06"
"jenkins-infra/plugin-modernizer-stats/42","PratikMane0112","2026-07"
"jenkins-infra/jenkins-infra/4937","dduportal","2026-07"
"jenkins-infra/jenkins-infra/4937","dduportal","2026-07"
"jenkins-infra/jenkins-infra/4937","dduportal","2026-07"
"jenkins-infra/jenkins-infra/4937","dduportal","2026-07"
"jenkins-infra/jenkins-infra/4937","dduportal","2026-07"
"jenkins-infra/jenkins-infra/4936","dduportal","2026-06"
"jenkins-infra/jenkins-infra/4936","dduportal","2026-06"
"jenkins-infra/jenkins-infra/4934","dduportal","2026-06"
"jenkins-infra/jenkins-infra/4934","lemeurherve","2026-06"
"jenkins-infra/jenkins-infra/4934","lemeurherve","2026-06"
"jenkins-infra/jenkins-infra/4934","lemeurherve","2026-06"
"jenkins-infra/jenkins-infra/4934","dduportal","2026-06"
"jenkins-infra/jenkins-infra/4934","dduportal","2026-06"
"jenkins-infra/jenkins-infra/4934","dduportal","2026-06"
"jenkins-infra/jenkins-infra/4934","dduportal","2026-06"
"jenkins-infra/jenkins-infra/4934","dduportal","2026-06"
"jenkins-infra/jenkins-infra/4934","dduportal","2026-06"
"jenkins-infra/jenkins-infra/4934","dduportal","2026-06"
"jenkins-infra/jenkins-infra/4934","dduportal","2026-06"
"jenkins-infra/stories/418","krisstern","2026-08"
"jenkins-infra/stories/418","Vatsal-Verma","2026-08"
"jenkins-infra/stories/418","iamrajiv","2026-07"
"jenkins-infra/jenkins.io/9244","zbynek","2026-06"
"jenkins-infra/jenkins.io/9244","Aarav-Singh2007","2026-06"
"jenkins-infra/jenkins.io/9244","Aarav-Singh2007","2026-06"
"jenkins-infra/jenkins.io/9244","jagannadhamyuvaraj","2026-06"
"jenkins-infra/jenkins.io/9244","Aarav-Singh2007","2026-06"
"jenkins-infra/jenkins.io/9244","krisstern","2026-07"
"jenkins-infra/jenkins.io/9244","krisstern","2026-06"
"jenkins-infra/jenkins.io/9244","krisstern","2026-06"
"jenkins-infra/jenkins.io/9244","krisstern","2026-06"
"jenkins-infra/jenkins.io/9244","krisstern","2026-06"
"jenkins-infra/jenkins.io/9244","krisstern","2026-06"
"jenkins-infra/jenkins.io/9244","krisstern","2026-06"
"jenkins-infra/jenkins.io/9244","krisstern","2026-06"
"jenkins-infra/jenkins.io/9244","jagannadhamyuvaraj","2026-06"
"jenkins-infra/jenkins.io/9244","krisstern","2026-06"
"jenkins-infra/jenkins.io/9244","krisstern","2026-06"
"jenkins-infra/jenkins.io/9244","krisstern","2026-06"
"jenkins-infra/jenkins.io/9244","krisstern","2026-06"
"jenkins-infra/jenkins.io/9244","krisstern","2026-06"
"jenkins-infra/jenkins.io/9244","jagannadhamyuvaraj","2026-06"
"jenkins-infra/jenkins.io/9244","krisstern","2026-06"
"jenkins-infra/jenkins.io/9244","krisstern","2026-06"
"jenkins-infra/jenkins.io/9244","jagannadhamyuvaraj","2026-06"
"jenkins-infra/jenkins.io/9244","MarkEWaite","2026-07"
"jenkins-infra/terraform-aws-sponsorship/543","dduportal","2026-06"
"jenkins-infra/packer-images/2869","lemeurherve","2026-06"
"jenkins-infra/packer-images/2869","lemeurherve","2026-06"
"jenkins-infra/packer-images/2869","lemeurherve","2026-06"
"jenkins-infra/jenkins.io/9243","krisstern","2026-06"
"jenkins-infra/jenkins.io/9243","Aarav-Singh2007","2026-06"
"jenkins-infra/jenkins.io/9243","Aarav-Singh2007","2026-06"
"jenkins-infra/jenkins.io/9243","jagannadhamyuvaraj","2026-06"
"jenkins-infra/jenkins.io/9243","Aarav-Singh2007","2026-06"
"jenkins-infra/packer-images/2867","dduportal","2026-06"
"jenkins-infra/packer-images/2867","dduportal","2026-06"
"jenkins-infra/infra-reports/131","lemeurherve","2026-06"
"jenkins-infra/stories/417","Vatsal-Verma","2026-06"
"jenkins-infra/stories/417","Vatsal-Verma","2026-06"
"jenkins-infra/stories/417","krisstern","2026-06"
"jenkins-infra/stories/417","krisstern","2026-06"
"jenkins-infra/stories/417","krisstern","2026-06"
"jenkins-infra/docker-ldap/78","dduportal","2026-06"
"jenkins-infra/docker-ldap/78","MarkEWaite","2026-06"
"jenkins-infra/docker-ldap/77","dduportal","2026-06"
"jenkins-infra/docker-ldap/77","lemeurherve","2026-06"
"jenkins-infra/docker-ldap/77","MarkEWaite","2026-06"
"jenkins-infra/packer-images/2865","dduportal","2026-06"
"jenkins-infra/packer-images/2865","lemeurherve","2026-06"
"jenkins-infra/packer-images/2865","dduportal","2026-06"
"jenkins-infra/packer-images/2865","dduportal","2026-06"
"jenkins-infra/update-center2/919","jayfranco999","2026-07"
"jenkins-infra/update-center2/919","daniel-beck","2026-07"
"jenkins-infra/update-center2/919","dduportal","2026-07"
"jenkins-infra/update-center2/919","dduportal","2026-07"
"jenkins-infra/update-center2/919","dduportal","2026-07"
"jenkins-infra/jenkins-infra/4930","dduportal","2026-06"
"jenkins-infra/jenkins-infra/4930","lemeurherve","2026-06"
"jenkins-infra/jenkins-infra/4930","dduportal","2026-06"
"jenkins-infra/jenkins-infra/4927","dduportal","2026-06"
"jenkins-infra/jenkins-infra/4926","lemeurherve","2026-06"
"jenkins-infra/jenkins-infra/4926","lemeurherve","2026-06"
"jenkins-infra/jenkins-infra/4926","dduportal","2026-06"
"jenkins-infra/kubernetes-management/7871","lemeurherve","2026-06"
"jenkins-infra/kubernetes-management/7871","lemeurherve","2026-06"
"jenkins-infra/kubernetes-management/7870","dduportal","2026-06"
"jenkins-infra/kubernetes-management/7869","dduportal","2026-06"
"jenkins-infra/jenkins.io/9238","Aarav-Singh2007","2026-06"
"jenkins-infra/jenkins.io/9238","Aarav-Singh2007","2026-06"
"jenkins-infra/jenkins.io/9238","MarkEWaite","2026-06"
"jenkins-infra/jenkins.io/9238","Aarav-Singh2007","2026-06"
"jenkins-infra/jenkins.io/9238","krisstern","2026-06"
"jenkins-infra/jenkins.io/9238","Aarav-Singh2007","2026-06"
"jenkins-infra/jenkins.io/9238","krisstern","2026-06"
"jenkins-infra/jenkins.io/9238","Aarav-Singh2007","2026-06"
"jenkins-infra/jenkins.io/9238","krisstern","2026-06"
"jenkins-infra/jenkins.io/9238","Aarav-Singh2007","2026-06"
"jenkins-infra/jenkins.io/9238","Aarav-Singh2007","2026-06"
"jenkins-infra/jenkins.io/9238","timja","2026-06"
"jenkins-infra/jenkins.io/9238","krisstern","2026-06"
"jenkins-infra/jenkins.io/9238","Aarav-Singh2007","2026-06"
"jenkins-infra/jenkins.io/9238","timja","2026-06"
"jenkins-infra/jenkins.io/9238","Aarav-Singh2007","2026-06"
"jenkins-infra/jenkins.io/9238","timja","2026-06"
"jenkins-infra/jenkins.io/9238","MarkEWaite","2026-06"
"jenkins-infra/jenkins.io/9238","Aarav-Singh2007","2026-06"
"jenkins-infra/jenkins.io/9238","MarkEWaite","2026-06"
"jenkins-infra/jenkins.io/9238","krisstern","2026-06"
"jenkins-infra/jenkins.io/9238","Aarav-Singh2007","2026-06"
"jenkins-infra/jenkins.io/9238","Aarav-Singh2007","2026-06"
"jenkins-infra/jenkins.io/9238","Aarav-Singh2007","2026-06"
"jenkins-infra/jenkins.io/9238","zbynek","2026-06"
"jenkins-infra/jenkins.io/9238","Aarav-Singh2007","2026-06"
"jenkins-infra/jenkins.io/9238","krisstern","2026-06"
"jenkins-infra/jenkins.io/9238","Aarav-Singh2007","2026-06"
"jenkins-infra/jenkins.io/9238","krisstern","2026-06"
"jenkins-infra/jenkins.io/9238","Aarav-Singh2007","2026-06"
"jenkins-infra/jenkins.io/9238","Aarav-Singh2007","2026-06"
"jenkins-infra/jenkins.io/9238","Aarav-Singh2007","2026-06"
"jenkins-infra/jenkins.io/9238","Aarav-Singh2007","2026-06"
"jenkins-infra/jenkins.io/9238","krisstern","2026-06"
"jenkins-infra/jenkins.io/9238","Aarav-Singh2007","2026-06"
"jenkins-infra/jenkins.io/9238","Aarav-Singh2007","2026-06"
"jenkins-infra/jenkins.io/9238","krisstern","2026-06"
"jenkins-infra/jenkins.io/9238","Aarav-Singh2007","2026-06"
"jenkins-infra/jenkins.io/9238","timja","2026-06"
"jenkins-infra/jenkins.io/9238","krisstern","2026-06"
"jenkins-infra/jenkins.io/9238","Aarav-Singh2007","2026-06"
"jenkins-infra/jenkins.io/9238","krisstern","2026-06"
"jenkins-infra/jenkins.io/9238","Aarav-Singh2007","2026-06"
"jenkins-infra/jenkins.io/9238","janfaracik","2026-06"
"jenkins-infra/jenkins.io/9238","Aarav-Singh2007","2026-06"
"jenkins-infra/jenkins.io/9238","Aarav-Singh2007","2026-06"
"jenkins-infra/jenkins.io/9238","krisstern","2026-06"
"jenkins-infra/jenkins.io/9238","zbynek","2026-07"
"jenkins-infra/jenkins.io/9238","MarkEWaite","2026-07"
"jenkins-infra/jenkins.io/9238","Aarav-Singh2007","2026-07"
"jenkins-infra/jenkins.io/9238","Aarav-Singh2007","2026-07"
"jenkins-infra/jenkins.io/9238","MarkEWaite","2026-06"
"jenkins-infra/jenkins.io/9238","MarkEWaite","2026-06"
"jenkins-infra/jenkins.io/9238","zbynek","2026-06"
"jenkins-infra/jenkins.io/9238","iamrajiv","2026-06"
"jenkins-infra/jenkins.io/9238","MarkEWaite","2026-07"
"jenkins-infra/jenkins.io/9238","MarkEWaite","2026-07"
"jenkins-infra/jenkins-infra/4925","lemeurherve","2026-06"
"jenkins-infra/jenkins-infra/4925","dduportal","2026-06"
"jenkins-infra/jenkins-infra/4925","dduportal","2026-06"
"jenkins-infra/jenkins-infra/4925","dduportal","2026-06"
"jenkins-infra/jenkins-infra/4925","dduportal","2026-06"
"jenkins-infra/jenkins-infra/4925","lemeurherve","2026-06"
"jenkins-infra/jenkins-infra/4924","dduportal","2026-06"
"jenkins-infra/jenkins-infra/4923","lemeurherve","2026-06"
"jenkins-infra/jenkins-infra/4923","dduportal","2026-06"
"jenkins-infra/jenkins-infra/4923","dduportal","2026-06"
"jenkins-infra/jenkins-infra/4923","dduportal","2026-06"
"jenkins-infra/plugin-modernizer-stats/38","PratikMane0112","2026-06"
"jenkins-infra/plugin-modernizer-stats/38","PratikMane0112","2026-06"
"jenkins-infra/plugin-modernizer-stats/38","PratikMane0112","2026-06"
"jenkins-infra/plugin-modernizer-stats/38","sridamul","2026-06"
"jenkins-infra/plugin-modernizer-stats/38","PratikMane0112","2026-06"
"jenkins-infra/plugin-modernizer-stats/38","PratikMane0112","2026-06"
"jenkins-infra/plugin-modernizer-stats/38","sridamul","2026-06"
"jenkins-infra/plugin-modernizer-stats/38","krisstern","2026-06"
"jenkins-infra/plugin-modernizer-stats/38","krisstern","2026-06"
"jenkins-infra/plugin-modernizer-stats/38","krisstern","2026-06"
"jenkins-infra/plugin-modernizer-stats/38","sridamul","2026-06"
"jenkins-infra/plugin-modernizer-stats/38","sridamul","2026-06"
"jenkins-infra/plugin-modernizer-stats/38","sridamul","2026-06"
"jenkins-infra/plugin-modernizer-stats/38","sridamul","2026-06"
"jenkins-infra/plugin-modernizer-stats/38","sridamul","2026-06"
"jenkins-infra/plugin-modernizer-stats/38","sridamul","2026-06"
"jenkins-infra/plugin-modernizer-stats/38","sridamul","2026-06"
"jenkins-infra/plugin-modernizer-stats/38","PratikMane0112","2026-06"
"jenkins-infra/plugin-modernizer-stats/38","PratikMane0112","2026-06"
"jenkins-infra/repository-permissions-updater/5127","timja","2026-06"
"jenkins-infra/repository-permissions-updater/5127","mtsmfm","2026-06"
"jenkins-infra/terraform-aws-sponsorship/542","lemeurherve","2026-06"
"jenkins-infra/terraform-aws-sponsorship/542","lemeurherve","2026-06"
"jenkins-infra/terraform-aws-sponsorship/542","dduportal","2026-06"
"jenkins-infra/terraform-aws-sponsorship/542","dduportal","2026-06"
"jenkins-infra/terraform-aws-sponsorship/542","dduportal","2026-06"
"jenkins-infra/terraform-aws-sponsorship/542","dduportal","2026-06"
"jenkins-infra/pipeline-library/1028","dduportal","2026-06"
"jenkins-infra/pipeline-library/1028","timja","2026-06"
"jenkins-infra/pipeline-library/1028","dduportal","2026-06"
"jenkins-infra/pipeline-library/1028","dduportal","2026-06"
"jenkins-infra/pipeline-library/1028","timja","2026-06"
"jenkins-infra/pipeline-library/1028","jtnord","2026-06"
"jenkins-infra/pipeline-library/1028","dduportal","2026-06"
"jenkins-infra/pipeline-library/1028","dduportal","2026-06"
"jenkins-infra/repository-permissions-updater/5125","dharminsolanki","2026-06"
"jenkins-infra/repository-permissions-updater/5125","dharminsolanki","2026-06"
"jenkins-infra/repository-permissions-updater/5125","dharminsolanki","2026-06"
"jenkins-infra/repository-permissions-updater/5125","dharminsolanki","2026-06"
"jenkins-infra/repository-permissions-updater/5125","MarkEWaite","2026-06"
"jenkins-infra/repository-permissions-updater/5125","MarkEWaite","2026-06"
"jenkins-infra/repository-permissions-updater/5125","dharminsolanki","2026-06"
"jenkins-infra/repository-permissions-updater/5125","timja","2026-06"
"jenkins-infra/packer-images/2855","dduportal","2026-06"
"jenkins-infra/stories/415","Vatsal-Verma","2026-06"
"jenkins-infra/stories/415","Vatsal-Verma","2026-06"
"jenkins-infra/stories/415","iamrajiv","2026-06"
"jenkins-infra/stories/415","chamodshehanka","2026-07"
"jenkins-infra/stories/415","Vatsal-Verma","2026-07"
"jenkins-infra/stories/415","chamodshehanka","2026-07"
"jenkins-infra/stories/415","chamodshehanka","2026-07"
"jenkins-infra/stories/414","Vatsal-Verma","2026-06"
"jenkins-infra/stories/414","Vatsal-Verma","2026-06"
"jenkins-infra/stories/414","iamrajiv","2026-06"
"jenkins-infra/jenkins-infra/4918","lemeurherve","2026-06"
"jenkins-infra/jenkins-infra/4918","dduportal","2026-06"
"jenkins-infra/terraform-aws-sponsorship/541","dduportal","2026-06"
"jenkins-infra/terraform-aws-sponsorship/540","dduportal","2026-06"
"jenkins-infra/kubernetes-management/7855","dduportal","2026-06"
"jenkins-infra/jenkins.io/9230","zbynek","2026-06"
"jenkins-infra/jenkins.io/9230","sauravwho","2026-06"
"jenkins-infra/jenkins.io/9230","krisstern","2026-06"
"jenkins-infra/jenkins.io/9230","krisstern","2026-06"
"jenkins-infra/jenkins.io/9229","MarkEWaite","2026-06"
"jenkins-infra/stories/413","Vatsal-Verma","2026-06"
"jenkins-infra/stories/413","Vatsal-Verma","2026-06"
"jenkins-infra/stories/413","iamrajiv","2026-06"
"jenkins-infra/stories/413","Vatsal-Verma","2026-06"
"jenkins-infra/jenkins.io/9228","Aarav-Singh2007","2026-06"
"jenkins-infra/jenkins.io/9228","MarkEWaite","2026-06"
"jenkins-infra/jenkins.io/9228","Aarav-Singh2007","2026-06"
"jenkins-infra/jenkins.io/9228","Aarav-Singh2007","2026-06"
"jenkins-infra/jenkins.io/9228","MarkEWaite","2026-06"
"jenkins-infra/jenkins.io/9228","Aarav-Singh2007","2026-06"
"jenkins-infra/jenkins.io/9228","krisstern","2026-06"
"jenkins-infra/jenkins.io/9228","Aarav-Singh2007","2026-06"
"jenkins-infra/jenkins.io/9228","krisstern","2026-06"
"jenkins-infra/jenkins.io/9228","krisstern","2026-06"
"jenkins-infra/jenkins.io/9228","krisstern","2026-06"
"jenkins-infra/jenkins.io/9228","krisstern","2026-06"
"jenkins-infra/packer-images/2848","lemeurherve","2026-06"
"jenkins-infra/packer-images/2847","lemeurherve","2026-06"
"jenkins-infra/.github/52","NotMyFault","2026-06"
"jenkins-infra/.github/52","MarkEWaite","2026-06"
"jenkins-infra/jenkins.io/9227","lemeurherve","2026-06"
"jenkins-infra/packer-images/2846","lemeurherve","2026-06"
"jenkins-infra/packer-images/2846","lemeurherve","2026-06"
"jenkins-infra/packer-images/2846","dduportal","2026-06"
"jenkins-infra/packer-images/2846","lemeurherve","2026-06"
"jenkins-infra/packer-images/2846","dduportal","2026-06"
"jenkins-infra/packer-images/2846","lemeurherve","2026-06"
"jenkins-infra/packer-images/2846","lemeurherve","2026-06"
"jenkins-infra/packer-images/2846","dduportal","2026-06"
"jenkins-infra/packer-images/2846","dduportal","2026-06"
"jenkins-infra/packer-images/2846","lemeurherve","2026-06"
"jenkins-infra/gatsby-plugin-jenkins-layout/102","jayfranco999","2026-06"
"jenkins-infra/gatsby-plugin-jenkins-layout/102","jayfranco999","2026-06"
"jenkins-infra/contributor-spotlight/631","jayfranco999","2026-06"
"jenkins-infra/kubernetes-management/7849","dduportal","2026-06"
"jenkins-infra/packer-images/2844","lemeurherve","2026-06"
"jenkins-infra/packer-images/2844","dduportal","2026-06"
"jenkins-infra/stories/410","Vatsal-Verma","2026-06"
"jenkins-infra/stories/410","iamrajiv","2026-07"
"jenkins-infra/stories/410","iamrajiv","2026-06"
"jenkins-infra/stories/410","iamrajiv","2026-06"
"jenkins-infra/datadog/373","jayfranco999","2026-06"
"jenkins-infra/stories/409","Vatsal-Verma","2026-06"
"jenkins-infra/stories/409","Vatsal-Verma","2026-06"
"jenkins-infra/stories/409","iamrajiv","2026-06"
"jenkins-infra/stories/409","iamrajiv","2026-06"
"jenkins-infra/stories/409","krisstern","2026-06"
"jenkins-infra/stories/409","Vatsal-Verma","2026-06"
"jenkins-infra/helm-charts/1973","dduportal","2026-06"
"jenkins-infra/helm-charts/1973","dduportal","2026-06"
"jenkins-infra/helm-charts/1972","somaz94","2026-07"
"jenkins-infra/helm-charts/1972","dduportal","2026-07"
"jenkins-infra/plugin-site/2557","dduportal","2026-07"
"jenkins-infra/infra-reports/130","lemeurherve","2026-06"
"jenkins-infra/infra-reports/130","lemeurherve","2026-06"
"jenkins-infra/release/931","timja","2026-06"
"jenkins-infra/release/931","timja","2026-06"
"jenkins-infra/packer-images/2839","dduportal","2026-06"
"jenkins-infra/packer-images/2838","lemeurherve","2026-06"
"jenkins-infra/packer-images/2838","lemeurherve","2026-06"
"jenkins-infra/packer-images/2838","dduportal","2026-06"
"jenkins-infra/packer-images/2838","dduportal","2026-06"
"jenkins-infra/packer-images/2838","dduportal","2026-06"
"jenkins-infra/packer-images/2838","dduportal","2026-06"
"jenkins-infra/packer-images/2838","dduportal","2026-06"
"jenkins-infra/packer-images/2838","dduportal","2026-06"
"jenkins-infra/packer-images/2838","lemeurherve","2026-06"
"jenkins-infra/packer-images/2838","lemeurherve","2026-06"
"jenkins-infra/packer-images/2838","lemeurherve","2026-06"
"jenkins-infra/packer-images/2838","lemeurherve","2026-06"
"jenkins-infra/packer-images/2838","dduportal","2026-06"
"jenkins-infra/packer-images/2836","dduportal","2026-06"
"jenkins-infra/packer-images/2836","lemeurherve","2026-06"
"jenkins-infra/packer-images/2836","dduportal","2026-06"
"jenkins-infra/packer-images/2836","lemeurherve","2026-06"
"jenkins-infra/packer-images/2836","lemeurherve","2026-06"
"jenkins-infra/packer-images/2836","lemeurherve","2026-06"
"jenkins-infra/packer-images/2836","dduportal","2026-06"
"jenkins-infra/packer-images/2836","dduportal","2026-06"
"jenkins-infra/packer-images/2836","lemeurherve","2026-06"
"jenkins-infra/packer-images/2836","dduportal","2026-06"
"jenkins-infra/packer-images/2836","lemeurherve","2026-06"
"jenkins-infra/packer-images/2836","dduportal","2026-06"
"jenkins-infra/packer-images/2836","dduportal","2026-06"
"jenkins-infra/packer-images/2836","dduportal","2026-06"
"jenkins-infra/release/929","krisstern","2026-06"
"jenkins-infra/release/929","lemeurherve","2026-06"
"jenkins-infra/release/929","timja","2026-06"
"jenkins-infra/release/929","lemeurherve","2026-06"
"jenkins-infra/packer-images/2828","lemeurherve","2026-06"
"jenkins-infra/packer-images/2827","lemeurherve","2026-06"
"jenkins-infra/repository-permissions-updater/5120","krisstern","2026-06"
"jenkins-infra/csp-compatibility/25","jayfranco999","2026-06"
"jenkins-infra/backend-extension-indexer/161","lemeurherve","2026-06"
"jenkins-infra/stories/407","Vatsal-Verma","2026-06"
"jenkins-infra/stories/407","Vatsal-Verma","2026-06"
"jenkins-infra/stories/407","krisstern","2026-06"
"jenkins-infra/stories/407","Vatsal-Verma","2026-06"
"jenkins-infra/stories/407","krisstern","2026-06"
"jenkins-infra/stories/407","iamrajiv","2026-06"
"jenkins-infra/stories/407","Vatsal-Verma","2026-06"
"jenkins-infra/stories/407","Vatsal-Verma","2026-06"
"jenkins-infra/stories/407","Vatsal-Verma","2026-06"
"jenkins-infra/stories/407","Vatsal-Verma","2026-06"
"jenkins-infra/stories/407","Vatsal-Verma","2026-06"
"jenkins-infra/stories/407","krisstern","2026-06"
"jenkins-infra/stories/407","krisstern","2026-06"
"jenkins-infra/stories/407","krisstern","2026-06"
"jenkins-infra/stories/407","krisstern","2026-06"
"jenkins-infra/stories/407","Vatsal-Verma","2026-06"
"jenkins-infra/stories/407","Vatsal-Verma","2026-06"
"jenkins-infra/stories/407","krisstern","2026-06"
"jenkins-infra/stories/407","Vatsal-Verma","2026-06"
"jenkins-infra/stories/407","krisstern","2026-06"
"jenkins-infra/repository-permissions-updater/5118","NorseGaud","2026-06"
"jenkins-infra/repository-permissions-updater/5118","timja","2026-06"
"jenkins-infra/crawler/179","MarkEWaite","2026-06"
"jenkins-infra/jenkins.io/9224","devShaik010","2026-06"
"jenkins-infra/jenkins.io/9224","zbynek","2026-06"
"jenkins-infra/jenkins.io/9224","MarkEWaite","2026-06"
"jenkins-infra/jenkins.io/9224","MarkEWaite","2026-06"
"jenkins-infra/jenkins.io/9223","devShaik010","2026-06"
"jenkins-infra/jenkins.io/9223","devShaik010","2026-06"
"jenkins-infra/jenkins.io/9223","zbynek","2026-06"
"jenkins-infra/jenkins.io/9223","devShaik010","2026-06"
"jenkins-infra/jenkins.io/9222","devShaik010","2026-06"
"jenkins-infra/jenkins.io/9222","zbynek","2026-06"
"jenkins-infra/jenkins.io/9222","devShaik010","2026-06"
"jenkins-infra/jenkins.io/9221","devShaik010","2026-06"
"jenkins-infra/jenkins.io/9221","MarkEWaite","2026-06"
"jenkins-infra/kubernetes-management/7826","jayfranco999","2026-06"
"jenkins-infra/kubernetes-management/7826","jayfranco999","2026-06"
"jenkins-infra/kubernetes-management/7826","jayfranco999","2026-06"
"jenkins-infra/kubernetes-management/7826","lemeurherve","2026-06"
"jenkins-infra/kubernetes-management/7826","dduportal","2026-06"
"jenkins-infra/jenkins-infra/4903","dduportal","2026-06"
"jenkins-infra/jenkins.io/9220","krisstern","2026-06"
"jenkins-infra/jenkins.io/9220","krisstern","2026-06"
"jenkins-infra/jenkins.io/9220","lemeurherve","2026-06"
"jenkins-infra/jenkins.io/9220","lemeurherve","2026-06"
"jenkins-infra/jenkins.io/9220","lemeurherve","2026-06"
"jenkins-infra/incrementals-publisher/127","jayfranco999","2026-06"
"jenkins-infra/gatsby-plugin-jenkins-layout/100","jayfranco999","2026-06"
"jenkins-infra/jenkins-io-components/208","jayfranco999","2026-06"
"jenkins-infra/jenkins-io-components/208","jayfranco999","2026-06"
"jenkins-infra/stories/406","jayfranco999","2026-06"
"jenkins-infra/docs.jenkins.io/429","jayfranco999","2026-06"
"jenkins-infra/stats.jenkins.io/682","jayfranco999","2026-06"
"jenkins-infra/contributor-spotlight/629","lemeurherve","2026-06"
"jenkins-infra/plugin-site/2552","jayfranco999","2026-06"
"jenkins-infra/plugin-site/2552","jayfranco999","2026-06"
"jenkins-infra/contributor-spotlight/628","krisstern","2026-06"
"jenkins-infra/repository-permissions-updater/5115","NorseGaud","2026-06"
"jenkins-infra/repository-permissions-updater/5115","NorseGaud","2026-06"
"jenkins-infra/repository-permissions-updater/5115","timja","2026-06"
"jenkins-infra/repository-permissions-updater/5115","NorseGaud","2026-06"
"jenkins-infra/repository-permissions-updater/5115","timja","2026-06"
"jenkins-infra/repository-permissions-updater/5113","timja","2026-06"
"jenkins-infra/azure/1504","dduportal","2026-06"
"jenkins-infra/kubernetes-management/7823","dduportal","2026-06"
"jenkins-infra/release/925","dduportal","2026-06"
"jenkins-infra/azure/1503","dduportal","2026-06"
"jenkins-infra/stories/404","krisstern","2026-06"
"jenkins-infra/stories/404","Vatsal-Verma","2026-06"
"jenkins-infra/stories/404","Vatsal-Verma","2026-06"
"jenkins-infra/stories/404","Vatsal-Verma","2026-06"
"jenkins-infra/stories/404","krisstern","2026-06"
"jenkins-infra/stories/404","Vatsal-Verma","2026-06"
"jenkins-infra/stories/404","iamrajiv","2026-06"
"jenkins-infra/stories/404","chamodshehanka","2026-06"
"jenkins-infra/stories/404","chamodshehanka","2026-06"
"jenkins-infra/stories/404","chamodshehanka","2026-06"
"jenkins-infra/stories/404","chamodshehanka","2026-06"
"jenkins-infra/stories/404","chamodshehanka","2026-06"
"jenkins-infra/stories/404","chamodshehanka","2026-06"
"jenkins-infra/stories/403","Vatsal-Verma","2026-06"
"jenkins-infra/stories/403","Vatsal-Verma","2026-06"
"jenkins-infra/stories/403","Vatsal-Verma","2026-06"
"jenkins-infra/stories/403","krisstern","2026-06"
"jenkins-infra/stories/403","Vatsal-Verma","2026-06"
"jenkins-infra/stories/403","krisstern","2026-06"
"jenkins-infra/stories/403","krisstern","2026-06"
"jenkins-infra/stories/403","krisstern","2026-06"
"jenkins-infra/stories/403","krisstern","2026-06"
"jenkins-infra/stories/403","krisstern","2026-06"
"jenkins-infra/stories/403","Vatsal-Verma","2026-06"
"jenkins-infra/stories/403","iamrajiv","2026-06"
"jenkins-infra/stories/403","chamodshehanka","2026-06"
"jenkins-infra/stories/403","Vatsal-Verma","2026-06"
"jenkins-infra/plugin-modernizer-stats/22","PratikMane0112","2026-06"
"jenkins-infra/plugin-modernizer-stats/22","PratikMane0112","2026-06"
"jenkins-infra/plugin-modernizer-stats/22","PratikMane0112","2026-06"
"jenkins-infra/plugin-modernizer-stats/22","krisstern","2026-06"
"jenkins-infra/plugin-modernizer-stats/22","sridamul","2026-06"
"jenkins-infra/jenkins-io-components/206","halkeye","2026-06"
"jenkins-infra/jenkins-io-components/206","krisstern","2026-06"
"jenkins-infra/jenkins.io/9217","MarkEWaite","2026-06"
"jenkins-infra/fastly/152","dduportal","2026-06"
"jenkins-infra/digitalocean/296","dduportal","2026-06"
"jenkins-infra/datadog/368","dduportal","2026-06"
"jenkins-infra/cloudflare/88","dduportal","2026-06"
"jenkins-infra/azure-net/546","dduportal","2026-06"
"jenkins-infra/azure/1501","dduportal","2026-06"
"jenkins-infra/terraform-aws-sponsorship/529","dduportal","2026-06"
"jenkins-infra/asciidoctor-jenkins-extensions/73","lemeurherve","2026-06"
"jenkins-infra/asciidoctor-jenkins-extensions/73","lemeurherve","2026-06"
"jenkins-infra/asciidoctor-jenkins-extensions/73","lemeurherve","2026-06"
"jenkins-infra/asciidoctor-jenkins-extensions/73","lemeurherve","2026-06"
"jenkins-infra/asciidoctor-jenkins-extensions/73","lemeurherve","2026-06"
"jenkins-infra/asciidoctor-jenkins-extensions/73","lemeurherve","2026-06"
"jenkins-infra/asciidoctor-jenkins-extensions/73","lemeurherve","2026-06"
"jenkins-infra/jenkins-io-components/205","dduportal","2026-06"
"jenkins-infra/jenkins-io-components/205","halkeye","2026-06"
"jenkins-infra/jenkins-io-components/205","krisstern","2026-06"
"jenkins-infra/jenkins-io-components/205","dduportal","2026-06"
"jenkins-infra/jenkins-io-components/205","dduportal","2026-06"
"jenkins-infra/gatsby-plugin-jenkins-layout/99","jayfranco999","2026-06"
"jenkins-infra/kubernetes-management/7816","dduportal","2026-06"
"jenkins-infra/kubernetes-management/7816","dduportal","2026-06"
"jenkins-infra/jenkins-infra/4895","dduportal","2026-06"
"jenkins-infra/jenkins-infra/4895","dduportal","2026-06"
"jenkins-infra/jenkins.io/9210","StefanSpieker","2026-06"
"jenkins-infra/jenkins.io/9210","StefanSpieker","2026-06"
"jenkins-infra/datadog/367","jayfranco999","2026-06"
"jenkins-infra/jenkins.io/9203","krisstern","2026-06"
"jenkins-infra/jenkins.io/9203","krisstern","2026-06"
"jenkins-infra/jenkins.io/9203","daniel-beck","2026-07"
"jenkins-infra/jenkins.io/9203","daniel-beck","2026-07"
"jenkins-infra/stories/402","Vatsal-Verma","2026-06"
"jenkins-infra/stories/402","iamrajiv","2026-06"
"jenkins-infra/plugin-modernizer-stats/18","PratikMane0112","2026-06"
"jenkins-infra/plugin-modernizer-stats/18","jonesbusy","2026-06"
"jenkins-infra/plugin-modernizer-stats/18","PratikMane0112","2026-06"
"jenkins-infra/plugin-modernizer-stats/18","PratikMane0112","2026-06"
"jenkins-infra/documentation/34","jayfranco999","2026-06"
"jenkins-infra/stories/401","Vatsal-Verma","2026-06"
"jenkins-infra/stories/401","Vatsal-Verma","2026-06"
"jenkins-infra/stories/401","Vatsal-Verma","2026-06"
"jenkins-infra/stories/401","Vatsal-Verma","2026-06"
"jenkins-infra/stories/401","krisstern","2026-06"
"jenkins-infra/stories/401","Vatsal-Verma","2026-06"
"jenkins-infra/stories/401","krisstern","2026-06"
"jenkins-infra/stories/401","iamrajiv","2026-06"
"jenkins-infra/stories/401","iamrajiv","2026-06"
"jenkins-infra/stories/401","krisstern","2026-06"
"jenkins-infra/stories/401","iamrajiv","2026-06"
"jenkins-infra/stories/401","krisstern","2026-06"
"jenkins-infra/stories/401","krisstern","2026-06"
"jenkins-infra/stories/401","krisstern","2026-06"
"jenkins-infra/stories/401","krisstern","2026-06"
"jenkins-infra/stories/401","krisstern","2026-06"
"jenkins-infra/stories/401","Vatsal-Verma","2026-06"
"jenkins-infra/stories/401","krisstern","2026-06"
"jenkins-infra/stories/401","Vatsal-Verma","2026-06"
"jenkins-infra/stories/401","krisstern","2026-06"
"jenkins-infra/stories/401","Vatsal-Verma","2026-06"
"jenkins-infra/stories/401","krisstern","2026-06"
"jenkins-infra/stories/401","Vatsal-Verma","2026-06"
"jenkins-infra/stories/401","Vatsal-Verma","2026-06"
"jenkins-infra/repository-permissions-updater/5106","timja","2026-06"
"jenkins-infra/repository-permissions-updater/5106","KostyaSha","2026-06"
"jenkins-infra/repository-permissions-updater/5106","alecharp","2026-06"
"jenkins-infra/repository-permissions-updater/5106","timja","2026-06"
"jenkins-infra/repository-permissions-updater/5106","alecharp","2026-06"
"jenkins-infra/repository-permissions-updater/5106","jglick","2026-06"
"jenkins-infra/datadog/366","jayfranco999","2026-06"
"jenkins-infra/datadog/366","dduportal","2026-06"
"jenkins-infra/datadog/366","dduportal","2026-06"
"jenkins-infra/datadog/366","dduportal","2026-06"
"jenkins-infra/kubernetes-management/7809","jayfranco999","2026-06"
"jenkins-infra/kubernetes-management/7809","lemeurherve","2026-06"
"jenkins-infra/kubernetes-management/7809","jayfranco999","2026-06"
"jenkins-infra/kubernetes-management/7809","lemeurherve","2026-06"
"jenkins-infra/kubernetes-management/7809","lemeurherve","2026-06"
"jenkins-infra/kubernetes-management/7809","jayfranco999","2026-06"
"jenkins-infra/kubernetes-management/7809","lemeurherve","2026-06"
"jenkins-infra/kubernetes-management/7809","jayfranco999","2026-06"
"jenkins-infra/status/723","dduportal","2026-06"
"jenkins-infra/status/723","dduportal","2026-06"
"jenkins-infra/azure/1500","dduportal","2026-06"
"jenkins-infra/plugin-modernizer-stats/17","PratikMane0112","2026-06"
"jenkins-infra/plugin-modernizer-stats/17","jonesbusy","2026-06"
"jenkins-infra/packer-images/2789","dduportal","2026-06"
"jenkins-infra/packer-images/2789","dduportal","2026-06"
"jenkins-infra/packer-images/2789","dduportal","2026-06"
"jenkins-infra/packer-images/2788","dduportal","2026-06"
"jenkins-infra/jenkins.io/9200","krisstern","2026-06"
"jenkins-infra/jenkins.io/9200","Piyush0049","2026-06"
"jenkins-infra/jenkins.io/9200","krisstern","2026-06"
"jenkins-infra/jenkins.io/9200","Piyush0049","2026-06"
"jenkins-infra/jenkins.io/9200","krisstern","2026-06"
"jenkins-infra/jenkins.io/9200","krisstern","2026-06"
"jenkins-infra/jenkins.io/9200","Piyush0049","2026-06"
"jenkins-infra/jenkins.io/9200","krisstern","2026-06"
"jenkins-infra/jenkins.io/9200","krisstern","2026-06"
"jenkins-infra/jenkins.io/9200","Piyush0049","2026-06"
"jenkins-infra/jenkins.io/9200","Piyush0049","2026-06"
"jenkins-infra/jenkins.io/9200","krisstern","2026-06"
"jenkins-infra/jenkins.io/9200","Piyush0049","2026-06"
"jenkins-infra/jenkins.io/9200","krisstern","2026-06"
"jenkins-infra/jenkins.io/9200","krisstern","2026-06"
"jenkins-infra/jenkins.io/9200","krisstern","2026-06"
"jenkins-infra/jenkins.io/9200","krisstern","2026-06"
"jenkins-infra/jenkins.io/9200","Piyush0049","2026-06"
"jenkins-infra/jenkins.io/9200","krisstern","2026-06"
"jenkins-infra/jenkins.io/9199","krisstern","2026-06"
"jenkins-infra/jenkins.io/9199","daniel-beck","2026-06"
"jenkins-infra/jenkins.io/9199","krisstern","2026-06"
"jenkins-infra/jenkins.io/9199","dduportal","2026-06"
"jenkins-infra/jenkins.io/9199","krisstern","2026-06"
"jenkins-infra/jenkins.io/9199","dduportal","2026-06"
"jenkins-infra/jenkins.io/9199","krisstern","2026-06"
"jenkins-infra/jenkins.io/9199","timja","2026-06"
"jenkins-infra/jenkins.io/9199","dduportal","2026-06"
"jenkins-infra/jenkins.io/9199","timja","2026-06"
"jenkins-infra/jenkins.io/9199","dduportal","2026-06"
"jenkins-infra/plugin-site/2547","krisstern","2026-06"
"jenkins-infra/plugin-site/2547","krisstern","2026-06"
"jenkins-infra/plugin-site/2547","krisstern","2026-06"
"jenkins-infra/plugin-site/2547","dduportal","2026-06"
"jenkins-infra/azure/1499","dduportal","2026-06"
"jenkins-infra/azure/1499","dduportal","2026-06"
"jenkins-infra/azure/1499","jayfranco999","2026-06"
"jenkins-infra/azure/1499","dduportal","2026-06"
"jenkins-infra/datadog/365","dduportal","2026-06"
"jenkins-infra/jenkins.io/9197","shenxianpeng","2026-06"
"jenkins-infra/jenkins.io/9197","krisstern","2026-06"
"jenkins-infra/jenkins.io/9197","krisstern","2026-06"
"jenkins-infra/stats.jenkins.io/680","Aarav-Singh2007","2026-06"
"jenkins-infra/stats.jenkins.io/680","krisstern","2026-06"
"jenkins-infra/stats.jenkins.io/680","Aarav-Singh2007","2026-06"
"jenkins-infra/stats.jenkins.io/680","krisstern","2026-06"
"jenkins-infra/stats.jenkins.io/680","Aarav-Singh2007","2026-06"
"jenkins-infra/stats.jenkins.io/680","krisstern","2026-06"
"jenkins-infra/stats.jenkins.io/680","Aarav-Singh2007","2026-06"
"jenkins-infra/plugin-modernizer-stats/12","PratikMane0112","2026-06"
"jenkins-infra/plugin-modernizer-stats/12","PratikMane0112","2026-06"
"jenkins-infra/plugin-modernizer-stats/12","jonesbusy","2026-06"
"jenkins-infra/plugin-modernizer-stats/12","jonesbusy","2026-06"
"jenkins-infra/plugin-modernizer-stats/12","PratikMane0112","2026-06"
"jenkins-infra/azure/1498","jayfranco999","2026-06"
"jenkins-infra/datadog/364","jayfranco999","2026-06"
"jenkins-infra/datadog/364","dduportal","2026-06"
"jenkins-infra/kubernetes-management/7801","jayfranco999","2026-06"
"jenkins-infra/kubernetes-management/7801","dduportal","2026-06"
"jenkins-infra/kubernetes-management/7801","dduportal","2026-06"
"jenkins-infra/docs.jenkins.io/428","jayfranco999","2026-06"
"jenkins-infra/azure/1496","jayfranco999","2026-06"
"jenkins-infra/azure/1494","jayfranco999","2026-06"
"jenkins-infra/azure/1494","dduportal","2026-06"
"jenkins-infra/azure/1494","jayfranco999","2026-06"
"jenkins-infra/azure/1494","jayfranco999","2026-06"
"jenkins-infra/azure/1494","dduportal","2026-06"
"jenkins-infra/azure/1494","dduportal","2026-06"
"jenkins-infra/azure/1494","dduportal","2026-06"
"jenkins-infra/terraform-aws-sponsorship/524","dduportal","2026-06"
"jenkins-infra/azure/1493","dduportal","2026-06"
"jenkins-infra/helm-charts/1959","lemeurherve","2026-06"
"jenkins-infra/kubernetes-management/7798","lemeurherve","2026-06"
"jenkins-infra/kubernetes-management/7797","dduportal","2026-06"
"jenkins-infra/fastly/151","dduportal","2026-06"
"jenkins-infra/datadog/362","dduportal","2026-06"
"jenkins-infra/cloudflare/87","dduportal","2026-06"
"jenkins-infra/digitalocean/295","dduportal","2026-06"
"jenkins-infra/terraform-aws-sponsorship/521","dduportal","2026-06"
"jenkins-infra/azure-net/544","dduportal","2026-06"
"jenkins-infra/azure-net/544","dduportal","2026-06"
"jenkins-infra/datadog/361","dduportal","2026-06"
"jenkins-infra/repository-permissions-updater/5099","timja","2026-06"
"jenkins-infra/azure/1492","dduportal","2026-06"
"jenkins-infra/docs.jenkins.io/427","lemeurherve","2026-06"
"jenkins-infra/docs.jenkins.io/427","jayfranco999","2026-06"
"jenkins-infra/docs.jenkins.io/427","dduportal","2026-06"
"jenkins-infra/docs.jenkins.io/427","jayfranco999","2026-06"
"jenkins-infra/docs.jenkins.io/427","lemeurherve","2026-06"
"jenkins-infra/docs.jenkins.io/426","jayfranco999","2026-06"
"jenkins-infra/kubernetes-management/7794","dduportal","2026-06"
"jenkins-infra/docs.jenkins.io/425","jayfranco999","2026-06"
"jenkins-infra/release/923","dduportal","2026-06"
"jenkins-infra/release/923","daniel-beck","2026-06"
"jenkins-infra/release/922","lemeurherve","2026-06"
"jenkins-infra/release/921","lemeurherve","2026-06"
"jenkins-infra/pipeline-library/1022","lemeurherve","2026-06"
"jenkins-infra/pipeline-library/1022","lemeurherve","2026-06"
"jenkins-infra/pipeline-library/1022","dduportal","2026-06"
"jenkins-infra/pipeline-library/1022","lemeurherve","2026-06"
"jenkins-infra/pipeline-library/1022","lemeurherve","2026-06"
"jenkins-infra/pipeline-library/1022","dduportal","2026-06"
"jenkins-infra/pipeline-library/1022","lemeurherve","2026-06"
"jenkins-infra/pipeline-library/1022","lemeurherve","2026-06"
"jenkins-infra/stories/400","lemeurherve","2026-06"
"jenkins-infra/stories/400","Vatsal-Verma","2026-06"
"jenkins-infra/stories/400","iamrajiv","2026-06"
"jenkins-infra/stories/400","iamrajiv","2026-06"
"jenkins-infra/stories/400","iamrajiv","2026-06"
"jenkins-infra/stories/400","Vatsal-Verma","2026-06"
"jenkins-infra/stories/400","Vatsal-Verma","2026-06"
"jenkins-infra/stories/400","iamrajiv","2026-06"
"jenkins-infra/stories/400","iamrajiv","2026-06"
"jenkins-infra/stories/400","iamrajiv","2026-06"
"jenkins-infra/stories/400","krisstern","2026-06"
"jenkins-infra/stories/400","krisstern","2026-06"
"jenkins-infra/stories/400","krisstern","2026-06"
"jenkins-infra/stories/400","Vatsal-Verma","2026-06"
"jenkins-infra/stories/400","Vatsal-Verma","2026-06"
"jenkins-infra/stories/400","krisstern","2026-06"
"jenkins-infra/stories/400","chamodshehanka","2026-06"
"jenkins-infra/stories/400","chamodshehanka","2026-06"
"jenkins-infra/stories/400","chamodshehanka","2026-06"
"jenkins-infra/stories/400","Vatsal-Verma","2026-06"
"jenkins-infra/stories/400","chamodshehanka","2026-06"
"jenkins-infra/stories/400","chamodshehanka","2026-06"
"jenkins-infra/azure/1491","dduportal","2026-06"
"jenkins-infra/stories/399","Vatsal-Verma","2026-06"
"jenkins-infra/stories/399","Vatsal-Verma","2026-06"
"jenkins-infra/stories/399","lemeurherve","2026-06"
"jenkins-infra/stories/399","lemeurherve","2026-06"
"jenkins-infra/stories/399","Vatsal-Verma","2026-06"
"jenkins-infra/stories/399","lemeurherve","2026-06"
"jenkins-infra/stories/399","Vatsal-Verma","2026-06"
"jenkins-infra/stories/399","lemeurherve","2026-06"
"jenkins-infra/stories/399","Vatsal-Verma","2026-06"
"jenkins-infra/stories/399","Vatsal-Verma","2026-06"
"jenkins-infra/stories/399","Vatsal-Verma","2026-06"
"jenkins-infra/stories/399","krisstern","2026-06"
"jenkins-infra/stories/399","Vatsal-Verma","2026-06"
"jenkins-infra/stories/399","krisstern","2026-06"
"jenkins-infra/release/919","dduportal","2026-06"
"jenkins-infra/jenkins.io/9190","MarkEWaite","2026-06"
"jenkins-infra/jenkins.io/9190","krisstern","2026-06"
"jenkins-infra/jenkins.io/9190","krisstern","2026-06"
"jenkins-infra/jenkins.io/9190","MarkEWaite","2026-06"
"jenkins-infra/plugin-modernizer-stats/8","PratikMane0112","2026-06"
"jenkins-infra/plugin-modernizer-stats/8","dduportal","2026-06"
"jenkins-infra/plugin-modernizer-stats/8","PratikMane0112","2026-06"
"jenkins-infra/plugin-modernizer-stats/8","krisstern","2026-06"
"jenkins-infra/plugin-modernizer-stats/8","dduportal","2026-06"
"jenkins-infra/plugin-modernizer-stats/8","jonesbusy","2026-06"
"jenkins-infra/plugin-modernizer-stats/8","jonesbusy","2026-06"
"jenkins-infra/plugin-modernizer-stats/8","jonesbusy","2026-06"
"jenkins-infra/plugin-modernizer-stats/8","PratikMane0112","2026-06"
"jenkins-infra/plugin-modernizer-stats/8","PratikMane0112","2026-06"
"jenkins-infra/azure/1490","dduportal","2026-06"
"jenkins-infra/kubernetes-management/7789","dduportal","2026-06"
"jenkins-infra/metadata-plugin-modernizer/884","PratikMane0112","2026-06"
"jenkins-infra/metadata-plugin-modernizer/884","jonesbusy","2026-06"
"jenkins-infra/azure/1489","dduportal","2026-06"
"jenkins-infra/kubernetes-management/7788","dduportal","2026-06"
"jenkins-infra/kubernetes-management/7788","dduportal","2026-06"
"jenkins-infra/kubernetes-management/7788","dduportal","2026-06"
"jenkins-infra/status/719","dduportal","2026-06"
"jenkins-infra/status/719","dduportal","2026-06"
"jenkins-infra/status/719","dduportal","2026-06"
"jenkins-infra/azure/1488","dduportal","2026-06"
"jenkins-infra/azure/1487","dduportal","2026-06"
"jenkins-infra/azure/1486","dduportal","2026-06"
"jenkins-infra/packer-images/2766","lemeurherve","2026-06"
"jenkins-infra/packer-images/2766","lemeurherve","2026-06"
"jenkins-infra/kubernetes-management/7786","lemeurherve","2026-06"
"jenkins-infra/kubernetes-management/7785","dduportal","2026-06"
"jenkins-infra/jenkins-infra/4878","dduportal","2026-06"
"jenkins-infra/release/916","dduportal","2026-06"
"jenkins-infra/azure/1484","dduportal","2026-06"
"jenkins-infra/jenkins.io/9188","shenxianpeng","2026-06"
"jenkins-infra/jenkins.io/9188","krisstern","2026-06"
"jenkins-infra/jenkins.io/9188","krisstern","2026-06"
"jenkins-infra/jenkins.io/9188","krisstern","2026-06"
"jenkins-infra/jenkins.io/9188","krisstern","2026-06"
"jenkins-infra/jenkins.io/9188","krisstern","2026-06"
"jenkins-infra/jenkins.io/9188","krisstern","2026-06"
"jenkins-infra/jenkins.io/9188","krisstern","2026-06"
"jenkins-infra/jenkins.io/9188","krisstern","2026-06"
"jenkins-infra/jenkins.io/9188","krisstern","2026-06"
"jenkins-infra/jenkins.io/9188","krisstern","2026-06"
"jenkins-infra/jenkins.io/9188","krisstern","2026-06"
"jenkins-infra/jenkins.io/9188","krisstern","2026-06"
"jenkins-infra/jenkins.io/9188","krisstern","2026-06"
"jenkins-infra/jenkins.io/9188","krisstern","2026-06"
"jenkins-infra/repository-permissions-updater/5096","timja","2026-06"
"jenkins-infra/repository-permissions-updater/5096","timja","2026-06"
"jenkins-infra/repository-permissions-updater/5096","jglick","2026-06"
"jenkins-infra/repository-permissions-updater/5096","timja","2026-06"
"jenkins-infra/repository-permissions-updater/5096","jglick","2026-06"
"jenkins-infra/repository-permissions-updater/5096","jglick","2026-06"
"jenkins-infra/repository-permissions-updater/5096","timja","2026-06"
"jenkins-infra/repository-permissions-updater/5096","timja","2026-06"
"jenkins-infra/repository-permissions-updater/5096","jglick","2026-06"
"jenkins-infra/repository-permissions-updater/5096","timja","2026-06"
"jenkins-infra/repository-permissions-updater/5096","MarkEWaite","2026-06"
"jenkins-infra/repository-permissions-updater/5096","jglick","2026-06"
"jenkins-infra/terraform-aws-sponsorship/519","dduportal","2026-06"
"jenkins-infra/terraform-aws-sponsorship/516","lemeurherve","2026-06"
"jenkins-infra/terraform-aws-sponsorship/515","lemeurherve","2026-06"
"jenkins-infra/terraform-aws-sponsorship/515","lemeurherve","2026-06"
"jenkins-infra/repository-permissions-updater/5095","pnag90","2026-06"
"jenkins-infra/repository-permissions-updater/5095","MarkEWaite","2026-06"
"jenkins-infra/release/914","lemeurherve","2026-06"
"jenkins-infra/release/914","lemeurherve","2026-06"
"jenkins-infra/release/914","lemeurherve","2026-06"
"jenkins-infra/release/914","dduportal","2026-06"
"jenkins-infra/release/914","lemeurherve","2026-06"
"jenkins-infra/release/914","dduportal","2026-06"
"jenkins-infra/release/914","lemeurherve","2026-06"
"jenkins-infra/release/914","dduportal","2026-06"
"jenkins-infra/release/914","dduportal","2026-06"
"jenkins-infra/plugin-site/2543","lemeurherve","2026-06"
"jenkins-docs/simple-java-maven-app/1339","gounthar","2026-06"
"jenkins-docs/simple-java-maven-app/1338","gounthar","2026-06"
