org,repository,number,url,state,created_at,merged_at,user.login,month_year,title
"jenkinsci","configuration-as-code-plugin",2910,"https://github.com/jenkinsci/configuration-as-code-plugin/pull/2910","OPEN","2026-09-30T22:01:33Z","","somiljain2006","2026-09","Return internal server error..."
"jenkinsci","lockable-resources-plugin",1092,"https://github.com/jenkinsci/lockable-resources-plugin/pull/1092","OPEN","2026-09-30T21:48:45Z","","vidhumahajan","2026-09","Show locked resource names in..."
"jenkinsci","config-file-provider-plugin",456,"https://github.com/jenkinsci/config-file-provider-plugin/pull/456","OPEN","2026-09-30T21:23:35Z","","mawinter69","2026-09","UI improvements"
"jenkinsci","github-branch-source-plugin",1567,"https://github.com/jenkinsci/github-branch-source-plugin/pull/1567","OPEN","2026-09-30T21:01:14Z","","vanta","2026-09","feat: JENKINS-75343 Add..."
"jenkinsci","aws-secrets-manager-credentials-provider-plugin",357,"https://github.com/jenkinsci/aws-secrets-manager-credentials-provider-plugin/pull/357","MERGED","2026-09-30T20:37:23Z","2026-09-30T20:58:37Z","ashort96","2026-09","fix: bump release drafter"
"jenkinsci","resources-ai-chatbot-plugin",486,"https://github.com/jenkinsci/resources-ai-chatbot-plugin/pull/486","OPEN","2026-09-30T20:02:31Z","","prashantshukla01","2026-09","fix: replace insecure pickle..."
"jenkinsci","xcode-plugin",336,"https://github.com/jenkinsci/xcode-plugin/pull/336","OPEN","2026-09-30T19:34:17Z","","flabrie","2026-09","Cleans and recreates the test..."
"jenkinsci","bom",7513,"https://github.com/jenkinsci/bom/pull/7513","MERGED","2026-09-30T19:14:16Z","2026-09-30T21:58:37Z","MarkEWaite","2026-09","Remove Maven plugin from..."
"jenkinsci","gitlab-oauth-plugin",243,"https://github.com/jenkinsci/gitlab-oauth-plugin/pull/243","OPEN","2026-09-30T18:55:13Z","","sharma-mradul","2026-09","fix: handle unresolved GitLab..."
"jenkinsci","vsphere-cloud-plugin",202,"https://github.com/jenkinsci/vsphere-cloud-plugin/pull/202","MERGED","2026-09-30T18:51:53Z","2026-09-30T19:22:05Z","jimklimov","2026-09","Enable Spotbugs, fix offences..."
"jenkinsci","aws-secrets-manager-credentials-provider-plugin",356,"https://github.com/jenkinsci/aws-secrets-manager-credentials-provider-plugin/pull/356","MERGED","2026-09-30T18:36:32Z","2026-09-30T19:29:51Z","ashort96","2026-09","fix: Run CI on VM agents..."
"jenkinsci","vsphere-cloud-plugin",201,"https://github.com/jenkinsci/vsphere-cloud-plugin/pull/201","MERGED","2026-09-30T18:13:57Z","2026-09-30T18:49:25Z","jimklimov","2026-09","Migrate legacy..."
"jenkinsci","config-file-provider-plugin",455,"https://github.com/jenkinsci/config-file-provider-plugin/pull/455","OPEN","2026-09-30T18:05:51Z","","mawinter69","2026-09","[JENKINS-76555] Track..."
"jenkinsci","vsphere-cloud-plugin",200,"https://github.com/jenkinsci/vsphere-cloud-plugin/pull/200","MERGED","2026-09-30T16:46:17Z","2026-09-30T17:39:56Z","jimklimov","2026-09","Apply and require spotless..."
"jenkinsci","jenkins",27460,"https://github.com/jenkinsci/jenkins/pull/27460","OPEN","2026-09-30T14:58:30Z","","MarkEWaite","2026-09","Use same file name template..."
"jenkinsci","p4-plugin",286,"https://github.com/jenkinsci/p4-plugin/pull/286","OPEN","2026-09-30T14:39:00Z","","strangelookingnerd","2026-09","Ban JUnit 4 imports"
"jenkinsci","github-pr-comment-build-plugin",118,"https://github.com/jenkinsci/github-pr-comment-build-plugin/pull/118","MERGED","2026-09-30T14:38:56Z","2026-09-30T15:20:22Z","strangelookingnerd","2026-09","Ban JUnit 4 imports"
"jenkinsci","jenkins-infra-test-plugin",234,"https://github.com/jenkinsci/jenkins-infra-test-plugin/pull/234","CLOSED","2026-09-30T14:18:12Z","","lemeurherveCB","2026-09","Update Jenkinsfile"
"jenkinsci","docker-plugin",1368,"https://github.com/jenkinsci/docker-plugin/pull/1368","OPEN","2026-09-30T13:57:50Z","","MarkEWaite","2026-09","Revert 'Complete planned..."
"jenkinsci","oic-auth-plugin",797,"https://github.com/jenkinsci/oic-auth-plugin/pull/797","OPEN","2026-09-30T13:53:25Z","","jtnord","2026-09","WIP - download and serve..."
"jenkinsci","datadog-plugin",539,"https://github.com/jenkinsci/datadog-plugin/pull/539","OPEN","2026-09-30T13:10:10Z","","rodrigo-roca","2026-09","Fix Datadog plugin startup on..."
"jenkinsci","openmfa-plugin",14,"https://github.com/jenkinsci/openmfa-plugin/pull/14","OPEN","2026-09-30T12:39:08Z","","Hasal","2026-09","Use the configured issuer in..."
"jenkinsci","cucumber-reports-plugin",565,"https://github.com/jenkinsci/cucumber-reports-plugin/pull/565","OPEN","2026-09-30T12:33:53Z","","mou-i","2026-09","feat: prune large attachments..."
"jenkinsci","blackduck-security-scan-plugin",117,"https://github.com/jenkinsci/blackduck-security-scan-plugin/pull/117","OPEN","2026-09-30T12:16:30Z","","ashahrior","2026-09","SIGINT-6616 -..."
"jenkinsci","createos-sandbox-plugin",17,"https://github.com/jenkinsci/createos-sandbox-plugin/pull/17","CLOSED","2026-09-30T12:04:53Z","","pratikbin","2026-09","chore(ci): refresh cd..."
"jenkinsci","configuration-as-code-plugin",2909,"https://github.com/jenkinsci/configuration-as-code-plugin/pull/2909","OPEN","2026-09-30T11:59:04Z","","YaroslavBorunovv","2026-09","Add opt-in system read access..."
"jenkinsci","bom",7510,"https://github.com/jenkinsci/bom/pull/7510","MERGED","2026-09-30T11:33:33Z","2026-09-30T12:18:29Z","MarkEWaite","2026-09","Use Jenkins 2.580.1 as base..."
"jenkinsci","appscan-plugin",295,"https://github.com/jenkinsci/appscan-plugin/pull/295","OPEN","2026-09-30T11:08:41Z","","vishalhcl-5960","2026-09","ASPL-2392: readme and..."
"jenkinsci","audit-trail-plugin",193,"https://github.com/jenkinsci/audit-trail-plugin/pull/193","OPEN","2026-09-30T10:59:26Z","","sparrowt","2026-09","Fix error logging for..."
"jenkinsci","openmfa-plugin",13,"https://github.com/jenkinsci/openmfa-plugin/pull/13","OPEN","2026-09-30T10:57:56Z","","tombokombo","2026-09","Remember MFA verification for..."
"jenkinsci","hashicorp-vault-plugin",380,"https://github.com/jenkinsci/hashicorp-vault-plugin/pull/380","OPEN","2026-09-30T10:42:18Z","","lomar92","2026-09","feat: Vault PKI secrets..."
"jenkinsci","vsphere-cloud-plugin",199,"https://github.com/jenkinsci/vsphere-cloud-plugin/pull/199","MERGED","2026-09-30T10:26:58Z","2026-09-30T11:14:37Z","jimklimov","2026-09","Handle Form Validation and..."
"jenkinsci","checkmarx-ast-scanner-plugin",441,"https://github.com/jenkinsci/checkmarx-ast-scanner-plugin/pull/441","OPEN","2026-09-30T09:52:22Z","","cx-sumit-morchhale","2026-09","Pipeline fix(AST-182429)"
"jenkinsci","analysis-pom-plugin",1647,"https://github.com/jenkinsci/analysis-pom-plugin/pull/1647","MERGED","2026-09-30T06:52:22Z","2026-09-30T15:06:55Z","uhafner","2026-09","Enable automatic source code..."
"jenkinsci","pipeline-aws-plugin",372,"https://github.com/jenkinsci/pipeline-aws-plugin/pull/372","MERGED","2026-09-30T05:17:29Z","2026-09-30T05:51:28Z","BradyShober","2026-09","Fix for NO_PROXY values with..."
"jenkinsci","chaos-butler-plugin",8,"https://github.com/jenkinsci/chaos-butler-plugin/pull/8","MERGED","2026-09-30T02:25:02Z","2026-09-30T16:49:48Z","ayyYoSam","2026-09","Add CODEOWNERS file"
"jenkinsci","s3-plugin",369,"https://github.com/jenkinsci/s3-plugin/pull/369","MERGED","2026-09-30T02:02:51Z","2026-09-30T16:39:18Z","MarkEWaite","2026-09","Require Jenkins 2.541.3 or..."
"jenkinsci","display-url-api-plugin",307,"https://github.com/jenkinsci/display-url-api-plugin/pull/307","OPEN","2026-09-30T00:18:59Z","","r-asiebert","2026-09","ClassicDisplayURLProvider:..."
"jenkinsci","github-pr-comment-build-plugin",117,"https://github.com/jenkinsci/github-pr-comment-build-plugin/pull/117","MERGED","2026-09-30T00:01:18Z","2026-09-30T00:01:27Z","bluesliverx","2026-09","Update readme to trigger new..."
"jenkinsci","dashboard-view-plugin",454,"https://github.com/jenkinsci/dashboard-view-plugin/pull/454","MERGED","2026-09-29T23:38:50Z","2026-09-30T09:14:20Z","MarkEWaite","2026-09","Require Jenkins 2.541.3 or..."
"jenkinsci","bom",7505,"https://github.com/jenkinsci/bom/pull/7505","MERGED","2026-09-29T23:18:17Z","2026-09-30T00:20:51Z","MarkEWaite","2026-09","Bump..."
"jenkinsci","copyartifact-plugin",577,"https://github.com/jenkinsci/copyartifact-plugin/pull/577","MERGED","2026-09-29T21:55:53Z","2026-09-29T22:49:40Z","MarkEWaite","2026-09","Require Jenkins 2.541.3 or..."
"jenkinsci","explain-error-plugin",233,"https://github.com/jenkinsci/explain-error-plugin/pull/233","MERGED","2026-09-29T17:17:16Z","2026-09-30T12:22:17Z","shenxianpeng","2026-09","feat: support the Responses..."
"jenkinsci","bom",7500,"https://github.com/jenkinsci/bom/pull/7500","CLOSED","2026-09-29T16:23:55Z","","MarkEWaite","2026-09","[WIP] Remove maven plugin..."
"jenkinsci","vsphere-cloud-plugin",198,"https://github.com/jenkinsci/vsphere-cloud-plugin/pull/198","MERGED","2026-09-29T15:29:44Z","2026-09-30T11:14:35Z","jimklimov","2026-09","ReconfigureDisk: add support..."
"jenkinsci","pipeline-aws-plugin",370,"https://github.com/jenkinsci/pipeline-aws-plugin/pull/370","MERGED","2026-09-29T15:19:26Z","2026-09-30T00:38:55Z","mherrmann","2026-09","Create missing parent..."
"jenkinsci","azure-vm-agents-plugin",797,"https://github.com/jenkinsci/azure-vm-agents-plugin/pull/797","MERGED","2026-09-29T14:35:42Z","2026-09-29T15:52:03Z","Jbekker","2026-09","feat: Add option to use upper..."
"jenkinsci","hashicorp-vault-plugin",379,"https://github.com/jenkinsci/hashicorp-vault-plugin/pull/379","CLOSED","2026-09-29T14:09:28Z","","lomar92","2026-09","feat: Vault PKI secrets..."
"jenkinsci","propelo-job-reporter-plugin",44,"https://github.com/jenkinsci/propelo-job-reporter-plugin/pull/44","MERGED","2026-09-29T13:58:22Z","2026-09-30T03:53:40Z","harshit-trivedi01","2026-09","fix: [SEI-18859]: Resolve..."
"jenkinsci","oidc-provider-plugin",216,"https://github.com/jenkinsci/oidc-provider-plugin/pull/216","OPEN","2026-09-29T12:30:45Z","","herbeus","2026-09","Retain the keypair when..."
"jenkinsci","checkmarx-plugin",177,"https://github.com/jenkinsci/checkmarx-plugin/pull/177","OPEN","2026-09-29T10:34:22Z","","cx-pedro-ferraz","2026-09","PLUG-2879 - PLUG-2880 -..."
"jenkinsci","secone-security-scanner-plugin",10,"https://github.com/jenkinsci/secone-security-scanner-plugin/pull/10","MERGED","2026-09-29T10:02:08Z","2026-09-29T10:12:53Z","rahuldarekar222","2026-09","Harden doFill web methods..."
"jenkinsci","secone-security-scanner-plugin",9,"https://github.com/jenkinsci/secone-security-scanner-plugin/pull/9","MERGED","2026-09-29T09:53:50Z","2026-09-29T09:56:49Z","rahuldarekar222","2026-09","SBOM-based SCA, unified CLI..."
"jenkinsci","jenkins",27457,"https://github.com/jenkinsci/jenkins/pull/27457","OPEN","2026-09-29T08:21:07Z","","Kanhaiya76618","2026-09","Fix quoted label atom and..."
"jenkinsci","warnings-ng-plugin",3439,"https://github.com/jenkinsci/warnings-ng-plugin/pull/3439","MERGED","2026-09-29T07:19:11Z","2026-09-29T14:25:23Z","janfaracik","2026-09","Fix minimum position of..."
"jenkinsci","coverage-plugin",831,"https://github.com/jenkinsci/coverage-plugin/pull/831","MERGED","2026-09-29T07:19:07Z","2026-09-29T14:26:16Z","janfaracik","2026-09","Fix minimum position of..."
"jenkinsci","JiraTestResultReporter-plugin",332,"https://github.com/jenkinsci/JiraTestResultReporter-plugin/pull/332","MERGED","2026-09-29T06:35:42Z","2026-09-29T06:56:53Z","chcg","2026-09","compiler hints"
"jenkinsci","JiraTestResultReporter-plugin",331,"https://github.com/jenkinsci/JiraTestResultReporter-plugin/pull/331","MERGED","2026-09-29T06:34:03Z","2026-09-29T08:56:40Z","chcg","2026-09","fix #218"
"jenkinsci","explain-error-plugin",231,"https://github.com/jenkinsci/explain-error-plugin/pull/231","OPEN","2026-09-29T04:20:16Z","","shenxianpeng","2026-09","feat: add safeguards and..."
"jenkinsci","debian-pbuilder-plugin",11,"https://github.com/jenkinsci/debian-pbuilder-plugin/pull/11","MERGED","2026-09-29T00:33:37Z","2026-09-29T01:41:39Z","rm5248","2026-09","Make folders by arch"
"jenkinsci","copy-project-link-plugin",132,"https://github.com/jenkinsci/copy-project-link-plugin/pull/132","MERGED","2026-09-28T22:27:52Z","2026-09-28T22:29:04Z","AbdulRepo54","2026-09","Fix spacing in README.md..."
"jenkinsci","gradle-jpi-plugin",471,"https://github.com/jenkinsci/gradle-jpi-plugin/pull/471","MERGED","2026-09-28T22:09:55Z","2026-09-29T17:20:17Z","rahulsom","2026-09","fix: avoid resolving..."
"jenkinsci","pipeline-dora-metrics-plugin",26,"https://github.com/jenkinsci/pipeline-dora-metrics-plugin/pull/26","MERGED","2026-09-28T20:58:47Z","2026-09-28T21:31:13Z","Bisman-Singh","2026-09","fix: keep an earlier job's..."
"jenkinsci","pipeline-dora-metrics-plugin",25,"https://github.com/jenkinsci/pipeline-dora-metrics-plugin/pull/25","MERGED","2026-09-28T19:50:33Z","2026-09-28T20:55:38Z","Bisman-Singh","2026-09","fix: correct the DORA..."
"jenkinsci","xcode-plugin",334,"https://github.com/jenkinsci/xcode-plugin/pull/334","OPEN","2026-09-28T19:05:50Z","","flabrie","2026-09","Documentation update"
"jenkinsci","xcode-plugin",333,"https://github.com/jenkinsci/xcode-plugin/pull/333","OPEN","2026-09-28T19:03:10Z","","flabrie","2026-09","Deprecated code migration"
"jenkinsci","managed-scripts-plugin",93,"https://github.com/jenkinsci/managed-scripts-plugin/pull/93","OPEN","2026-09-28T18:30:07Z","","flabrie","2026-09","Documentation update"
"jenkinsci","managed-scripts-plugin",92,"https://github.com/jenkinsci/managed-scripts-plugin/pull/92","OPEN","2026-09-28T18:29:10Z","","flabrie","2026-09","Deprecated code migration"
"jenkinsci","maven-plugin",434,"https://github.com/jenkinsci/maven-plugin/pull/434","OPEN","2026-09-28T17:40:17Z","","MarkEWaite","2026-09","Remove call to..."
"jenkinsci","jobcacher-plugin",535,"https://github.com/jenkinsci/jobcacher-plugin/pull/535","CLOSED","2026-09-28T16:11:01Z","","jonesbusy","2026-09","Fix InvalidPathException..."
"jenkinsci","gitlab-branch-source-plugin",773,"https://github.com/jenkinsci/gitlab-branch-source-plugin/pull/773","OPEN","2026-09-28T15:22:54Z","","stumoss","2026-09","fix: avoid reindexing..."
"jenkinsci","bom",7496,"https://github.com/jenkinsci/bom/pull/7496","CLOSED","2026-09-28T15:18:57Z","","MarkEWaite","2026-09","[WIP] Test 2.584 pre-release..."
"jenkinsci","bom",7495,"https://github.com/jenkinsci/bom/pull/7495","MERGED","2026-09-28T15:11:48Z","2026-09-28T16:19:28Z","MarkEWaite","2026-09","Remove authorize project test..."
"jenkinsci","configuration-as-code-plugin",2907,"https://github.com/jenkinsci/configuration-as-code-plugin/pull/2907","MERGED","2026-09-28T14:52:42Z","2026-09-29T06:29:21Z","kalayciburak","2026-09","Return HTTP 500 when token..."
"jenkinsci","jenkins",27453,"https://github.com/jenkinsci/jenkins/pull/27453","CLOSED","2026-09-28T14:40:27Z","","MarkEWaite","2026-09","Test master branch and a few..."
"jenkinsci","explain-error-plugin",230,"https://github.com/jenkinsci/explain-error-plugin/pull/230","MERGED","2026-09-28T11:29:26Z","2026-09-28T17:33:17Z","shenxianpeng","2026-09","feat: add returnStructured..."
"jenkinsci","explain-error-plugin",229,"https://github.com/jenkinsci/explain-error-plugin/pull/229","MERGED","2026-09-28T11:29:16Z","2026-09-28T17:31:54Z","shenxianpeng","2026-09","test: fix Mockito stubbing..."
"jenkinsci","docker",2474,"https://github.com/jenkinsci/docker/pull/2474","MERGED","2026-09-28T09:21:00Z","2026-09-28T11:29:43Z","lemeurherve","2026-09","Backport of `master` into..."
"jenkinsci","appscan-plugin",294,"https://github.com/jenkinsci/appscan-plugin/pull/294","MERGED","2026-09-28T07:22:06Z","2026-09-28T13:24:36Z","vishalhcl-5960","2026-09","ASPL 2389: Update Bouncy..."
"jenkinsci","gradle-jpi-plugin",470,"https://github.com/jenkinsci/gradle-jpi-plugin/pull/470","MERGED","2026-09-28T02:40:15Z","2026-09-28T16:33:34Z","rahulsom","2026-09","test: assert Gradle tasks..."
"jenkinsci","gradle-jpi-plugin",469,"https://github.com/jenkinsci/gradle-jpi-plugin/pull/469","MERGED","2026-09-28T01:55:15Z","2026-09-28T16:32:37Z","rahulsom","2026-09","refactor: use writeString"
"jenkinsci","gradle-jpi-plugin",468,"https://github.com/jenkinsci/gradle-jpi-plugin/pull/468","MERGED","2026-09-28T01:51:28Z","2026-09-28T16:32:37Z","rahulsom","2026-09","refactor: Extract methods to..."
"jenkinsci","gradle-jpi-plugin",467,"https://github.com/jenkinsci/gradle-jpi-plugin/pull/467","MERGED","2026-09-28T01:48:03Z","2026-09-28T16:32:37Z","rahulsom","2026-09","chore: Add description/group..."
"jenkinsci","gradle-jpi-plugin",466,"https://github.com/jenkinsci/gradle-jpi-plugin/pull/466","MERGED","2026-09-28T01:44:57Z","2026-09-28T16:32:37Z","rahulsom","2026-09","chore: Improve nullity..."
"jenkinsci","tdoms-plugin",8,"https://github.com/jenkinsci/tdoms-plugin/pull/8","MERGED","2026-09-27T20:46:02Z","2026-09-27T20:46:53Z","wimjongman","2026-09","Add support for rootfiles and..."
"jenkinsci","gerrit-trigger-plugin",1037,"https://github.com/jenkinsci/gerrit-trigger-plugin/pull/1037","OPEN","2026-09-27T19:28:47Z","","gregorburger","2026-09","Use credentials from SSH..."
"jenkinsci","pipeline-dora-metrics-plugin",24,"https://github.com/jenkinsci/pipeline-dora-metrics-plugin/pull/24","OPEN","2026-09-27T18:49:25Z","","Gbolahan-Aziz","2026-09","fix: keep a build's id..."
"jenkinsci","jenkins",27448,"https://github.com/jenkinsci/jenkins/pull/27448","OPEN","2026-09-27T16:05:41Z","","Kanhaiya76618","2026-09","Display active system..."
"jenkinsci","jenkins",27447,"https://github.com/jenkinsci/jenkins/pull/27447","OPEN","2026-09-27T14:34:41Z","","janfaracik","2026-09","Enable experimental Job UI by..."
"jenkinsci","jenkins",27446,"https://github.com/jenkinsci/jenkins/pull/27446","OPEN","2026-09-27T13:32:42Z","","Shreyas-Madake","2026-09","Fix unbounded handshake and..."
"jenkinsci","coverage-model",329,"https://github.com/jenkinsci/coverage-model/pull/329","MERGED","2026-09-27T13:18:59Z","2026-09-27T20:23:26Z","uhafner","2026-09","Enable automatic source code..."
"jenkinsci","analysis-model",1580,"https://github.com/jenkinsci/analysis-model/pull/1580","MERGED","2026-09-27T13:18:41Z","2026-09-27T20:23:44Z","uhafner","2026-09","Enable automatic source code..."
"jenkinsci","sonar-gerrit-plugin",316,"https://github.com/jenkinsci/sonar-gerrit-plugin/pull/316","MERGED","2026-09-27T12:36:02Z","2026-09-28T00:29:05Z","reda-alaoui","2026-09","Resolve plugin threads whose..."
"jenkinsci","tdoms-plugin",6,"https://github.com/jenkinsci/tdoms-plugin/pull/6","MERGED","2026-09-27T12:26:33Z","2026-09-27T12:34:40Z","wimjongman","2026-09","Fix github repo in pom #5"
"jenkinsci","sonar-gerrit-plugin",315,"https://github.com/jenkinsci/sonar-gerrit-plugin/pull/315","MERGED","2026-09-27T10:10:57Z","2026-09-27T11:24:16Z","reda-alaoui","2026-09","Run test classes in parallel..."
"jenkinsci","acceptance-test-harness",2844,"https://github.com/jenkinsci/acceptance-test-harness/pull/2844","MERGED","2026-09-27T08:15:29Z","2026-09-27T17:06:56Z","timja","2026-09","Allow fine-grained control of..."
"jenkinsci","sonar-gerrit-plugin",314,"https://github.com/jenkinsci/sonar-gerrit-plugin/pull/314","MERGED","2026-09-27T08:04:20Z","2026-09-27T08:47:47Z","reda-alaoui","2026-09","sonarToGerrit fetches a..."
"jenkinsci","jenkins",27445,"https://github.com/jenkinsci/jenkins/pull/27445","OPEN","2026-09-27T05:56:23Z","","Bryandero98","2026-09","[JENKINS-31511] Do not match..."
"jenkinsci","gradle-jpi-plugin",465,"https://github.com/jenkinsci/gradle-jpi-plugin/pull/465","MERGED","2026-09-27T04:05:48Z","2026-09-27T20:27:52Z","rahulsom","2026-09","refactor: Remove last..."
"jenkinsci","mcp-server-plugin",262,"https://github.com/jenkinsci/mcp-server-plugin/pull/262","MERGED","2026-09-27T01:35:53Z","2026-09-29T04:34:56Z","srinikvs","2026-09","Fix NPE in findJobsWithScmUrl..."
"jenkinsci","gradle-jpi-plugin",464,"https://github.com/jenkinsci/gradle-jpi-plugin/pull/464","MERGED","2026-09-26T22:16:07Z","2026-09-27T20:54:26Z","rahulsom","2026-09","test: Add unit tests for pure..."
"jenkinsci","gradle-jpi-plugin",463,"https://github.com/jenkinsci/gradle-jpi-plugin/pull/463","MERGED","2026-09-26T22:01:58Z","2026-09-26T23:23:57Z","rahulsom","2026-09","chore: Modernize gradle code"
"jenkinsci","gradle-jpi-plugin",462,"https://github.com/jenkinsci/gradle-jpi-plugin/pull/462","MERGED","2026-09-26T21:59:10Z","2026-09-26T23:23:57Z","rahulsom","2026-09","chore(build): Introduce..."
"jenkinsci","gradle-jpi-plugin",461,"https://github.com/jenkinsci/gradle-jpi-plugin/pull/461","MERGED","2026-09-26T21:37:51Z","2026-09-26T23:23:57Z","rahulsom","2026-09","chore: Include nested..."
"jenkinsci","docker",2472,"https://github.com/jenkinsci/docker/pull/2472","OPEN","2026-09-26T15:45:03Z","","lemeurherve","2026-09","chore(updatecli): add a..."
"jenkinsci","tdoms-plugin",4,"https://github.com/jenkinsci/tdoms-plugin/pull/4","MERGED","2026-09-26T15:31:40Z","2026-09-26T15:31:51Z","wimjongman","2026-09","Splits the steps and add..."
"jenkinsci","cloudbees-folder-plugin",750,"https://github.com/jenkinsci/cloudbees-folder-plugin/pull/750","OPEN","2026-09-26T11:56:28Z","","alexggordon","2026-09","Make ComputedFolder child..."
"jenkinsci","pipeline-dora-metrics-plugin",23,"https://github.com/jenkinsci/pipeline-dora-metrics-plugin/pull/23","OPEN","2026-09-26T11:27:42Z","","Gbolahan-Aziz","2026-09","feat: run the build history..."
"jenkinsci","pipeline-dora-metrics-plugin",22,"https://github.com/jenkinsci/pipeline-dora-metrics-plugin/pull/22","OPEN","2026-09-26T11:10:42Z","","Gbolahan-Aziz","2026-09","feat: import existing build..."
"jenkinsci","managed-scripts-plugin",91,"https://github.com/jenkinsci/managed-scripts-plugin/pull/91","MERGED","2026-09-26T10:10:23Z","2026-09-26T10:28:21Z","flabrie","2026-09","Add back groupId without the..."
"jenkinsci","pipeline-graph-view-plugin",1467,"https://github.com/jenkinsci/pipeline-graph-view-plugin/pull/1467","OPEN","2026-09-26T10:09:19Z","","nebezpechnoste","2026-09","Keep console annotations in..."
"jenkinsci","mcp-server-plugin",260,"https://github.com/jenkinsci/mcp-server-plugin/pull/260","OPEN","2026-09-26T02:01:05Z","","iwarapter","2026-09","feat: add Jenkins pipeline..."
"jenkinsci","ai-agent-plugin",61,"https://github.com/jenkinsci/ai-agent-plugin/pull/61","MERGED","2026-09-26T01:20:02Z","2026-09-26T06:15:50Z","bvolpato","2026-09","Update dependency..."
"jenkinsci","pipeline-graph-view-plugin",1466,"https://github.com/jenkinsci/pipeline-graph-view-plugin/pull/1466","MERGED","2026-09-26T00:02:55Z","2026-09-26T06:59:35Z","donydonald1","2026-09","Keep wide pipeline graphs..."
"jenkinsci","jenkins",27440,"https://github.com/jenkinsci/jenkins/pull/27440","OPEN","2026-09-25T22:49:38Z","","MarkEWaite","2026-09","Replace JUnit 4 assume logic..."
"jenkinsci","cucumber-reports-plugin",564,"https://github.com/jenkinsci/cucumber-reports-plugin/pull/564","MERGED","2026-09-25T21:52:16Z","2026-09-25T22:03:35Z","damianszczepanik","2026-09","Jaipilot/plugin parent..."
"jenkinsci","managed-scripts-plugin",90,"https://github.com/jenkinsci/managed-scripts-plugin/pull/90","MERGED","2026-09-25T20:54:07Z","2026-09-25T21:01:40Z","flabrie","2026-09","Skip JavaDoc"
"jenkinsci","cursor-origin-branch-source-plugin",51,"https://github.com/jenkinsci/cursor-origin-branch-source-plugin/pull/51","MERGED","2026-09-25T20:04:13Z","2026-09-25T20:11:37Z","jtnord","2026-09","Update..."
"jenkinsci","managed-scripts-plugin",89,"https://github.com/jenkinsci/managed-scripts-plugin/pull/89","MERGED","2026-09-25T19:57:23Z","2026-09-25T20:14:25Z","flabrie","2026-09","Code and layout enhancements"
"jenkinsci","groovy-label-assignment-plugin",12,"https://github.com/jenkinsci/groovy-label-assignment-plugin/pull/12","MERGED","2026-09-25T19:42:04Z","2026-09-26T09:37:24Z","kitos9112","2026-09","Migrate the tests to JUnit 5"
"jenkinsci","groovy-label-assignment-plugin",11,"https://github.com/jenkinsci/groovy-label-assignment-plugin/pull/11","MERGED","2026-09-25T19:08:26Z","2026-09-25T19:25:44Z","kitos9112","2026-09","Suppress the SpotBugs NPE..."
"jenkinsci","jenkins",27439,"https://github.com/jenkinsci/jenkins/pull/27439","MERGED","2026-09-25T19:01:02Z","2026-09-27T12:12:26Z","MarkEWaite","2026-09","Increase minimum required..."
"jenkinsci","warnings-ng-plugin",3438,"https://github.com/jenkinsci/warnings-ng-plugin/pull/3438","OPEN","2026-09-25T18:55:18Z","","nayanraj864-cmyk","2026-09","Improve display of multiline..."
"jenkinsci","managed-scripts-plugin",88,"https://github.com/jenkinsci/managed-scripts-plugin/pull/88","MERGED","2026-09-25T18:48:49Z","2026-09-25T18:59:08Z","flabrie","2026-09","Delete old release drafter"
"jenkinsci","chaos-butler-plugin",7,"https://github.com/jenkinsci/chaos-butler-plugin/pull/7","MERGED","2026-09-25T18:38:12Z","2026-09-26T02:08:31Z","ayyYoSam","2026-09","chore: enable continuous..."
"jenkinsci","script-security-plugin",931,"https://github.com/jenkinsci/script-security-plugin/pull/931","OPEN","2026-09-25T17:34:01Z","","janfaracik","2026-09","Fix test for new Manage..."
"jenkinsci","xcode-plugin",332,"https://github.com/jenkinsci/xcode-plugin/pull/332","CLOSED","2026-09-25T17:26:45Z","","flabrie","2026-09","Add lost JUnit4 Ban property."
"jenkinsci","active-directory-plugin",725,"https://github.com/jenkinsci/active-directory-plugin/pull/725","MERGED","2026-09-25T17:19:44Z","2026-09-30T13:27:30Z","janfaracik","2026-09","Remove 'Apply' test"
"jenkinsci","hpe-application-automation-tools-plugin",1599,"https://github.com/jenkinsci/hpe-application-automation-tools-plugin/pull/1599","MERGED","2026-09-25T17:10:27Z","2026-09-29T07:30:22Z","dorin7bogdan","2026-09","DEF-2328333 [Jenkins]..."
"jenkinsci","junit-plugin",1265,"https://github.com/jenkinsci/junit-plugin/pull/1265","OPEN","2026-09-25T17:01:11Z","","janfaracik","2026-09","Add 'Copy as prompt' button"
"jenkinsci","managed-scripts-plugin",87,"https://github.com/jenkinsci/managed-scripts-plugin/pull/87","MERGED","2026-09-25T16:51:40Z","2026-09-25T17:30:13Z","flabrie","2026-09","Project update and..."
"jenkinsci","groovy-label-assignment-plugin",10,"https://github.com/jenkinsci/groovy-label-assignment-plugin/pull/10","MERGED","2026-09-25T16:48:38Z","2026-09-25T19:25:07Z","kitos9112","2026-09","Add the Jenkins Security Scan..."
"jenkinsci","groovy-label-assignment-plugin",9,"https://github.com/jenkinsci/groovy-label-assignment-plugin/pull/9","MERGED","2026-09-25T16:47:44Z","2026-09-25T19:25:27Z","kitos9112","2026-09","Enable continuous delivery"
"jenkinsci","groovy-label-assignment-plugin",8,"https://github.com/jenkinsci/groovy-label-assignment-plugin/pull/8","MERGED","2026-09-25T16:45:47Z","2026-09-25T19:03:27Z","kitos9112","2026-09","Support Jenkins 2.579 and..."
"jenkinsci","github-pr-comment-build-plugin",116,"https://github.com/jenkinsci/github-pr-comment-build-plugin/pull/116","MERGED","2026-09-25T16:43:51Z","2026-09-29T23:49:24Z","ankitgupta0910","2026-09","Track rescan-and-retry..."
"jenkinsci","datadog-plugin",538,"https://github.com/jenkinsci/datadog-plugin/pull/538","OPEN","2026-09-25T16:36:10Z","","afontan","2026-09","Fix NullPointerException when..."
"jenkinsci","chatwork-plugin",74,"https://github.com/jenkinsci/chatwork-plugin/pull/74","MERGED","2026-09-25T16:09:20Z","2026-09-25T16:14:46Z","sue445","2026-09","ci: enable Jenkins Security..."
"jenkinsci","oras-java-api-plugin",140,"https://github.com/jenkinsci/oras-java-api-plugin/pull/140","MERGED","2026-09-25T14:52:10Z","2026-09-25T19:03:33Z","jonesbusy","2026-09","ORAS update to 0.8.5"
"jenkinsci","bom",7488,"https://github.com/jenkinsci/bom/pull/7488","OPEN","2026-09-25T14:41:58Z","","janfaracik","2026-09","Test Enable new Manage..."
"jenkinsci","chatwork-plugin",73,"https://github.com/jenkinsci/chatwork-plugin/pull/73","MERGED","2026-09-25T14:08:54Z","2026-09-25T14:09:13Z","sue445","2026-09","docs: clarify requirements..."
"jenkinsci","cla",121,"https://github.com/jenkinsci/cla/pull/121","CLOSED","2026-09-25T13:24:19Z","","apuig","2026-09","submit CLA"
"jenkinsci","cla",120,"https://github.com/jenkinsci/cla/pull/120","CLOSED","2026-09-25T12:44:23Z","","mikecirioli","2026-09","signing CCLA"
"jenkinsci","junit-plugin",1264,"https://github.com/jenkinsci/junit-plugin/pull/1264","MERGED","2026-09-25T12:24:05Z","2026-09-25T12:56:19Z","janfaracik","2026-09","Update Failure and Skipped..."
"jenkinsci","junit-plugin",1263,"https://github.com/jenkinsci/junit-plugin/pull/1263","MERGED","2026-09-25T12:22:31Z","2026-09-25T13:32:12Z","janfaracik","2026-09"," Show regressions and fixes..."
"jenkinsci","chatwork-plugin",72,"https://github.com/jenkinsci/chatwork-plugin/pull/72","MERGED","2026-09-25T11:02:58Z","2026-09-25T11:04:37Z","sue445","2026-09","Revert 'Configure Maven..."
"jenkinsci","chatwork-plugin",71,"https://github.com/jenkinsci/chatwork-plugin/pull/71","MERGED","2026-09-25T10:54:31Z","2026-09-25T10:54:43Z","sue445","2026-09","Add github-actions config to..."
"jenkinsci","chatwork-plugin",70,"https://github.com/jenkinsci/chatwork-plugin/pull/70","MERGED","2026-09-25T10:44:54Z","2026-09-25T13:07:38Z","sue445","2026-09","Enabled plugin releases via..."
"jenkinsci","chatwork-plugin",69,"https://github.com/jenkinsci/chatwork-plugin/pull/69","MERGED","2026-09-25T10:43:01Z","2026-09-25T10:43:11Z","sue445","2026-09","Revert 'Add release workflow'"
"jenkinsci","docker",2471,"https://github.com/jenkinsci/docker/pull/2471","OPEN","2026-09-25T10:42:00Z","","shrimech","2026-09","Security/verify jdk gpg..."
"jenkinsci","JiraTestResultReporter-plugin",329,"https://github.com/jenkinsci/JiraTestResultReporter-plugin/pull/329","MERGED","2026-09-25T10:35:46Z","2026-09-25T10:58:23Z","chcg","2026-09","Fix some findings from extra..."
"jenkinsci","JiraTestResultReporter-plugin",328,"https://github.com/jenkinsci/JiraTestResultReporter-plugin/pull/328","MERGED","2026-09-25T10:14:15Z","2026-09-25T11:10:09Z","chcg","2026-09","partial fix #218 for..."
"jenkinsci","chatwork-plugin",68,"https://github.com/jenkinsci/chatwork-plugin/pull/68","MERGED","2026-09-25T10:03:13Z","2026-09-25T10:09:33Z","sue445","2026-09","Add release workflow"
"jenkinsci","chatwork-plugin",67,"https://github.com/jenkinsci/chatwork-plugin/pull/67","MERGED","2026-09-25T09:33:18Z","2026-09-25T09:50:33Z","sue445","2026-09","Modernize plugin"
"jenkinsci","docker",2470,"https://github.com/jenkinsci/docker/pull/2470","OPEN","2026-09-25T09:22:18Z","","shrimech","2026-09","Fix/verify jdk archives"
"jenkinsci","createos-sandbox-plugin",16,"https://github.com/jenkinsci/createos-sandbox-plugin/pull/16","MERGED","2026-09-25T08:42:16Z","2026-09-28T04:43:26Z","BhautikChudasama","2026-09","fix(security): validate..."
"jenkinsci","createos-sandbox-plugin",15,"https://github.com/jenkinsci/createos-sandbox-plugin/pull/15","MERGED","2026-09-25T08:26:42Z","2026-09-28T04:43:17Z","BhautikChudasama","2026-09","fix(exec): fail when exit..."
"jenkinsci","createos-sandbox-plugin",14,"https://github.com/jenkinsci/createos-sandbox-plugin/pull/14","MERGED","2026-09-25T07:26:44Z","2026-09-28T04:51:58Z","BhautikChudasama","2026-09","fix(security): require TLS..."
"jenkinsci","docker",2467,"https://github.com/jenkinsci/docker/pull/2467","CLOSED","2026-09-25T06:29:50Z","","shrimech","2026-09","fix(windows): normalize..."
"jenkinsci","createos-sandbox-plugin",13,"https://github.com/jenkinsci/createos-sandbox-plugin/pull/13","MERGED","2026-09-25T06:19:55Z","2026-09-28T04:43:40Z","BhautikChudasama","2026-09","fix(cloud): cap and clean up..."
"jenkinsci","pipeline-aws-plugin",368,"https://github.com/jenkinsci/pipeline-aws-plugin/pull/368","MERGED","2026-09-25T03:20:33Z","2026-09-25T16:35:15Z","BradyShober","2026-09","Avoid transfer manager for..."
"jenkinsci","jenkins",27434,"https://github.com/jenkinsci/jenkins/pull/27434","OPEN","2026-09-24T23:05:33Z","","Kanhaiya76618","2026-09","Bound progressive console..."
"jenkinsci","workflow-job-plugin",800,"https://github.com/jenkinsci/workflow-job-plugin/pull/800","OPEN","2026-09-24T20:33:18Z","","jglick","2026-09","Fail `WorkflowRun.onLoad`..."
"jenkinsci","coverage-plugin",830,"https://github.com/jenkinsci/coverage-plugin/pull/830","MERGED","2026-09-24T20:33:08Z","2026-09-25T06:50:46Z","uhafner","2026-09","Remove summary in the legacy..."
"jenkinsci","workflow-job-plugin",799,"https://github.com/jenkinsci/workflow-job-plugin/pull/799","OPEN","2026-09-24T20:30:35Z","","jglick","2026-09","Fail `WorkflowRun.onLoad`..."
"jenkinsci","pipeline-graph-view-plugin",1465,"https://github.com/jenkinsci/pipeline-graph-view-plugin/pull/1465","MERGED","2026-09-24T20:21:43Z","2026-09-26T06:39:59Z","TommasoMolesti","2026-09","Make skipped stages clickable..."
"jenkinsci","git-collect-plugin",6,"https://github.com/jenkinsci/git-collect-plugin/pull/6","MERGED","2026-09-24T16:54:07Z","2026-09-24T17:01:38Z","panicking","2026-09","CollectGitStep: Build the SCM..."
"jenkinsci","git-collect-plugin",5,"https://github.com/jenkinsci/git-collect-plugin/pull/5","MERGED","2026-09-24T15:40:47Z","2026-09-24T16:08:25Z","panicking","2026-09","CollectGitStep: Collect the..."
"jenkinsci","sauce-ondemand-plugin",270,"https://github.com/jenkinsci/sauce-ondemand-plugin/pull/270","MERGED","2026-09-24T14:22:55Z","2026-09-29T03:25:46Z","slvinittomar","2026-09","[SECURITY-3770] Add..."
"jenkinsci","docker-plugin",1366,"https://github.com/jenkinsci/docker-plugin/pull/1366","MERGED","2026-09-24T14:04:07Z","2026-09-30T14:00:15Z","pguinet","2026-09","Do not cache a plain HTTP..."
"jenkinsci","sysdig-secure-plugin",175,"https://github.com/jenkinsci/sysdig-secure-plugin/pull/175","OPEN","2026-09-24T13:48:41Z","","tembleking","2026-09","chore(deps): update BOM,..."
"jenkinsci","appscan-plugin",293,"https://github.com/jenkinsci/appscan-plugin/pull/293","MERGED","2026-09-24T13:48:27Z","2026-09-25T10:37:29Z","vishalhcl-5960","2026-09","ASPL-2361: Serialization..."
"jenkinsci","qmetry-for-jira-test-management-plugin",27,"https://github.com/jenkinsci/qmetry-for-jira-test-management-plugin/pull/27","MERGED","2026-09-24T13:24:28Z","2026-09-28T05:55:03Z","abhishek-shah-sb","2026-09","[QFJV-17048] Added support..."
"jenkinsci","bom",7481,"https://github.com/jenkinsci/bom/pull/7481","MERGED","2026-09-24T13:13:27Z","2026-09-24T14:23:24Z","MarkEWaite","2026-09","Drop SonarQube Scanner from..."
"jenkinsci","helm-charts",1765,"https://github.com/jenkinsci/helm-charts/pull/1765","MERGED","2026-09-24T12:42:38Z","2026-09-24T13:47:05Z","QuentinBtd","2026-09","feat(jenkins): support..."
"jenkinsci","jenkins",27433,"https://github.com/jenkinsci/jenkins/pull/27433","CLOSED","2026-09-24T12:17:13Z","","salmandev","2026-09","Fix crumb legacy fallback"
"jenkinsci","bom",7479,"https://github.com/jenkinsci/bom/pull/7479","MERGED","2026-09-24T12:16:52Z","2026-09-24T12:54:13Z","MarkEWaite","2026-09","Remove Pipeline graph view..."
"jenkinsci","createos-sandbox-plugin",12,"https://github.com/jenkinsci/createos-sandbox-plugin/pull/12","MERGED","2026-09-24T11:54:15Z","2026-09-24T13:18:32Z","BhautikChudasama","2026-09","fix(security): require..."
"jenkinsci","badge-plugin",380,"https://github.com/jenkinsci/badge-plugin/pull/380","MERGED","2026-09-24T11:16:53Z","2026-09-24T11:40:48Z","strangelookingnerd","2026-09","Fix UITest for core 2.583..."
"jenkinsci","cla",119,"https://github.com/jenkinsci/cla/pull/119","CLOSED","2026-09-24T10:57:39Z","","mikecirioli","2026-09","joining cla"
"jenkinsci","dark-theme-plugin",758,"https://github.com/jenkinsci/dark-theme-plugin/pull/758","OPEN","2026-09-24T10:14:17Z","","janfaracik","2026-09","Support elevation variables"
"jenkinsci","createos-sandbox-plugin",11,"https://github.com/jenkinsci/createos-sandbox-plugin/pull/11","MERGED","2026-09-24T09:57:17Z","2026-09-24T10:58:44Z","pratikbin","2026-09","Non-breaking internal cleanup"
"jenkinsci","createos-sandbox-plugin",10,"https://github.com/jenkinsci/createos-sandbox-plugin/pull/10","MERGED","2026-09-24T09:22:37Z","2026-09-24T10:28:43Z","BhautikChudasama","2026-09","fix: API key exposure in..."
"jenkinsci","rebuild-plugin",250,"https://github.com/jenkinsci/rebuild-plugin/pull/250","OPEN","2026-09-24T08:40:50Z","","Dufoo","2026-09","Fix empty checkbox label on..."
"jenkinsci","bom",7475,"https://github.com/jenkinsci/bom/pull/7475","CLOSED","2026-09-24T07:18:53Z","","janfaracik","2026-09","Test 'Standardise..."
"jenkinsci","acceptance-test-harness",2830,"https://github.com/jenkinsci/acceptance-test-harness/pull/2830","OPEN","2026-09-24T07:18:33Z","","janfaracik","2026-09","Test 'Standardise..."
"jenkinsci","checkmarx-ast-scanner-plugin",440,"https://github.com/jenkinsci/checkmarx-ast-scanner-plugin/pull/440","MERGED","2026-09-24T07:02:17Z","2026-09-25T08:11:13Z","cx-atish-jadhav","2026-09","Add StringUtils and bump..."
"jenkinsci","p4-plugin",285,"https://github.com/jenkinsci/p4-plugin/pull/285","OPEN","2026-09-24T06:32:50Z","","HeikoNardmann","2026-09","[JENKINS-76553] Make console..."
"jenkinsci","packaging",746,"https://github.com/jenkinsci/packaging/pull/746","OPEN","2026-09-24T06:09:04Z","","SidheshwarSarangal","2026-09","Test on AlmaLinux 10"
"jenkinsci","gradle-jpi-plugin",460,"https://github.com/jenkinsci/gradle-jpi-plugin/pull/460","MERGED","2026-09-24T05:13:47Z","2026-09-26T16:45:15Z","rahulsom","2026-09","Configure and Apply Spotless"
"jenkinsci","gradle-jpi-plugin",459,"https://github.com/jenkinsci/gradle-jpi-plugin/pull/459","MERGED","2026-09-24T05:02:30Z","2026-09-25T06:00:15Z","rahulsom","2026-09","docs: Make build.gradle.kts..."
"jenkinsci","ec2-fleet-plugin",592,"https://github.com/jenkinsci/ec2-fleet-plugin/pull/592","MERGED","2026-09-24T04:36:22Z","2026-09-24T05:07:16Z","BradyShober","2026-09","Fix executor scaling when..."
"jenkinsci","hashicorp-vault-plugin",378,"https://github.com/jenkinsci/hashicorp-vault-plugin/pull/378","OPEN","2026-09-23T23:35:40Z","","wvikum","2026-09","Track credential usage so..."
"jenkinsci","dashboard-view-plugin",453,"https://github.com/jenkinsci/dashboard-view-plugin/pull/453","OPEN","2026-09-23T23:27:11Z","","akashchamp","2026-09","Use theme-aware CSS colors..."
"jenkinsci","github-branch-source-plugin",1566,"https://github.com/jenkinsci/github-branch-source-plugin/pull/1566","OPEN","2026-09-23T22:57:07Z","","jglick","2026-09","Demo of..."
"jenkinsci","jenkins",27432,"https://github.com/jenkinsci/jenkins/pull/27432","MERGED","2026-09-23T22:48:09Z","2026-09-25T20:21:20Z","log0u7","2026-09","Remove dead '.crumb' fallback..."
"jenkinsci","bom",7473,"https://github.com/jenkinsci/bom/pull/7473","MERGED","2026-09-23T21:41:00Z","2026-09-24T03:51:08Z","MarkEWaite","2026-09","Exclude two Pipeline graph..."
"jenkinsci","workflow-basic-steps-plugin",556,"https://github.com/jenkinsci/workflow-basic-steps-plugin/pull/556","OPEN","2026-09-23T21:30:22Z","","jglick","2026-09","Demo of..."
"jenkinsci","JiraTestResultReporter-plugin",326,"https://github.com/jenkinsci/JiraTestResultReporter-plugin/pull/326","MERGED","2026-09-23T21:26:46Z","2026-09-23T23:13:45Z","chcg","2026-09","partial fix #218"
"jenkinsci","cursor-origin-branch-source-plugin",50,"https://github.com/jenkinsci/cursor-origin-branch-source-plugin/pull/50","OPEN","2026-09-23T21:20:55Z","","jglick","2026-09","Demo of..."
"jenkinsci","build-failure-analyzer-plugin",419,"https://github.com/jenkinsci/build-failure-analyzer-plugin/pull/419","OPEN","2026-09-23T20:54:22Z","","Volodjam","2026-09","JENKINS-75673: Stop..."
"jenkinsci","acceptance-test-harness",2829,"https://github.com/jenkinsci/acceptance-test-harness/pull/2829","CLOSED","2026-09-23T20:31:10Z","","janfaracik","2026-09","Test 'Path finding'"
"jenkinsci","vectorcast-execution-plugin",235,"https://github.com/jenkinsci/vectorcast-execution-plugin/pull/235","OPEN","2026-09-23T20:17:48Z","","TimSVector","2026-09","Tms 081"
"jenkinsci","xcode-plugin",170,"https://github.com/jenkinsci/xcode-plugin/pull/170","MERGED","2026-09-23T19:44:13Z","2026-09-24T19:09:23Z","flabrie","2026-09","Project update and..."
"jenkinsci","jenkins",27430,"https://github.com/jenkinsci/jenkins/pull/27430","OPEN","2026-09-23T19:13:00Z","","jglick","2026-09","`AgentToControllerCallable`"
"jenkinsci","pipeline-dora-metrics-plugin",20,"https://github.com/jenkinsci/pipeline-dora-metrics-plugin/pull/20","MERGED","2026-09-23T19:08:58Z","2026-09-27T14:26:14Z","Gbolahan-Aziz","2026-09","refactor: extract..."
"jenkinsci","plugin-pom",1448,"https://github.com/jenkinsci/plugin-pom/pull/1448","OPEN","2026-09-23T18:47:39Z","","uhafner","2026-09","Revert version of..."
"jenkinsci","rest-list-parameter-plugin",279,"https://github.com/jenkinsci/rest-list-parameter-plugin/pull/279","MERGED","2026-09-23T18:02:52Z","2026-09-23T18:22:52Z","mymarche","2026-09","Pipeline and CLI validation..."
"jenkinsci","cloudbees-enabler-plugin",55,"https://github.com/jenkinsci/cloudbees-enabler-plugin/pull/55","MERGED","2026-09-23T17:14:24Z","2026-09-30T08:50:12Z","jgarciacloudbees","2026-09","Swap the updateCenter..."
"jenkinsci","cla",118,"https://github.com/jenkinsci/cla/pull/118","CLOSED","2026-09-23T17:10:55Z","","gbhat618","2026-09","Sign CLA"
"jenkinsci","rest-list-parameter-plugin",278,"https://github.com/jenkinsci/rest-list-parameter-plugin/pull/278","MERGED","2026-09-23T16:04:10Z","2026-09-23T17:08:03Z","mymarche","2026-09","refactor: migrate credential..."
"jenkinsci","analysis-pom-plugin",1646,"https://github.com/jenkinsci/analysis-pom-plugin/pull/1646","MERGED","2026-09-23T15:36:17Z","2026-09-23T15:49:10Z","uhafner","2026-09","Revert version of..."
"jenkinsci","jenkins",27428,"https://github.com/jenkinsci/jenkins/pull/27428","OPEN","2026-09-23T14:42:37Z","","Kanhaiya76618","2026-09","Canonicalize cached label..."
"jenkinsci","cursor-origin-branch-source-plugin",49,"https://github.com/jenkinsci/cursor-origin-branch-source-plugin/pull/49","MERGED","2026-09-23T14:32:03Z","2026-09-25T13:05:25Z","jtnord","2026-09","Support rebuilding from the..."
"jenkinsci","jenkins",27427,"https://github.com/jenkinsci/jenkins/pull/27427","CLOSED","2026-09-23T13:36:11Z","","alokkumardalei-wq","2026-09","Prevent recursive environment..."
"jenkinsci","xcode-plugin",169,"https://github.com/jenkinsci/xcode-plugin/pull/169","MERGED","2026-09-23T13:28:32Z","2026-09-23T13:36:04Z","flabrie","2026-09","Restore the wrapped component..."
"jenkinsci","gitlab-plugin",1949,"https://github.com/jenkinsci/gitlab-plugin/pull/1949","OPEN","2026-09-23T13:03:41Z","","autoantwort","2026-09","Attach commit statuses to the..."
"jenkinsci","cursor-origin-branch-source-plugin",48,"https://github.com/jenkinsci/cursor-origin-branch-source-plugin/pull/48","MERGED","2026-09-23T09:57:12Z","2026-09-23T11:16:12Z","twasyl","2026-09","Formatting the README"
"jenkinsci","mcp-server-plugin",258,"https://github.com/jenkinsci/mcp-server-plugin/pull/258","MERGED","2026-09-23T08:45:45Z","2026-09-24T09:07:38Z","versus-deeplay","2026-09","getBuildLog: default to the..."
"jenkinsci","pipeline-global-lib-nexus-plugin",35,"https://github.com/jenkinsci/pipeline-global-lib-nexus-plugin/pull/35","MERGED","2026-09-23T08:17:20Z","2026-09-23T18:27:22Z","ewaldwittrock","2026-09","Update NexusRetriever.java"
"jenkinsci","mcp-server-plugin",257,"https://github.com/jenkinsci/mcp-server-plugin/pull/257","MERGED","2026-09-23T08:00:35Z","2026-09-24T07:25:07Z","versus-deeplay","2026-09","Add per-tool defaultTree so..."
"jenkinsci","groovy-postbuild-plugin",206,"https://github.com/jenkinsci/groovy-postbuild-plugin/pull/206","MERGED","2026-09-23T07:43:12Z","2026-10-01T06:10:17Z","Sekator778","2026-09","Keep the setBuildNumber..."
"jenkinsci","jenkins",27426,"https://github.com/jenkinsci/jenkins/pull/27426","CLOSED","2026-09-23T07:17:54Z","","janfaracik","2026-09","Fix path finding issue"
"jenkinsci","groovy-postbuild-plugin",205,"https://github.com/jenkinsci/groovy-postbuild-plugin/pull/205","MERGED","2026-09-23T05:33:55Z","2026-09-26T06:37:31Z","Sekator778","2026-09","Correct the manager help for..."
"jenkinsci","groovy-postbuild-plugin",204,"https://github.com/jenkinsci/groovy-postbuild-plugin/pull/204","MERGED","2026-09-23T05:33:52Z","2026-09-30T07:22:28Z","Sekator778","2026-09","Add addShortText(text,..."
"jenkinsci","groovy-postbuild-plugin",203,"https://github.com/jenkinsci/groovy-postbuild-plugin/pull/203","MERGED","2026-09-23T05:33:47Z","2026-09-26T06:37:48Z","Sekator778","2026-09","Approve createSummary(),..."
"jenkinsci","mcp-server-plugin",256,"https://github.com/jenkinsci/mcp-server-plugin/pull/256","MERGED","2026-09-23T04:50:31Z","2026-09-23T05:17:45Z","olamy","2026-09","Add per-tool permission..."
"jenkinsci","remote-result-trigger-plugin",47,"https://github.com/jenkinsci/remote-result-trigger-plugin/pull/47","MERGED","2026-09-23T02:50:59Z","2026-09-23T02:58:36Z","itfsw","2026-09","Delete unused TestConst.java"
"jenkinsci","gradle-jpi-plugin",458,"https://github.com/jenkinsci/gradle-jpi-plugin/pull/458","MERGED","2026-09-23T01:35:34Z","2026-09-24T01:34:15Z","rahulsom","2026-09","chore: Drop jpi plugin"
"jenkinsci","bom",7467,"https://github.com/jenkinsci/bom/pull/7467","MERGED","2026-09-22T20:24:52Z","2026-09-23T02:16:14Z","MarkEWaite","2026-09","Exclude badge plugin UI test..."
"jenkinsci","jfrog-plugin",64,"https://github.com/jenkinsci/jfrog-plugin/pull/64","CLOSED","2026-09-22T19:58:57Z","","udaykb2","2026-09","Rteco 1662 maven native..."
"jenkinsci","jenkins",27424,"https://github.com/jenkinsci/jenkins/pull/27424","OPEN","2026-09-22T18:51:30Z","","nebezpechnoste","2026-09","Keep ANSI colours in the live..."
"jenkinsci","rest-list-parameter-plugin",277,"https://github.com/jenkinsci/rest-list-parameter-plugin/pull/277","MERGED","2026-09-22T18:25:34Z","2026-09-22T19:14:56Z","mymarche","2026-09","feat: unify the parameter..."
"jenkinsci","xcode-plugin",165,"https://github.com/jenkinsci/xcode-plugin/pull/165","MERGED","2026-09-22T18:05:58Z","2026-09-22T20:00:54Z","flabrie","2026-09","Update Jenkins version..."
"jenkinsci","explain-error-plugin",228,"https://github.com/jenkinsci/explain-error-plugin/pull/228","MERGED","2026-09-22T17:23:41Z","2026-09-22T17:28:00Z","shenxianpeng","2026-09","docs: update security..."
"jenkinsci","rest-list-parameter-plugin",276,"https://github.com/jenkinsci/rest-list-parameter-plugin/pull/276","MERGED","2026-09-22T16:42:52Z","2026-09-22T18:28:13Z","mymarche","2026-09","fix: notify dependent..."
"jenkinsci","s3-jobcacher-storage-plugin",86,"https://github.com/jenkinsci/s3-jobcacher-storage-plugin/pull/86","MERGED","2026-09-22T16:34:25Z","2026-09-22T17:03:15Z","apuig","2026-09","Replace MinIO with RustFS in..."
"jenkinsci","cucumber-reports-plugin",563,"https://github.com/jenkinsci/cucumber-reports-plugin/pull/563","OPEN","2026-09-22T16:32:57Z","","mou-i","2026-09","feat: add controller..."
"jenkinsci","conjur-credentials-plugin",50,"https://github.com/jenkinsci/conjur-credentials-plugin/pull/50","OPEN","2026-09-22T16:02:38Z","","csturiale","2026-09","Add..."
"jenkinsci","matlab-plugin",60,"https://github.com/jenkinsci/matlab-plugin/pull/60","MERGED","2026-09-22T15:43:16Z","2026-09-22T18:37:42Z","mw-hrastega","2026-09","Use updated terminology"
"jenkinsci","pipeline-dora-metrics-plugin",19,"https://github.com/jenkinsci/pipeline-dora-metrics-plugin/pull/19","MERGED","2026-09-22T13:40:34Z","2026-09-22T13:48:54Z","Bisman-Singh","2026-09","chore: drop the redundant..."
"jenkinsci","artifact-manager-s3-plugin",815,"https://github.com/jenkinsci/artifact-manager-s3-plugin/pull/815","MERGED","2026-09-22T13:38:44Z","2026-09-22T13:47:53Z","apuig","2026-09","Replace MinIO with RustFS in..."
"jenkinsci","rest-list-parameter-plugin",275,"https://github.com/jenkinsci/rest-list-parameter-plugin/pull/275","MERGED","2026-09-22T12:49:22Z","2026-09-22T13:50:53Z","mymarche","2026-09","feat: load parameter..."
"jenkinsci","cursor-origin-branch-source-plugin",47,"https://github.com/jenkinsci/cursor-origin-branch-source-plugin/pull/47","MERGED","2026-09-22T12:35:54Z","2026-09-22T12:42:59Z","jglick","2026-09","Add permission check to..."
"jenkinsci","blackduck-security-scan-plugin",115,"https://github.com/jenkinsci/blackduck-security-scan-plugin/pull/115","MERGED","2026-09-22T11:58:02Z","2026-09-22T12:00:52Z","jahid1209","2026-09","Changed plugin version to..."
"jenkinsci","rest-list-parameter-plugin",274,"https://github.com/jenkinsci/rest-list-parameter-plugin/pull/274","MERGED","2026-09-22T10:28:36Z","2026-09-22T10:40:26Z","mymarche","2026-09","fix: read submitted parameter..."
"jenkinsci","propelo-job-reporter-plugin",43,"https://github.com/jenkinsci/propelo-job-reporter-plugin/pull/43","MERGED","2026-09-22T10:09:36Z","2026-09-23T12:06:42Z","risana-rasheed","2026-09","feat: [SEI-18706]: Add..."
"jenkinsci","aws-codebuild-plugin",29,"https://github.com/jenkinsci/aws-codebuild-plugin/pull/29","MERGED","2026-09-22T10:02:09Z","2026-09-22T10:23:48Z","ahmedwalid05","2026-09","Remove Apache Commons Lang 2..."
"jenkinsci","rest-list-parameter-plugin",273,"https://github.com/jenkinsci/rest-list-parameter-plugin/pull/273","MERGED","2026-09-22T09:53:27Z","2026-09-22T10:03:16Z","mymarche","2026-09","build: align CI configuration..."
"jenkinsci","checkmarx-ast-scanner-plugin",439,"https://github.com/jenkinsci/checkmarx-ast-scanner-plugin/pull/439","OPEN","2026-09-22T09:09:09Z","","cx-atish-jadhav","2026-09","Migrate tests to JUnit 5 &..."
"jenkinsci","rest-list-parameter-plugin",272,"https://github.com/jenkinsci/rest-list-parameter-plugin/pull/272","MERGED","2026-09-22T09:02:04Z","2026-09-22T09:41:18Z","mymarche","2026-09","feat: follow paginated REST..."
"jenkinsci","bitbucket-branch-source-plugin",1249,"https://github.com/jenkinsci/bitbucket-branch-source-plugin/pull/1249","MERGED","2026-09-22T08:56:36Z","2026-09-22T11:22:07Z","nfalco79","2026-09","[JENKINS-76215] Support for..."
"jenkinsci","checkmarx-ast-scanner-plugin",438,"https://github.com/jenkinsci/checkmarx-ast-scanner-plugin/pull/438","OPEN","2026-09-22T08:53:59Z","","cx-atish-jadhav","2026-09","Switch to commons-lang3..."
"jenkinsci","active-git-branches-plugin",3,"https://github.com/jenkinsci/active-git-branches-plugin/pull/3","MERGED","2026-09-22T07:42:39Z","2026-09-22T07:48:38Z","litchicoder","2026-09","Clarify how to sort branches..."
"jenkinsci","pipeline-graph-view-plugin",1464,"https://github.com/jenkinsci/pipeline-graph-view-plugin/pull/1464","MERGED","2026-09-22T07:02:54Z","2026-09-22T07:13:15Z","janfaracik","2026-09","Fix test on Jenkins 2.583"
"jenkinsci","cloudbees-jenkins-advisor-plugin",247,"https://github.com/jenkinsci/cloudbees-jenkins-advisor-plugin/pull/247","MERGED","2026-09-22T05:33:26Z","2026-09-23T11:57:14Z","Dohbedoh","2026-09","[JENKINS-76551] Fix multipart..."
"jenkinsci","resources-ai-chatbot-plugin",480,"https://github.com/jenkinsci/resources-ai-chatbot-plugin/pull/480","CLOSED","2026-09-22T05:17:13Z","","maindevhoon","2026-09","fix: preserve API keys with..."
"jenkinsci","bom",7463,"https://github.com/jenkinsci/bom/pull/7463","CLOSED","2026-09-22T02:57:34Z","","MarkEWaite","2026-09","Test core 2.583 before..."
"jenkinsci","git-plugin",4003,"https://github.com/jenkinsci/git-plugin/pull/4003","CLOSED","2026-09-21T22:45:34Z","","MarkEWaite","2026-09","[WIP] Test Jenkins test..."
"jenkinsci","bom",7461,"https://github.com/jenkinsci/bom/pull/7461","CLOSED","2026-09-21T22:37:08Z","","MarkEWaite","2026-09","Test Jenkins pull requests..."
"jenkinsci","cursor-origin-branch-source-plugin",46,"https://github.com/jenkinsci/cursor-origin-branch-source-plugin/pull/46","MERGED","2026-09-21T22:33:02Z","2026-09-21T22:51:25Z","jglick","2026-09","Replace installationId..."
"jenkinsci","cursor-origin-branch-source-plugin",45,"https://github.com/jenkinsci/cursor-origin-branch-source-plugin/pull/45","MERGED","2026-09-21T22:16:06Z","2026-09-21T22:45:42Z","jglick","2026-09","Docs"
"jenkinsci","rest-list-parameter-plugin",270,"https://github.com/jenkinsci/rest-list-parameter-plugin/pull/270","MERGED","2026-09-21T21:18:33Z","2026-09-21T21:46:38Z","mymarche","2026-09","feat: add REST Multi List..."
"jenkinsci","jenkins",27422,"https://github.com/jenkinsci/jenkins/pull/27422","CLOSED","2026-09-21T20:12:53Z","","MarkEWaite","2026-09","[WIP] Test recent pull..."
"jenkinsci","rest-list-parameter-plugin",269,"https://github.com/jenkinsci/rest-list-parameter-plugin/pull/269","MERGED","2026-09-21T20:10:37Z","2026-09-21T20:32:51Z","mymarche","2026-09","fix: treat an empty result as..."
"jenkinsci","rest-list-parameter-plugin",268,"https://github.com/jenkinsci/rest-list-parameter-plugin/pull/268","MERGED","2026-09-21T20:05:39Z","2026-09-21T20:18:56Z","mymarche","2026-09","fix: export parameter value..."
"jenkinsci","rest-list-parameter-plugin",267,"https://github.com/jenkinsci/rest-list-parameter-plugin/pull/267","MERGED","2026-09-21T19:44:53Z","2026-09-21T19:56:18Z","mymarche","2026-09","fix: value resolution, rerun,..."
"jenkinsci","osf-builder-suite-for-sfcc-deploy-plugin",23,"https://github.com/jenkinsci/osf-builder-suite-for-sfcc-deploy-plugin/pull/23","MERGED","2026-09-21T17:33:08Z","2026-09-21T18:22:54Z","danechitoaie","2026-09","Fix/two factor auth ssl trust"
"jenkinsci","helm-charts",1764,"https://github.com/jenkinsci/helm-charts/pull/1764","OPEN","2026-09-21T16:50:18Z","","mkallfass","2026-09","fix(jenkins): copy plugins..."
"jenkinsci","acceptance-test-harness",2828,"https://github.com/jenkinsci/acceptance-test-harness/pull/2828","MERGED","2026-09-21T16:17:31Z","2026-09-25T15:22:10Z","janfaracik","2026-09","Improve form element path..."
"jenkinsci","workflow-multibranch-plugin",586,"https://github.com/jenkinsci/workflow-multibranch-plugin/pull/586","MERGED","2026-09-21T16:12:35Z","2026-09-21T16:32:08Z","jglick","2026-09","Do not try to build on JDK 17"
"jenkinsci","workflow-support-plugin",432,"https://github.com/jenkinsci/workflow-support-plugin/pull/432","MERGED","2026-09-21T15:42:04Z","2026-09-21T16:06:36Z","jglick","2026-09","Deflaking..."
"jenkinsci","pipeline-dora-metrics-plugin",16,"https://github.com/jenkinsci/pipeline-dora-metrics-plugin/pull/16","MERGED","2026-09-21T15:08:47Z","2026-09-21T15:19:38Z","Bisman-Singh","2026-09","fix: apply job read..."
"jenkinsci","json-editor-parameter-plugin",65,"https://github.com/jenkinsci/json-editor-parameter-plugin/pull/65","MERGED","2026-09-21T11:11:29Z","2026-09-21T15:15:06Z","nebezpechnoste","2026-09","Make the page-wide Bootstrap..."
"jenkinsci","aws-codebuild-plugin",28,"https://github.com/jenkinsci/aws-codebuild-plugin/pull/28","MERGED","2026-09-21T09:13:21Z","2026-09-21T09:19:49Z","ahmedwalid05","2026-09","Fix phase table rendering,..."
"jenkinsci","jenkins",27419,"https://github.com/jenkinsci/jenkins/pull/27419","MERGED","2026-09-21T06:38:26Z","2026-09-23T20:21:37Z","janfaracik","2026-09","Use new `surface` mixin in..."
"jenkinsci","artifact-manager-s3-plugin",813,"https://github.com/jenkinsci/artifact-manager-s3-plugin/pull/813","OPEN","2026-09-21T05:03:10Z","","BradyShober","2026-09","Migrate from jclouds to AWS..."
"jenkinsci","resources-ai-chatbot-plugin",478,"https://github.com/jenkinsci/resources-ai-chatbot-plugin/pull/478","OPEN","2026-09-21T04:33:31Z","","maindevhoon","2026-09","test: add unit tests for..."
"jenkinsci","github-checks-plugin",544,"https://github.com/jenkinsci/github-checks-plugin/pull/544","MERGED","2026-09-21T01:22:11Z","2026-09-21T15:08:54Z","AzazelSensei","2026-09","Document unique GitHub check..."
"jenkinsci","jenkins",27414,"https://github.com/jenkinsci/jenkins/pull/27414","MERGED","2026-09-20T22:53:57Z","2026-09-25T20:20:31Z","Kanhaiya76618","2026-09","Fix TypeError in..."
"jenkinsci","pipeline-dora-metrics-plugin",13,"https://github.com/jenkinsci/pipeline-dora-metrics-plugin/pull/13","MERGED","2026-09-20T19:59:07Z","2026-09-21T14:54:58Z","Bisman-Singh","2026-09","fix: record every run of a..."
"jenkinsci","kubernetes-ephemeral-container-plugin",41,"https://github.com/jenkinsci/kubernetes-ephemeral-container-plugin/pull/41","MERGED","2026-09-20T18:28:15Z","2026-09-20T18:38:36Z","cronik","2026-09","feat: exclude ErrImagePull..."
"jenkinsci","kubernetes-ephemeral-container-plugin",40,"https://github.com/jenkinsci/kubernetes-ephemeral-container-plugin/pull/40","MERGED","2026-09-20T17:38:06Z","2026-09-20T18:14:49Z","cronik","2026-09","chore: spotless apply and..."
"jenkinsci","coverage-plugin",822,"https://github.com/jenkinsci/coverage-plugin/pull/822","MERGED","2026-09-20T16:43:29Z","2026-09-20T18:33:01Z","uhafner","2026-09","Use Jenkins theme colors in..."
"jenkinsci","analysis-pom-plugin",1644,"https://github.com/jenkinsci/analysis-pom-plugin/pull/1644","MERGED","2026-09-20T15:26:56Z","2026-09-20T15:42:04Z","uhafner","2026-09","Remove obsolete Maven fork..."
"jenkinsci","jenkins",27413,"https://github.com/jenkinsci/jenkins/pull/27413","OPEN","2026-09-20T14:08:59Z","","ArneshBanerjee","2026-09","Fix 404 when deleting an..."
"jenkinsci","build-history-manager-plugin",275,"https://github.com/jenkinsci/build-history-manager-plugin/pull/275","MERGED","2026-09-20T14:02:42Z","2026-09-20T14:49:25Z","damianszczepanik","2026-09","Adds tests to cover missing..."
"jenkinsci","git-collect-plugin",4,"https://github.com/jenkinsci/git-collect-plugin/pull/4","MERGED","2026-09-20T13:27:22Z","2026-09-20T13:39:14Z","panicking","2026-09","Feat/add browsing options"
"jenkinsci","coverage-plugin",821,"https://github.com/jenkinsci/coverage-plugin/pull/821","MERGED","2026-09-20T12:42:02Z","2026-09-20T18:32:48Z","uhafner","2026-09","Replace O(n²) CSS hover..."
"jenkinsci","jenkins",27412,"https://github.com/jenkinsci/jenkins/pull/27412","CLOSED","2026-09-20T11:28:19Z","","jiteshkhatri11","2026-09","Fix duplicate labels for..."
"jenkinsci","junit-plugin",1260,"https://github.com/jenkinsci/junit-plugin/pull/1260","MERGED","2026-09-20T11:10:48Z","2026-09-20T11:34:46Z","janfaracik","2026-09","Fix regression text being..."
"jenkinsci","jenkins",27411,"https://github.com/jenkinsci/jenkins/pull/27411","MERGED","2026-09-20T08:54:47Z","2026-09-21T05:59:07Z","janfaracik","2026-09","Remove experimental Manage..."
"jenkinsci","jenkins",27410,"https://github.com/jenkinsci/jenkins/pull/27410","MERGED","2026-09-20T08:39:34Z","2026-09-21T06:00:29Z","janfaracik","2026-09","Fix search suggestions race..."
"jenkinsci","jenkins",27409,"https://github.com/jenkinsci/jenkins/pull/27409","CLOSED","2026-09-20T08:11:54Z","","ArneshBanerjee","2026-09","Fix 404 when deleting an..."
"jenkinsci","active-git-branches-plugin",2,"https://github.com/jenkinsci/active-git-branches-plugin/pull/2","MERGED","2026-09-20T06:27:09Z","2026-09-20T06:55:15Z","litchicoder","2026-09","Add Release Drafter..."
"jenkinsci","active-git-branches-plugin",1,"https://github.com/jenkinsci/active-git-branches-plugin/pull/1","MERGED","2026-09-20T05:44:16Z","2026-09-20T05:53:35Z","litchicoder","2026-09","Initial release of the Active..."
"jenkinsci","ssh-agent-plugin",320,"https://github.com/jenkinsci/ssh-agent-plugin/pull/320","MERGED","2026-09-20T02:54:14Z","2026-09-29T21:40:33Z","mahdipub","2026-09","fix: support Cygwin ssh-agent..."
"jenkinsci","ssh-agent-plugin",319,"https://github.com/jenkinsci/ssh-agent-plugin/pull/319","CLOSED","2026-09-20T02:52:40Z","","mahdipub","2026-09","fix: support Cygwin ssh-agent..."
"jenkinsci","email-ext-plugin",1607,"https://github.com/jenkinsci/email-ext-plugin/pull/1607","OPEN","2026-09-19T14:29:38Z","","7assan2yman","2026-09","Preserve thread interrupt..."
"jenkinsci","executors-monitor-plugin",6,"https://github.com/jenkinsci/executors-monitor-plugin/pull/6","MERGED","2026-09-19T13:08:49Z","2026-09-19T13:17:06Z","jimklimov","2026-09","Bug: missing `@ExportedBean`..."
"jenkinsci","build-history-manager-plugin",274,"https://github.com/jenkinsci/build-history-manager-plugin/pull/274","MERGED","2026-09-19T12:48:34Z","2026-09-19T14:35:50Z","damianszczepanik","2026-09","Update and review README.md"
"jenkinsci","jenkins",27408,"https://github.com/jenkinsci/jenkins/pull/27408","OPEN","2026-09-19T10:42:13Z","","janfaracik","2026-09","Add filtering to experimental..."
"jenkinsci","cloudbees-disk-usage-simple-plugin",199,"https://github.com/jenkinsci/cloudbees-disk-usage-simple-plugin/pull/199","MERGED","2026-09-19T08:01:35Z","2026-09-20T03:50:30Z","StefanSpieker","2026-09","Remove 'Resources' section..."
"jenkinsci","keycloak-plugin",34,"https://github.com/jenkinsci/keycloak-plugin/pull/34","MERGED","2026-09-19T05:55:40Z","2026-09-19T06:15:57Z","mrmateo","2026-09","JENKINS-76547: Fix redirects..."
"jenkinsci","gitlab-branch-source-plugin",772,"https://github.com/jenkinsci/gitlab-branch-source-plugin/pull/772","OPEN","2026-09-19T00:51:42Z","","stevenschlansker","2026-09","Post the terminal commit..."
"jenkinsci","remote-file-plugin",199,"https://github.com/jenkinsci/remote-file-plugin/pull/199","CLOSED","2026-09-18T23:28:18Z","","knoxfox69","2026-09","Migrate from commons-lang..."
"jenkinsci","junit-plugin",1259,"https://github.com/jenkinsci/junit-plugin/pull/1259","MERGED","2026-09-18T22:36:06Z","2026-09-19T07:45:08Z","jglick","2026-09","Adapt tests which assumed..."
"jenkinsci","branch-api-plugin",828,"https://github.com/jenkinsci/branch-api-plugin/pull/828","MERGED","2026-09-18T22:15:45Z","2026-09-21T12:17:36Z","jglick","2026-09","Adapt..."
"jenkinsci","jenkins",27406,"https://github.com/jenkinsci/jenkins/pull/27406","MERGED","2026-09-18T22:13:13Z","2026-09-26T14:03:35Z","jglick","2026-09","Do not persist `workspaceDir`..."
"jenkinsci","zscan-upload-plugin",12,"https://github.com/jenkinsci/zscan-upload-plugin/pull/12","MERGED","2026-09-18T20:51:26Z","2026-09-18T21:30:18Z","exlegalalien","2026-09","Fail builds based on scan..."
"jenkinsci","aws-java-sdk2-plugin",178,"https://github.com/jenkinsci/aws-java-sdk2-plugin/pull/178","OPEN","2026-09-18T20:42:32Z","","clarkbains","2026-09","Add KMS Plugin"
"jenkinsci","google-chat-notification-plugin",166,"https://github.com/jenkinsci/google-chat-notification-plugin/pull/166","MERGED","2026-09-18T19:59:17Z","2026-09-18T20:16:03Z","Ryudo302","2026-09","feat: Add JCasC support for..."
"jenkinsci","build-change-investigator-plugin",11,"https://github.com/jenkinsci/build-change-investigator-plugin/pull/11","MERGED","2026-09-18T19:01:49Z","2026-09-18T19:24:02Z","azeemsidd3","2026-09","Fix Maven recovery lifecycle..."
"jenkinsci","oidc-provider-plugin",211,"https://github.com/jenkinsci/oidc-provider-plugin/pull/211","MERGED","2026-09-18T18:15:47Z","2026-09-18T20:13:10Z","jglick","2026-09","Revert tests/docs about..."
"jenkinsci","workflow-job-plugin",796,"https://github.com/jenkinsci/workflow-job-plugin/pull/796","MERGED","2026-09-18T18:10:01Z","2026-09-18T20:12:51Z","jglick","2026-09","Revert “Populate..."
"jenkinsci","jenkins",27405,"https://github.com/jenkinsci/jenkins/pull/27405","OPEN","2026-09-18T16:47:59Z","","Mayur013","2026-09","side panel build-panel..."
"jenkinsci","warnings-ng-plugin",3428,"https://github.com/jenkinsci/warnings-ng-plugin/pull/3428","MERGED","2026-09-18T16:47:18Z","2026-09-24T08:50:05Z","uhafner","2026-09","Only map `Severity.LOW` to..."
"jenkinsci","gradle-jpi-plugin",457,"https://github.com/jenkinsci/gradle-jpi-plugin/pull/457","MERGED","2026-09-18T16:14:57Z","2026-09-18T17:35:19Z","rahulsom","2026-09","Fix GitHub release..."
"jenkinsci","analysis-model",1574,"https://github.com/jenkinsci/analysis-model/pull/1574","MERGED","2026-09-18T16:10:45Z","2026-09-18T16:43:12Z","uhafner","2026-09","Add some helper methods to..."
"jenkinsci","jenkins",27404,"https://github.com/jenkinsci/jenkins/pull/27404","CLOSED","2026-09-18T16:07:52Z","","Kanhaiya76618","2026-09","Fix TypeError in..."
"jenkinsci","bom",7442,"https://github.com/jenkinsci/bom/pull/7442","MERGED","2026-09-18T15:08:00Z","2026-09-18T15:44:10Z","krisstern","2026-09","chore: rotate bom release..."
"jenkinsci","docker",2462,"https://github.com/jenkinsci/docker/pull/2462","MERGED","2026-09-18T14:06:36Z","2026-09-20T14:29:33Z","lemeurherve","2026-09","Backport of `master` into..."
"jenkinsci","cursor-origin-branch-source-plugin",42,"https://github.com/jenkinsci/cursor-origin-branch-source-plugin/pull/42","MERGED","2026-09-18T12:53:38Z","2026-09-18T13:00:39Z","jglick","2026-09","Mark plugin as beta"
"jenkinsci","holistic-plugin",10,"https://github.com/jenkinsci/holistic-plugin/pull/10","MERGED","2026-09-18T11:24:19Z","2026-09-18T11:35:23Z","Colere-Sys","2026-09","Measure the just-regressed..."
"jenkinsci","holistic-plugin",8,"https://github.com/jenkinsci/holistic-plugin/pull/8","MERGED","2026-09-18T11:18:11Z","2026-09-18T11:26:57Z","Colere-Sys","2026-09","Add live demo link and demo..."
"jenkinsci","rancher-manager-plugin",8,"https://github.com/jenkinsci/rancher-manager-plugin/pull/8","MERGED","2026-09-18T07:37:41Z","2026-09-18T08:06:31Z","mlinops","2026-09","Fix HTTP redirect abort text..."
"jenkinsci","portainer-plugin",3,"https://github.com/jenkinsci/portainer-plugin/pull/3","MERGED","2026-09-18T06:33:22Z","2026-09-18T07:10:09Z","mlinops","2026-09","Fix abort text for HTTPS..."
"jenkinsci","chaos-butler-plugin",6,"https://github.com/jenkinsci/chaos-butler-plugin/pull/6","MERGED","2026-09-18T01:07:56Z","2026-09-18T15:09:59Z","ayyYoSam","2026-09","Add Release Drafter..."
"jenkinsci","cursor-origin-branch-source-plugin",40,"https://github.com/jenkinsci/cursor-origin-branch-source-plugin/pull/40","MERGED","2026-09-17T20:47:15Z","2026-09-17T20:52:26Z","jglick","2026-09","Updated OpenAPI"
"jenkinsci","build-history-manager-plugin",273,"https://github.com/jenkinsci/build-history-manager-plugin/pull/273","MERGED","2026-09-17T20:42:32Z","2026-09-17T21:06:36Z","damianszczepanik","2026-09","Validate if global..."
"jenkinsci","build-history-manager-plugin",272,"https://github.com/jenkinsci/build-history-manager-plugin/pull/272","CLOSED","2026-09-17T20:13:58Z","","damianszczepanik","2026-09","Exclude Messages.java from..."
"jenkinsci","metadefender-plugin",5,"https://github.com/jenkinsci/metadefender-plugin/pull/5","MERGED","2026-09-17T19:55:19Z","2026-09-17T20:02:31Z","vlam0120","2026-09","Remove dependency on Apache..."
"jenkinsci","gerrit-checks-api-plugin",25,"https://github.com/jenkinsci/gerrit-checks-api-plugin/pull/25","OPEN","2026-09-17T16:40:11Z","","panicking","2026-09","Fix/rerun url must include..."
"jenkinsci","bom",7439,"https://github.com/jenkinsci/bom/pull/7439","MERGED","2026-09-17T15:32:18Z","2026-09-17T15:32:38Z","krisstern","2026-09","chore: set cron job time for..."
"jenkinsci","credentials-binding-plugin",546,"https://github.com/jenkinsci/credentials-binding-plugin/pull/546","CLOSED","2026-09-17T15:31:49Z","","jmvega-pki","2026-09","Re-resolve selected bound..."
"jenkinsci","analysis-pom-plugin",1642,"https://github.com/jenkinsci/analysis-pom-plugin/pull/1642","MERGED","2026-09-17T12:40:24Z","2026-09-17T14:47:51Z","uhafner","2026-09","Bump Node to 24.21.0 and NPM..."
"jenkinsci","jira-steps-plugin",284,"https://github.com/jenkinsci/jira-steps-plugin/pull/284","OPEN","2026-09-17T12:00:15Z","","gero-lindemann-at-eventim","2026-09","fixing jira cloud usage"
"jenkinsci","nexus-artifact-uploader-plugin",136,"https://github.com/jenkinsci/nexus-artifact-uploader-plugin/pull/136","OPEN","2026-09-17T11:09:52Z","","Arbuzov","2026-09","[JENKINS-59177] Return the..."
"jenkinsci","nexus-artifact-uploader-plugin",135,"https://github.com/jenkinsci/nexus-artifact-uploader-plugin/pull/135","OPEN","2026-09-17T11:09:34Z","","Arbuzov","2026-09","[JENKINS-59177] Record the..."
"jenkinsci","plugin-util-api-plugin",545,"https://github.com/jenkinsci/plugin-util-api-plugin/pull/545","MERGED","2026-09-17T09:53:39Z","2026-09-17T14:48:46Z","uhafner","2026-09","Add NVD Api key to..."
"jenkinsci","coverage-model",326,"https://github.com/jenkinsci/coverage-model/pull/326","MERGED","2026-09-17T09:49:25Z","2026-09-17T10:23:36Z","uhafner","2026-09","Add NVD Api key to..."
"jenkinsci","analysis-model",1573,"https://github.com/jenkinsci/analysis-model/pull/1573","MERGED","2026-09-17T09:49:04Z","2026-09-17T10:23:40Z","uhafner","2026-09","Add NVD Api key to..."
"jenkinsci","groovy-postbuild-plugin",202,"https://github.com/jenkinsci/groovy-postbuild-plugin/pull/202","MERGED","2026-09-17T07:04:31Z","2026-09-20T08:54:30Z","Sekator778","2026-09","Add removeBadgeActions()..."
"jenkinsci","script-security-plugin",928,"https://github.com/jenkinsci/script-security-plugin/pull/928","MERGED","2026-09-17T06:38:03Z","2026-09-17T15:51:55Z","nevingeorgesunny","2026-09","Whitelist NullObject methods..."
"jenkinsci","support-core-plugin",996,"https://github.com/jenkinsci/support-core-plugin/pull/996","MERGED","2026-09-17T00:20:15Z","2026-09-17T12:12:01Z","jglick","2026-09","Do not call..."
"jenkinsci","atlassian-bitbucket-server-integration-plugin",498,"https://github.com/jenkinsci/atlassian-bitbucket-server-integration-plugin/pull/498","MERGED","2026-09-16T23:21:41Z","2026-09-17T03:35:39Z","atl-dyon","2026-09","fix tab in..."
"jenkinsci","kubernetes-plugin",2880,"https://github.com/jenkinsci/kubernetes-plugin/pull/2880","MERGED","2026-09-16T19:33:32Z","2026-09-16T20:41:31Z","jglick","2026-09","Track down error in..."
"jenkinsci","build-change-investigator-plugin",10,"https://github.com/jenkinsci/build-change-investigator-plugin/pull/10","MERGED","2026-09-16T19:00:08Z","2026-09-16T19:12:06Z","azeemsidd3","2026-09","Improve Slack investigation..."
"jenkinsci","jenkins",27396,"https://github.com/jenkinsci/jenkins/pull/27396","MERGED","2026-09-16T17:56:56Z","2026-09-25T20:20:05Z","Shubham-Padkonde","2026-09","Fix PackedMap entry equality..."
"jenkinsci","ec2-fleet-plugin",589,"https://github.com/jenkinsci/ec2-fleet-plugin/pull/589","OPEN","2026-09-16T17:11:28Z","","Dankann","2026-09","Cancel stranded planned nodes..."
"jenkinsci","aws-java-sdk2-plugin",177,"https://github.com/jenkinsci/aws-java-sdk2-plugin/pull/177","OPEN","2026-09-16T16:20:11Z","","garyjcarroll","2026-09","Add bundled artifacts for AWS..."
"jenkinsci","cursor-origin-branch-source-plugin",38,"https://github.com/jenkinsci/cursor-origin-branch-source-plugin/pull/38","MERGED","2026-09-16T16:06:18Z","2026-09-16T16:17:10Z","jtnord","2026-09","update openapi model and..."
"jenkinsci","github-branch-source-plugin",1563,"https://github.com/jenkinsci/github-branch-source-plugin/pull/1563","OPEN","2026-09-16T15:57:41Z","","jmasalma","2026-09","(feature) Add trait to ignore..."
"jenkinsci","warnings-ng-plugin",3427,"https://github.com/jenkinsci/warnings-ng-plugin/pull/3427","MERGED","2026-09-16T15:55:02Z","2026-09-18T15:11:58Z","jtnord","2026-09","Map warning severities to..."
"jenkinsci","ec2-plugin",2039,"https://github.com/jenkinsci/ec2-plugin/pull/2039","OPEN","2026-09-16T15:23:27Z","","boyadzhievb","2026-09","Fix duplicate root block..."
"jenkinsci","workflow-cps-plugin",1834,"https://github.com/jenkinsci/workflow-cps-plugin/pull/1834","MERGED","2026-09-16T14:01:22Z","2026-09-16T14:44:26Z","Kevin-CB","2026-09","Address tests failure after..."
"jenkinsci","bom",7435,"https://github.com/jenkinsci/bom/pull/7435","MERGED","2026-09-16T13:57:49Z","2026-09-16T19:33:48Z","Kevin-CB","2026-09","Bump version for 2026-09-16..."
"jenkinsci","gerrit-checks-api-plugin",24,"https://github.com/jenkinsci/gerrit-checks-api-plugin/pull/24","MERGED","2026-09-16T12:49:16Z","2026-09-16T13:01:19Z","panicking","2026-09","README.md: Suggest to disable..."
"jenkinsci","cursor-origin-branch-source-plugin",36,"https://github.com/jenkinsci/cursor-origin-branch-source-plugin/pull/36","MERGED","2026-09-16T12:32:24Z","2026-09-16T15:03:31Z","jtnord","2026-09","Update Cursor Origin OpenAPI..."
"jenkinsci","zephyr-enterprise-test-management-plugin",48,"https://github.com/jenkinsci/zephyr-enterprise-test-management-plugin/pull/48","MERGED","2026-09-16T11:28:04Z","2026-09-16T11:36:05Z","Akanksha-smartbear","2026-09","Dependency upgrade for..."
"jenkinsci","gerrit-checks-api-plugin",23,"https://github.com/jenkinsci/gerrit-checks-api-plugin/pull/23","MERGED","2026-09-16T09:39:11Z","2026-09-16T11:36:03Z","NiasSt90","2026-09","Extract buildNumber from..."
"jenkinsci","jenkins-infra-test-plugin",230,"https://github.com/jenkinsci/jenkins-infra-test-plugin/pull/230","MERGED","2026-09-16T07:01:38Z","2026-09-16T07:01:53Z","dduportal","2026-09","feat(README) really (not)..."
"jenkinsci","ec2-plugin",2038,"https://github.com/jenkinsci/ec2-plugin/pull/2038","OPEN","2026-09-16T05:39:47Z","","samrocketman","2026-09","Support retry on spot..."
"jenkinsci","scm-manager-plugin",83,"https://github.com/jenkinsci/scm-manager-plugin/pull/83","MERGED","2026-09-16T05:34:00Z","2026-09-16T12:01:11Z","pfeuffer","2026-09","Show title for pull requests"
"jenkinsci","script-security-plugin",927,"https://github.com/jenkinsci/script-security-plugin/pull/927","MERGED","2026-09-16T04:35:29Z","2026-09-17T15:51:46Z","weristdominik","2026-09","Fix Typo in README.md"
"jenkinsci","zephyr-enterprise-test-management-plugin",47,"https://github.com/jenkinsci/zephyr-enterprise-test-management-plugin/pull/47","MERGED","2026-09-16T04:30:32Z","2026-09-16T06:03:11Z","Rahul-Agarwal14","2026-09","Dependency upgrade for json"
"jenkinsci","google-chat-notification-plugin",165,"https://github.com/jenkinsci/google-chat-notification-plugin/pull/165","MERGED","2026-09-16T00:56:43Z","2026-09-16T01:13:08Z","Ryudo302","2026-09","fix(security): restrict..."
"jenkinsci","jenkins",27391,"https://github.com/jenkinsci/jenkins/pull/27391","MERGED","2026-09-15T22:30:24Z","2026-09-21T06:00:14Z","janfaracik","2026-09","Add initial implementation of..."
"jenkinsci","build-change-investigator-plugin",9,"https://github.com/jenkinsci/build-change-investigator-plugin/pull/9","MERGED","2026-09-15T21:03:29Z","2026-09-15T22:13:18Z","azeemsidd3","2026-09","Add Slack regression..."
"jenkinsci","pipeline-stage-view-plugin",442,"https://github.com/jenkinsci/pipeline-stage-view-plugin/pull/442","CLOSED","2026-09-15T20:04:59Z","","smartin-qb","2026-09","TEST Batch of fixes"
"jenkinsci","bitbucket-plugin",296,"https://github.com/jenkinsci/bitbucket-plugin/pull/296","OPEN","2026-09-15T18:07:32Z","","AlexanderSamoilov","2026-09","Closes #295. Use..."
"jenkinsci","artifact-manager-s3-plugin",812,"https://github.com/jenkinsci/artifact-manager-s3-plugin/pull/812","MERGED","2026-09-15T15:37:29Z","2026-09-15T17:48:55Z","jglick","2026-09","Use `quay.io/minio/minio`"
"jenkinsci","build-token-root-plugin",254,"https://github.com/jenkinsci/build-token-root-plugin/pull/254","CLOSED","2026-09-15T13:36:21Z","","AlexanderSamoilov","2026-09","Closes #253. Prevent crumb..."
"jenkinsci","compuware-common-configuration-plugin",37,"https://github.com/jenkinsci/compuware-common-configuration-plugin/pull/37","MERGED","2026-09-15T13:22:38Z","2026-09-24T05:34:05Z","AachalBmc","2026-09","Fix Missing XML Validation..."
"jenkinsci","saferestart-plugin",79,"https://github.com/jenkinsci/saferestart-plugin/pull/79","OPEN","2026-09-15T12:58:27Z","","dshvedchenko","2026-09","Fix: duplicate context path..."
"jenkinsci","propelo-job-reporter-plugin",42,"https://github.com/jenkinsci/propelo-job-reporter-plugin/pull/42","MERGED","2026-09-15T12:06:41Z","2026-09-15T12:28:05Z","harshit-trivedi01","2026-09","fix: [SEI-18709]: Resolve..."
"jenkinsci","compuware-ispw-operations-plugin",123,"https://github.com/jenkinsci/compuware-ispw-operations-plugin/pull/123","OPEN","2026-09-15T11:28:22Z","","KajalKoli20","2026-09","added subappl and rtConfig"
"jenkinsci","coverage-plugin",819,"https://github.com/jenkinsci/coverage-plugin/pull/819","CLOSED","2026-09-15T11:04:28Z","","gbhat618","2026-09","Add new field..."
"jenkinsci","ansible-tower-plugin",50,"https://github.com/jenkinsci/ansible-tower-plugin/pull/50","MERGED","2026-09-15T10:05:30Z","2026-09-17T02:37:26Z","longhn0710","2026-09","Fix/auto import workflow..."
"jenkinsci","zephyr-enterprise-test-management-plugin",46,"https://github.com/jenkinsci/zephyr-enterprise-test-management-plugin/pull/46","OPEN","2026-09-15T07:27:49Z","","Akanksha-smartbear","2026-09","Dependency upgrade for..."
"jenkinsci","dingtalk-plugin",415,"https://github.com/jenkinsci/dingtalk-plugin/pull/415","MERGED","2026-09-15T05:44:38Z","2026-09-15T05:57:29Z","BobDu","2026-09","fix: apply the security..."
"jenkinsci","helm-charts",1762,"https://github.com/jenkinsci/helm-charts/pull/1762","OPEN","2026-09-15T05:20:40Z","","oleksii-tumanov","2026-09","fix(jenkins): honor..."
"jenkinsci","zephyr-enterprise-test-management-plugin",45,"https://github.com/jenkinsci/zephyr-enterprise-test-management-plugin/pull/45","MERGED","2026-09-15T05:01:02Z","2026-09-15T05:07:35Z","Rahul-Agarwal14","2026-09","Dependency upgrade for gson"
"jenkinsci","ec2-plugin",2037,"https://github.com/jenkinsci/ec2-plugin/pull/2037","MERGED","2026-09-15T00:46:36Z","2026-09-16T00:37:39Z","samrocketman","2026-09","Bugfix provisioning and..."
"jenkinsci","eiffel-broadcaster-plugin",129,"https://github.com/jenkinsci/eiffel-broadcaster-plugin/pull/129","OPEN","2026-09-14T23:52:12Z","","fvlga","2026-09","Fix NPE when createChannel()..."
"jenkinsci","build-history-manager-plugin",271,"https://github.com/jenkinsci/build-history-manager-plugin/pull/271","MERGED","2026-09-14T20:43:41Z","2026-09-14T21:05:45Z","damianszczepanik","2026-09","Adds RoleSelector class to..."
"jenkinsci","pipeline-graph-view-plugin",1454,"https://github.com/jenkinsci/pipeline-graph-view-plugin/pull/1454","MERGED","2026-09-14T20:14:34Z","2026-09-26T06:43:05Z","TommasoMolesti","2026-09","Add cancel button for..."
"jenkinsci","appscan-plugin",292,"https://github.com/jenkinsci/appscan-plugin/pull/292","MERGED","2026-09-14T18:53:49Z","2026-09-23T14:08:04Z","vishalhcl-5960","2026-09","Supply chain security updates"
"jenkinsci","opentelemetry-plugin",1305,"https://github.com/jenkinsci/opentelemetry-plugin/pull/1305","MERGED","2026-09-14T17:49:07Z","2026-09-22T03:39:25Z","kanagaabishek","2026-09","Fix themable OTEL and backend..."
"jenkinsci","docker-agents",1338,"https://github.com/jenkinsci/docker-agents/pull/1338","CLOSED","2026-09-14T17:12:07Z","","lemeurherve","2026-09","chore(debian/alpine): specify..."
"jenkinsci","cursor-origin-branch-source-plugin",33,"https://github.com/jenkinsci/cursor-origin-branch-source-plugin/pull/33","MERGED","2026-09-14T14:42:01Z","2026-09-14T14:50:23Z","jglick","2026-09","Forward-port of selected..."
"jenkinsci","rancher-manager-plugin",7,"https://github.com/jenkinsci/rancher-manager-plugin/pull/7","MERGED","2026-09-14T13:51:09Z","2026-09-14T15:18:09Z","mlinops","2026-09","Add Helm values overlay and..."
"jenkinsci","rancher-manager-plugin",6,"https://github.com/jenkinsci/rancher-manager-plugin/pull/6","CLOSED","2026-09-14T13:27:10Z","","mlinops","2026-09","Add Helm values overlay and..."
"jenkinsci","rancher-manager-plugin",5,"https://github.com/jenkinsci/rancher-manager-plugin/pull/5","MERGED","2026-09-14T12:29:18Z","2026-09-14T13:13:41Z","mlinops","2026-09","Update SonarCloud project key..."
"jenkinsci","nomad-plugin",215,"https://github.com/jenkinsci/nomad-plugin/pull/215","OPEN","2026-09-14T11:41:57Z","","Zuplyx","2026-09","Update Build for modern..."
"jenkinsci","rancher-manager-plugin",4,"https://github.com/jenkinsci/rancher-manager-plugin/pull/4","MERGED","2026-09-14T10:43:38Z","2026-09-14T10:59:05Z","mlinops","2026-09","fix: quality-gate badge"
"jenkinsci","plugin-pom",1443,"https://github.com/jenkinsci/plugin-pom/pull/1443","MERGED","2026-09-14T09:52:06Z","2026-09-14T10:03:38Z","jonesbusy","2026-09","Skip ITs explicitly in..."
"jenkinsci","rancher-manager-plugin",3,"https://github.com/jenkinsci/rancher-manager-plugin/pull/3","MERGED","2026-09-14T09:49:29Z","2026-09-14T10:16:32Z","mlinops","2026-09","Add Helm values overlay and..."
"jenkinsci","robot-plugin",98,"https://github.com/jenkinsci/robot-plugin/pull/98","MERGED","2026-09-14T07:57:03Z","2026-09-14T09:15:13Z","asimell","2026-09","Enforce `archiveDirName` to..."
"jenkinsci","pushplus-plugin",4,"https://github.com/jenkinsci/pushplus-plugin/pull/4","MERGED","2026-09-14T07:37:05Z","2026-09-14T07:44:54Z","pcstx","2026-09","Add New Message ClawBot..."
"jenkinsci","jenkins",27388,"https://github.com/jenkinsci/jenkins/pull/27388","MERGED","2026-09-14T07:36:23Z","2026-09-23T20:21:13Z","oleksii-tumanov","2026-09","Avoid creating ZIP entries..."
"jenkinsci","helm-charts",1761,"https://github.com/jenkinsci/helm-charts/pull/1761","MERGED","2026-09-14T07:21:15Z","2026-09-14T09:52:12Z","oleksii-tumanov","2026-09","feat(jenkins): allow timeouts..."
"jenkinsci","winp",166,"https://github.com/jenkinsci/winp/pull/166","MERGED","2026-09-14T07:09:18Z","2026-09-14T11:51:05Z","lemeurherve","2026-09","Use Windows 2025 agents and..."
"jenkinsci","helm-charts",1760,"https://github.com/jenkinsci/helm-charts/pull/1760","MERGED","2026-09-14T07:04:40Z","2026-09-14T07:54:01Z","oleksii-tumanov","2026-09","feat(jenkins): allow filters..."
"jenkinsci","jenkins",27387,"https://github.com/jenkinsci/jenkins/pull/27387","OPEN","2026-09-14T04:26:13Z","","thswlsqls","2026-09","Fix missing badges on header..."
"jenkinsci","jenkins",27386,"https://github.com/jenkinsci/jenkins/pull/27386","OPEN","2026-09-14T04:17:22Z","","dajiaohuang","2026-09","Fix missing badges in header..."
"jenkinsci","keycloak-plugin",33,"https://github.com/jenkinsci/keycloak-plugin/pull/33","MERGED","2026-09-14T04:09:05Z","2026-09-14T04:35:26Z","mrmateo","2026-09","SECURITY-3767: Add check for..."
"jenkinsci","pom",873,"https://github.com/jenkinsci/pom/pull/873","MERGED","2026-09-14T03:41:24Z","2026-09-14T06:45:03Z","jonesbusy","2026-09","Since failsafe 3.6.0 ITs are..."
"jenkinsci","ssh-agent-plugin",318,"https://github.com/jenkinsci/ssh-agent-plugin/pull/318","MERGED","2026-09-14T02:11:49Z","2026-09-14T21:45:48Z","samrocketman","2026-09","Honey I shrunk the queue:..."
"jenkinsci","docker-workflow-plugin",756,"https://github.com/jenkinsci/docker-workflow-plugin/pull/756","OPEN","2026-09-14T01:32:44Z","","samrocketman","2026-09","Honey I shrunk the queue:..."
"jenkinsci","live-wall-plugin",7,"https://github.com/jenkinsci/live-wall-plugin/pull/7","MERGED","2026-09-13T19:44:18Z","2026-09-13T19:54:57Z","eduardocerqueira","2026-09","Note that both baseline..."
"jenkinsci","live-wall-plugin",6,"https://github.com/jenkinsci/live-wall-plugin/pull/6","MERGED","2026-09-13T19:15:50Z","2026-09-13T19:29:41Z","eduardocerqueira","2026-09","Move the Jenkins baseline..."
"jenkinsci","atlassian-bitbucket-server-integration-plugin",497,"https://github.com/jenkinsci/atlassian-bitbucket-server-integration-plugin/pull/497","MERGED","2026-09-13T06:30:25Z","2026-10-01T03:37:49Z","Garen","2026-09","JENKINS-63725 Allow Secret..."
"jenkinsci","jenkins",27381,"https://github.com/jenkinsci/jenkins/pull/27381","MERGED","2026-09-13T03:42:35Z","2026-09-21T17:21:15Z","Dev-next-gen","2026-09","Fix QueryParameterMap failing..."
"jenkinsci","workflow-job-plugin",794,"https://github.com/jenkinsci/workflow-job-plugin/pull/794","OPEN","2026-09-13T03:33:59Z","","srinikvs","2026-09","Cursor/abort listener cleanup..."
"jenkinsci","chaos-butler-plugin",5,"https://github.com/jenkinsci/chaos-butler-plugin/pull/5","MERGED","2026-09-13T01:59:55Z","2026-09-26T02:11:03Z","ayyYoSam","2026-09","Configure Renovate dependency..."
"jenkinsci","subversion-plugin",1598,"https://github.com/jenkinsci/subversion-plugin/pull/1598","MERGED","2026-09-12T17:39:55Z","2026-09-12T23:34:09Z","Eccenux","2026-09","Added SVN_REVISION_MAX to..."
"jenkinsci","jenkins",27380,"https://github.com/jenkinsci/jenkins/pull/27380","OPEN","2026-09-12T09:46:43Z","","janfaracik","2026-09","Standardise experimental..."
"jenkinsci","bom",7419,"https://github.com/jenkinsci/bom/pull/7419","MERGED","2026-09-12T05:31:43Z","2026-09-12T05:31:52Z","krisstern","2026-09","Revert 'chore: set cron job..."
"jenkinsci","bom",7418,"https://github.com/jenkinsci/bom/pull/7418","MERGED","2026-09-12T05:30:44Z","2026-09-12T05:30:59Z","krisstern","2026-09","chore: set cron job time for..."
"jenkinsci","build-history-manager-plugin",270,"https://github.com/jenkinsci/build-history-manager-plugin/pull/270","MERGED","2026-09-12T05:09:50Z","2026-09-12T05:23:05Z","damianszczepanik","2026-09","Change distribution to..."
"jenkinsci","build-history-manager-plugin",269,"https://github.com/jenkinsci/build-history-manager-plugin/pull/269","MERGED","2026-09-12T04:57:52Z","2026-09-12T05:09:03Z","damianszczepanik","2026-09","Add more validations to avoid..."
"jenkinsci","bom",7417,"https://github.com/jenkinsci/bom/pull/7417","MERGED","2026-09-12T02:41:57Z","2026-09-12T02:42:11Z","krisstern","2026-09","set cron job time for..."
"jenkinsci","bom",7415,"https://github.com/jenkinsci/bom/pull/7415","MERGED","2026-09-12T02:38:52Z","2026-09-12T02:39:11Z","krisstern","2026-09","fix: exclude stale..."
"jenkinsci","kubernetes-plugin",2879,"https://github.com/jenkinsci/kubernetes-plugin/pull/2879","MERGED","2026-09-12T01:56:29Z","2026-09-16T18:30:03Z","joostory","2026-09","Fix memory leak:..."
"jenkinsci","rancher-manager-plugin",2,"https://github.com/jenkinsci/rancher-manager-plugin/pull/2","MERGED","2026-09-11T22:53:58Z","2026-09-14T08:50:44Z","fr3duard0","2026-09","Avoid update-center wrapper..."
"jenkinsci","portainer-plugin",2,"https://github.com/jenkinsci/portainer-plugin/pull/2","MERGED","2026-09-11T22:52:08Z","2026-09-18T07:11:59Z","fr3duard0","2026-09","Avoid update-center wrapper..."
"jenkinsci","bom",7412,"https://github.com/jenkinsci/bom/pull/7412","MERGED","2026-09-11T22:14:19Z","2026-09-11T22:14:40Z","krisstern","2026-09","chore: set cron job time for..."
"jenkinsci","helm-charts",1759,"https://github.com/jenkinsci/helm-charts/pull/1759","MERGED","2026-09-11T21:16:34Z","2026-09-11T21:20:53Z","DrFaust92","2026-09","fix(jenkins): hash only..."
"jenkinsci","live-wall-plugin",5,"https://github.com/jenkinsci/live-wall-plugin/pull/5","MERGED","2026-09-11T17:59:48Z","2026-09-11T18:40:19Z","eduardocerqueira","2026-09","Document that GitHub Actions..."
"jenkinsci","flaky-test-handler-plugin",60,"https://github.com/jenkinsci/flaky-test-handler-plugin/pull/60","MERGED","2026-09-11T17:07:25Z","2026-09-12T09:50:49Z","hkampbjorn","2026-09","fix(JENKINS-75519): Invalid..."
"jenkinsci","live-wall-plugin",4,"https://github.com/jenkinsci/live-wall-plugin/pull/4","MERGED","2026-09-11T16:41:25Z","2026-09-11T16:55:15Z","eduardocerqueira","2026-09","Correct two releasing.md..."
"jenkinsci","cursor-origin-branch-source-plugin",32,"https://github.com/jenkinsci/cursor-origin-branch-source-plugin/pull/32","MERGED","2026-09-11T16:36:14Z","2026-09-11T16:58:20Z","jtnord","2026-09","wait for Jenkins to complete..."
"jenkinsci","live-wall-plugin",3,"https://github.com/jenkinsci/live-wall-plugin/pull/3","MERGED","2026-09-11T15:54:56Z","2026-09-11T16:12:08Z","eduardocerqueira","2026-09","Get the scan workflows..."
"jenkinsci",".github",191,"https://github.com/jenkinsci/.github/pull/191","MERGED","2026-09-11T15:48:21Z","2026-09-11T21:41:13Z","panicking","2026-09","Update contribuitors..."
"jenkinsci","dependency-track-plugin",467,"https://github.com/jenkinsci/dependency-track-plugin/pull/467","OPEN","2026-09-11T15:28:19Z","","ch8matt","2026-09","Fix XML serialization of..."
"jenkinsci","live-wall-plugin",2,"https://github.com/jenkinsci/live-wall-plugin/pull/2","MERGED","2026-09-11T15:05:57Z","2026-09-11T15:33:46Z","eduardocerqueira","2026-09","Replace cd.yaml's setup note..."
"jenkinsci","workflow-step-api-plugin",261,"https://github.com/jenkinsci/workflow-step-api-plugin/pull/261","OPEN","2026-09-11T14:31:04Z","","thecityofguanyu","2026-09","[JENKINS-75636] Prevent..."
"jenkinsci","jenkins",27378,"https://github.com/jenkinsci/jenkins/pull/27378","CLOSED","2026-09-11T14:28:24Z","","swaran21","2026-09","Reintroduce experimental page..."
"jenkinsci","warnings-ng-plugin",3425,"https://github.com/jenkinsci/warnings-ng-plugin/pull/3425","MERGED","2026-09-11T12:43:50Z","2026-09-17T10:41:38Z","jtnord","2026-09","Do not report column..."
"jenkinsci","live-wall-plugin",1,"https://github.com/jenkinsci/live-wall-plugin/pull/1","MERGED","2026-09-11T12:42:20Z","2026-09-11T14:57:46Z","eduardocerqueira","2026-09","Point the repository's own..."
"jenkinsci","pipeline-graph-view-plugin",1446,"https://github.com/jenkinsci/pipeline-graph-view-plugin/pull/1446","OPEN","2026-09-11T09:04:14Z","","miseler","2026-09","Add collapseByDefault..."
"jenkinsci","mcp-server-plugin",249,"https://github.com/jenkinsci/mcp-server-plugin/pull/249","CLOSED","2026-09-11T03:35:15Z","","FernandoCelmer","2026-09","⚙️ FEATURE: Add OAuth 2.1..."
"jenkinsci","openstack-cloud-plugin",484,"https://github.com/jenkinsci/openstack-cloud-plugin/pull/484","MERGED","2026-09-10T22:36:10Z","2026-09-10T23:19:09Z","krisstern","2026-09","Deploy only the..."
"jenkinsci","github-pr-comment-build-plugin",115,"https://github.com/jenkinsci/github-pr-comment-build-plugin/pull/115","MERGED","2026-09-10T21:36:36Z","2026-09-11T00:52:48Z","ankitgupta0910","2026-09","Add opt-in rescan-and-retry..."
"jenkinsci","JiraTestResultReporter-plugin",321,"https://github.com/jenkinsci/JiraTestResultReporter-plugin/pull/321","MERGED","2026-09-10T21:00:18Z","2026-09-10T21:13:21Z","chcg","2026-09","revert fugue 7.0.0 to 6.1.5..."
"jenkinsci","chaos-butler-plugin",4,"https://github.com/jenkinsci/chaos-butler-plugin/pull/4","MERGED","2026-09-10T20:49:23Z","2026-09-25T17:55:55Z","ayyYoSam","2026-09","Modernize plugin for current..."
"jenkinsci","cursor-origin-branch-source-plugin",31,"https://github.com/jenkinsci/cursor-origin-branch-source-plugin/pull/31","OPEN","2026-09-10T19:56:36Z","","jglick","2026-09","Fix libraries from..."
"jenkinsci","cursor-origin-branch-source-plugin",30,"https://github.com/jenkinsci/cursor-origin-branch-source-plugin/pull/30","CLOSED","2026-09-10T19:39:44Z","","jglick","2026-09","Fix libraries from..."
"jenkinsci","git-plugin",4001,"https://github.com/jenkinsci/git-plugin/pull/4001","OPEN","2026-09-10T19:03:07Z","","jglick","2026-09","Extension point to..."
"jenkinsci","credentials-plugin",1088,"https://github.com/jenkinsci/credentials-plugin/pull/1088","CLOSED","2026-09-10T18:57:26Z","","jglick","2026-09","Richer contextualization API"
"jenkinsci","http-request-plugin",344,"https://github.com/jenkinsci/http-request-plugin/pull/344","MERGED","2026-09-10T18:04:58Z","2026-09-12T19:29:16Z","h3nr1-d14z","2026-09","Enable continuous delivery"
"jenkinsci","anka-build-plugin",91,"https://github.com/jenkinsci/anka-build-plugin/pull/91","MERGED","2026-09-10T17:54:17Z","2026-09-10T18:23:47Z","NorseGaud","2026-09","Show node group and..."
"jenkinsci","gradle-jpi-plugin",456,"https://github.com/jenkinsci/gradle-jpi-plugin/pull/456","MERGED","2026-09-10T17:40:43Z","2026-09-11T03:15:09Z","rahulsom","2026-09","test: Add unit tests for..."
"jenkinsci","gradle-jpi-plugin",455,"https://github.com/jenkinsci/gradle-jpi-plugin/pull/455","MERGED","2026-09-10T16:33:18Z","2026-09-15T18:34:14Z","rahulsom","2026-09","chore: Allow releasing from..."
"jenkinsci","openstack-cloud-plugin",481,"https://github.com/jenkinsci/openstack-cloud-plugin/pull/481","MERGED","2026-09-10T15:31:09Z","2026-09-10T16:22:49Z","krisstern","2026-09","chore: fix deployment issues..."
"jenkinsci",".github",190,"https://github.com/jenkinsci/.github/pull/190","MERGED","2026-09-10T15:28:02Z","2026-09-16T14:30:01Z","Kevin-CB","2026-09","Add CRA section"
"jenkinsci","coverage-plugin",818,"https://github.com/jenkinsci/coverage-plugin/pull/818","MERGED","2026-09-10T13:56:32Z","2026-09-23T19:11:01Z","uhafner","2026-09","Add a widget and run tab for..."
"jenkinsci","maven-artifact-choicelistprovider-plugin",63,"https://github.com/jenkinsci/maven-artifact-choicelistprovider-plugin/pull/63","MERGED","2026-09-10T13:04:14Z","2026-09-10T13:04:42Z","phreakadelle","2026-09","spotless:apply"
"jenkinsci","echarts-api-plugin",518,"https://github.com/jenkinsci/echarts-api-plugin/pull/518","MERGED","2026-09-10T12:29:17Z","2026-09-10T12:44:53Z","uhafner","2026-09","Fix conversion of String to..."
"jenkinsci","maven-artifact-choicelistprovider-plugin",62,"https://github.com/jenkinsci/maven-artifact-choicelistprovider-plugin/pull/62","MERGED","2026-09-10T12:24:33Z","2026-09-10T12:25:35Z","phreakadelle","2026-09","[NO-JIRA] Test"
"jenkinsci","integrity-plugin",74,"https://github.com/jenkinsci/integrity-plugin/pull/74","MERGED","2026-09-10T12:23:12Z","2026-09-10T12:24:20Z","gaurav-shinde-ptc","2026-09","Removing unnecessary logs"
"jenkinsci","bom",7408,"https://github.com/jenkinsci/bom/pull/7408","MERGED","2026-09-10T11:59:05Z","2026-09-10T12:06:24Z","krisstern","2026-09","chore: set cron job time for..."
"jenkinsci","jenkins",27374,"https://github.com/jenkinsci/jenkins/pull/27374","MERGED","2026-09-10T10:58:08Z","2026-09-10T11:00:25Z","MarkEWaite","2026-09","Use a valid email format for..."
"jenkinsci","bom",7406,"https://github.com/jenkinsci/bom/pull/7406","MERGED","2026-09-10T10:21:42Z","2026-09-10T14:31:27Z","MarkEWaite","2026-09","Remove matrix-project plugin..."
"jenkinsci","signpath-plugin",61,"https://github.com/jenkinsci/signpath-plugin/pull/61","MERGED","2026-09-10T09:47:40Z","2026-09-10T09:47:50Z","Taha-cmd","2026-09","Bump version 5.0.0 -> 5.1.0"
"jenkinsci","hpe-application-automation-tools-plugin",1598,"https://github.com/jenkinsci/hpe-application-automation-tools-plugin/pull/1598","OPEN","2026-09-10T09:03:20Z","","razvan-barbura-opentext","2026-09","user story #3271070 - Update..."
"jenkinsci","jenkins",27373,"https://github.com/jenkinsci/jenkins/pull/27373","CLOSED","2026-09-10T08:36:46Z","","Rokesh2008","2026-09","Fix sorting for the Enabled..."
"jenkinsci","zephyr-enterprise-test-management-plugin",44,"https://github.com/jenkinsci/zephyr-enterprise-test-management-plugin/pull/44","MERGED","2026-09-10T06:37:17Z","2026-09-10T09:06:12Z","Rahul-Agarwal14","2026-09","Dependency upgrade for..."
"jenkinsci","executors-monitor-plugin",5,"https://github.com/jenkinsci/executors-monitor-plugin/pull/5","MERGED","2026-09-10T06:24:50Z","2026-09-10T10:34:18Z","jimklimov","2026-09","Feature: optionally report..."
"jenkinsci","jenkins",27370,"https://github.com/jenkinsci/jenkins/pull/27370","CLOSED","2026-09-10T04:31:38Z","","Rokesh2008","2026-09","Fix sorting for the Enabled..."
"jenkinsci","ai-agent-plugin",58,"https://github.com/jenkinsci/ai-agent-plugin/pull/58","MERGED","2026-09-10T04:20:54Z","2026-09-13T05:57:37Z","bvolpato","2026-09","[pi] Add Pi Coding Agent..."
"jenkinsci","ec2-plugin",2036,"https://github.com/jenkinsci/ec2-plugin/pull/2036","MERGED","2026-09-10T04:10:14Z","2026-09-13T05:53:54Z","samrocketman","2026-09","Autoscale hot spares by agent..."
"jenkinsci","jenkins-multijob-plugin",414,"https://github.com/jenkinsci/jenkins-multijob-plugin/pull/414","OPEN","2026-09-10T01:47:47Z","","Scorpio69t","2026-09","Fix build selection for jobs..."
"jenkinsci","job-dsl-plugin",2648,"https://github.com/jenkinsci/job-dsl-plugin/pull/2648","OPEN","2026-09-09T23:07:11Z","","bignay2000","2026-09","Let shell and batchFile steps..."
"jenkinsci","job-dsl-plugin",2647,"https://github.com/jenkinsci/job-dsl-plugin/pull/2647","OPEN","2026-09-09T23:05:01Z","","bignay2000","2026-09","Expose the remaining options..."
"jenkinsci","lighthouse-report-plugin",355,"https://github.com/jenkinsci/lighthouse-report-plugin/pull/355","MERGED","2026-09-09T22:35:31Z","2026-09-09T22:48:54Z","zbynek","2026-09","Fix parcel config"
"jenkinsci","cursor-origin-branch-source-plugin",28,"https://github.com/jenkinsci/cursor-origin-branch-source-plugin/pull/28","MERGED","2026-09-09T20:27:01Z","2026-09-11T12:27:41Z","jglick","2026-09","Token scoping"
"jenkinsci","acceptance-test-harness",2827,"https://github.com/jenkinsci/acceptance-test-harness/pull/2827","CLOSED","2026-09-09T20:23:49Z","","MarkEWaite","2026-09","[WIP] Test Jenkins 2.580.1..."
"jenkinsci","delivery-pipeline-plugin",61,"https://github.com/jenkinsci/delivery-pipeline-plugin/pull/61","OPEN","2026-09-09T19:40:29Z","","bignay2000","2026-09","Build the Windows leg with..."
"jenkinsci","job-dsl-plugin",2646,"https://github.com/jenkinsci/job-dsl-plugin/pull/2646","OPEN","2026-09-09T19:36:43Z","","bignay2000","2026-09","Deprecate Delivery Pipeline..."
"jenkinsci","delivery-pipeline-plugin",60,"https://github.com/jenkinsci/delivery-pipeline-plugin/pull/60","OPEN","2026-09-09T19:11:59Z","","bignay2000","2026-09","2.0: Modernization Rewrite..."
"jenkinsci","jenkins",27368,"https://github.com/jenkinsci/jenkins/pull/27368","CLOSED","2026-09-09T17:52:20Z","","lemeurherve","2026-09","Test `winp` incrementals"
"jenkinsci","aws-codebuild-plugin",27,"https://github.com/jenkinsci/aws-codebuild-plugin/pull/27","MERGED","2026-09-09T17:47:38Z","2026-09-18T11:21:40Z","ahmedwalid05","2026-09","Modernize: Java 17, Jenkins..."
"jenkinsci","resources-ai-chatbot-plugin",477,"https://github.com/jenkinsci/resources-ai-chatbot-plugin/pull/477","OPEN","2026-09-09T12:31:20Z","","arjun-713","2026-09","Add documentation covering..."
"jenkinsci","winp",165,"https://github.com/jenkinsci/winp/pull/165","OPEN","2026-09-09T11:35:42Z","","lemeurherveCB","2026-09","chore: migrate CI from..."
"jenkinsci","zephyr-enterprise-test-management-plugin",43,"https://github.com/jenkinsci/zephyr-enterprise-test-management-plugin/pull/43","MERGED","2026-09-09T11:30:11Z","2026-09-09T11:45:49Z","Rahul-Agarwal14","2026-09","Dependency upgrade for junit"
"jenkinsci","compuware-ispw-operations-plugin",122,"https://github.com/jenkinsci/compuware-ispw-operations-plugin/pull/122","MERGED","2026-09-09T09:43:28Z","2026-09-17T10:40:04Z","KajalKoli20","2026-09","disabled genparm action and..."
"jenkinsci","publish-over-ftp-plugin",153,"https://github.com/jenkinsci/publish-over-ftp-plugin/pull/153","OPEN","2026-09-09T08:27:57Z","","dshvedchenko","2026-09","Add Jenkins Configuration as..."
"jenkinsci","publish-over-ftp-plugin",152,"https://github.com/jenkinsci/publish-over-ftp-plugin/pull/152","CLOSED","2026-09-09T08:25:59Z","","dshvedchenko","2026-09","Add Jenkins Configuration as..."
"jenkinsci","docker",2455,"https://github.com/jenkinsci/docker/pull/2455","CLOSED","2026-09-09T06:34:01Z","","sakshamyerawar14","2026-09","sam.txt added"
"jenkinsci","groovy-postbuild-plugin",200,"https://github.com/jenkinsci/groovy-postbuild-plugin/pull/200","MERGED","2026-09-09T06:33:10Z","2026-09-09T12:19:40Z","Sekator778","2026-09","Fix malformed CSS custom..."
"jenkinsci","delivery-pipeline-plugin",59,"https://github.com/jenkinsci/delivery-pipeline-plugin/pull/59","CLOSED","2026-09-09T01:44:12Z","","bignay2000","2026-09","1.6: library-free renderer,..."
"jenkinsci","http-request-plugin",343,"https://github.com/jenkinsci/http-request-plugin/pull/343","MERGED","2026-09-09T00:10:59Z","2026-09-10T17:48:26Z","h3nr1-d14z","2026-09","fix: surface DNS and..."
"jenkinsci","lighthouse-report-plugin",337,"https://github.com/jenkinsci/lighthouse-report-plugin/pull/337","MERGED","2026-09-08T22:54:46Z","2026-09-09T21:39:39Z","zbynek","2026-09","Modernize: drop commons.lang,..."
"jenkinsci","jenkins",27365,"https://github.com/jenkinsci/jenkins/pull/27365","OPEN","2026-09-08T21:47:03Z","","rajatmohan22","2026-09","Provision new nodes when free..."
"jenkinsci","docker-agents",1334,"https://github.com/jenkinsci/docker-agents/pull/1334","MERGED","2026-09-08T21:28:57Z","2026-09-09T09:24:12Z","lemeurherve","2026-09","feat: add Nanoserver LTSC..."
"jenkinsci","delivery-pipeline-plugin",58,"https://github.com/jenkinsci/delivery-pipeline-plugin/pull/58","MERGED","2026-09-08T20:53:43Z","2026-09-08T21:10:42Z","bignay2000","2026-09","[JENKINS-74082] Fix 'Error..."
"jenkinsci","cursor-origin-branch-source-plugin",26,"https://github.com/jenkinsci/cursor-origin-branch-source-plugin/pull/26","MERGED","2026-09-08T20:04:59Z","2026-09-08T20:21:26Z","jglick","2026-09","Display PR metadata"
"jenkinsci","conjur-credentials-plugin",49,"https://github.com/jenkinsci/conjur-credentials-plugin/pull/49","OPEN","2026-09-08T19:23:21Z","","adityaanikam","2026-09","Fix NPE resolving Conjur..."
"jenkinsci","cursor-origin-branch-source-plugin",25,"https://github.com/jenkinsci/cursor-origin-branch-source-plugin/pull/25","MERGED","2026-09-08T19:10:47Z","2026-09-08T19:31:57Z","jglick","2026-09","Rename..."
"jenkinsci","cursor-origin-branch-source-plugin",24,"https://github.com/jenkinsci/cursor-origin-branch-source-plugin/pull/24","MERGED","2026-09-08T18:48:32Z","2026-09-08T19:05:44Z","jglick","2026-09","Suppress pre-SpotBugs..."
"jenkinsci","docker-ssh-agent",717,"https://github.com/jenkinsci/docker-ssh-agent/pull/717","OPEN","2026-09-08T18:47:53Z","","lemeurherve","2026-09","Revert 'Merge pull request..."
"jenkinsci","workflow-scm-step-plugin",273,"https://github.com/jenkinsci/workflow-scm-step-plugin/pull/273","OPEN","2026-09-08T17:10:53Z","","abhiramaab","2026-09","Do not compute polling..."
"jenkinsci","jenkins",27364,"https://github.com/jenkinsci/jenkins/pull/27364","MERGED","2026-09-08T16:52:41Z","2026-09-10T10:59:37Z","Shreyas-Madake","2026-09","Fix OpenSearch XML..."
"jenkinsci","github-release-plugin",39,"https://github.com/jenkinsci/github-release-plugin/pull/39","MERGED","2026-09-08T16:48:27Z","2026-09-08T17:19:34Z","brettNel","2026-09","Fixing Draft Releases and..."
"jenkinsci","pipeline-aws-plugin",363,"https://github.com/jenkinsci/pipeline-aws-plugin/pull/363","MERGED","2026-09-08T16:12:44Z","2026-09-08T16:36:10Z","BradyShober","2026-09","Update extension"
"jenkinsci","p4-plugin",283,"https://github.com/jenkinsci/p4-plugin/pull/283","OPEN","2026-09-08T13:50:59Z","","ajindal-mdx","2026-09","Add 'Detect filetype changes'..."
"jenkinsci","bom",7403,"https://github.com/jenkinsci/bom/pull/7403","CLOSED","2026-09-08T13:23:23Z","","MarkEWaite","2026-09","[WIP] Test 2.580.1 release..."
"jenkinsci","spotinst-plugin",125,"https://github.com/jenkinsci/spotinst-plugin/pull/125","MERGED","2026-09-08T13:09:51Z","2026-09-08T13:20:39Z","yasharma-spot-flexera","2026-09","Fixed Spot logo loading..."
"jenkinsci","rundeck-plugin",61,"https://github.com/jenkinsci/rundeck-plugin/pull/61","CLOSED","2026-09-08T12:39:57Z","","Tomasz-Krzeminski-Soonly-PL","2026-09","Fix authentication issues and..."
"jenkinsci","atlassian-jira-software-cloud-plugin",143,"https://github.com/jenkinsci/atlassian-jira-software-cloud-plugin/pull/143","OPEN","2026-09-08T11:03:44Z","","abhiramaab","2026-09"," Fix under-encoded build and..."
"jenkinsci","jenkins",27361,"https://github.com/jenkinsci/jenkins/pull/27361","CLOSED","2026-09-08T08:53:54Z","","Shreyas-Madake","2026-09","Fix OpenSearch XML..."
"jenkinsci","pipeline-aws-plugin",353,"https://github.com/jenkinsci/pipeline-aws-plugin/pull/353","MERGED","2026-09-08T03:36:01Z","2026-09-08T04:02:01Z","BradyShober","2026-09","Add renovate config"
"jenkinsci","openstack-cloud-plugin",478,"https://github.com/jenkinsci/openstack-cloud-plugin/pull/478","MERGED","2026-09-07T23:26:51Z","2026-09-10T14:24:36Z","krisstern","2026-09","chore: make adjustments to..."
"jenkinsci","file-leak-detector-plugin",174,"https://github.com/jenkinsci/file-leak-detector-plugin/pull/174","OPEN","2026-09-07T22:47:41Z","","MarkEWaite","2026-09","Support Java 25"
"jenkinsci","pipeline-aws-plugin",352,"https://github.com/jenkinsci/pipeline-aws-plugin/pull/352","MERGED","2026-09-07T22:03:05Z","2026-09-08T11:41:01Z","BradyShober","2026-09","Enable JEP-229 CD"
"jenkinsci","discord-notifier-plugin",165,"https://github.com/jenkinsci/discord-notifier-plugin/pull/165","OPEN","2026-09-07T22:02:43Z","","h3nr1-d14z","2026-09","Replace bundled unirest-java..."
"jenkinsci","lockable-resources-plugin",1087,"https://github.com/jenkinsci/lockable-resources-plugin/pull/1087","CLOSED","2026-09-07T21:23:53Z","","AzazelSensei","2026-09","Document early unlock via..."
"jenkinsci","build-history-manager-plugin",265,"https://github.com/jenkinsci/build-history-manager-plugin/pull/265","MERGED","2026-09-07T20:44:55Z","2026-09-08T08:08:43Z","damianszczepanik","2026-09","Logging redirected to main..."
"jenkinsci","webhook-relay-plugin",5,"https://github.com/jenkinsci/webhook-relay-plugin/pull/5","MERGED","2026-09-07T20:12:20Z","2026-09-08T05:03:07Z","rusenask","2026-09","README: provider endpoint..."
"jenkinsci","jenkins",27359,"https://github.com/jenkinsci/jenkins/pull/27359","MERGED","2026-09-07T17:52:06Z","2026-09-09T03:51:36Z","MarkEWaite","2026-09","Backporting for LTS 2.580.1"
"jenkinsci","bom",7399,"https://github.com/jenkinsci/bom/pull/7399","MERGED","2026-09-07T16:13:04Z","2026-09-08T03:36:02Z","MarkEWaite","2026-09","Add 2.580.x line and remove..."
"jenkinsci","publish-over-ssh-plugin",436,"https://github.com/jenkinsci/publish-over-ssh-plugin/pull/436","OPEN","2026-09-07T15:33:33Z","","dshvedchenko","2026-09","Add JCasC support for..."
"jenkinsci","allure-plugin",482,"https://github.com/jenkinsci/allure-plugin/pull/482","MERGED","2026-09-07T14:24:30Z","2026-09-07T15:58:41Z","baev","2026-09","Enforce Content Security..."
"jenkinsci","opentelemetry-plugin",1304,"https://github.com/jenkinsci/opentelemetry-plugin/pull/1304","MERGED","2026-09-07T14:10:19Z","2026-09-22T00:48:10Z","om7057","2026-09","Fix pooled HTTP connection..."
"jenkinsci","bom",7398,"https://github.com/jenkinsci/bom/pull/7398","CLOSED","2026-09-07T13:25:16Z","","MarkEWaite","2026-09","[WIP] Test pending pull..."
"jenkinsci","jira-plugin",1226,"https://github.com/jenkinsci/jira-plugin/pull/1226","OPEN","2026-09-07T13:18:37Z","","rantoniuk","2026-09","feat(ci): validate pull..."
"jenkinsci","editor-search-plugin",3,"https://github.com/jenkinsci/editor-search-plugin/pull/3","MERGED","2026-09-07T12:50:53Z","2026-09-07T13:09:39Z","amarkdotdev","2026-09","Fix Script Console search..."
"jenkinsci","jenkins",27358,"https://github.com/jenkinsci/jenkins/pull/27358","CLOSED","2026-09-07T12:42:14Z","","MarkEWaite","2026-09","[WIP] Test pending pull..."
"jenkinsci","bom",7397,"https://github.com/jenkinsci/bom/pull/7397","CLOSED","2026-09-07T12:05:27Z","","MarkEWaite","2026-09","[WIP] test git client with..."
"jenkinsci","workflow-basic-steps-plugin",554,"https://github.com/jenkinsci/workflow-basic-steps-plugin/pull/554","OPEN","2026-09-07T11:55:53Z","","salmandev","2026-09","EnvStep: defensively..."
"jenkinsci","blackduck-security-scan-plugin",114,"https://github.com/jenkinsci/blackduck-security-scan-plugin/pull/114","MERGED","2026-09-07T11:51:06Z","2026-09-07T12:45:57Z","jahid1209","2026-09","bump up Jenkins plugin..."
"jenkinsci","jira-plugin",1224,"https://github.com/jenkinsci/jira-plugin/pull/1224","MERGED","2026-09-07T11:17:23Z","2026-09-07T12:07:20Z","rantoniuk","2026-09","fix: align descriptor web..."
"jenkinsci","github-branch-source-plugin",1561,"https://github.com/jenkinsci/github-branch-source-plugin/pull/1561","OPEN","2026-09-07T08:46:53Z","","ysmaoui","2026-09","Re-resolve cached scan..."
"jenkinsci","pipeline-dora-metrics-plugin",9,"https://github.com/jenkinsci/pipeline-dora-metrics-plugin/pull/9","MERGED","2026-09-07T08:28:35Z","2026-09-21T14:19:23Z","codechirag5610","2026-09","fix: ignore unusable job..."
"jenkinsci","artifact-manager-s3-plugin",809,"https://github.com/jenkinsci/artifact-manager-s3-plugin/pull/809","OPEN","2026-09-07T06:28:00Z","","trungdlp","2026-09","Fix empty session token when..."
"jenkinsci","auditflow-plugin",43,"https://github.com/jenkinsci/auditflow-plugin/pull/43","MERGED","2026-09-07T06:26:59Z","2026-09-07T18:23:54Z","harryofficial","2026-09","Second phase ad..."
"jenkinsci","platformlabeler-plugin",2119,"https://github.com/jenkinsci/platformlabeler-plugin/pull/2119","MERGED","2026-09-07T04:25:46Z","2026-09-07T11:03:36Z","MarkEWaite","2026-09","Limit Renovate updates to..."
"jenkinsci","github-checks-plugin",539,"https://github.com/jenkinsci/github-checks-plugin/pull/539","MERGED","2026-09-07T01:23:23Z","2026-09-10T21:17:18Z","AzazelSensei","2026-09","Document which commit a..."
"jenkinsci","echarts-api-plugin",513,"https://github.com/jenkinsci/echarts-api-plugin/pull/513","MERGED","2026-09-06T20:36:23Z","2026-09-10T10:11:26Z","uhafner","2026-09","Resolve colors in JSON..."
"jenkinsci","jira-plugin",1217,"https://github.com/jenkinsci/jira-plugin/pull/1217","MERGED","2026-09-06T19:02:03Z","2026-09-14T10:28:39Z","damianszczepanik","2026-09","fix(site): global..."
"jenkinsci","publish-over-cifs-plugin",173,"https://github.com/jenkinsci/publish-over-cifs-plugin/pull/173","OPEN","2026-09-06T18:44:18Z","","dshvedchenko","2026-09","feat: Add Jenkins..."
"jenkinsci","jenkins",27353,"https://github.com/jenkinsci/jenkins/pull/27353","MERGED","2026-09-06T17:19:42Z","2026-09-07T16:36:58Z","oleksii-tumanov","2026-09","Restore iconOnly summary link..."
"jenkinsci","jenkins",27352,"https://github.com/jenkinsci/jenkins/pull/27352","MERGED","2026-09-06T16:41:19Z","2026-09-06T17:06:45Z","MarkEWaite","2026-09","[WIP] Fix core changelog..."
"jenkinsci","forensics-api-plugin",741,"https://github.com/jenkinsci/forensics-api-plugin/pull/741","OPEN","2026-09-06T16:33:59Z","","panicking","2026-09","Add baseline option to the..."
"jenkinsci","git-forensics-plugin",1301,"https://github.com/jenkinsci/git-forensics-plugin/pull/1301","OPEN","2026-09-06T16:31:40Z","","panicking","2026-09","Use merge base with target..."
"jenkinsci",".github",186,"https://github.com/jenkinsci/.github/pull/186","MERGED","2026-09-06T16:29:05Z","2026-09-27T07:05:50Z","MarkEWaite","2026-09","Use 'when:' in..."
"jenkinsci","user-guide-ai-chatbot-plugin",57,"https://github.com/jenkinsci/user-guide-ai-chatbot-plugin/pull/57","MERGED","2026-09-06T15:04:14Z","2026-09-13T22:41:47Z","thatsdc","2026-09","12th PR: Implement e2e test..."
"jenkinsci","core-changelog-generator",60,"https://github.com/jenkinsci/core-changelog-generator/pull/60","CLOSED","2026-09-06T13:07:37Z","","krisstern","2026-09","fix: fix weekly.yml getting..."
"jenkinsci","bom",7395,"https://github.com/jenkinsci/bom/pull/7395","CLOSED","2026-09-06T12:01:19Z","","MarkEWaite","2026-09","[WIP] Test core pull request..."
"jenkinsci","azure-app-service-plugin",80,"https://github.com/jenkinsci/azure-app-service-plugin/pull/80","MERGED","2026-09-06T11:35:44Z","2026-09-20T20:13:31Z","MarkEWaite","2026-09","Deprecate Azure App Service..."
"jenkinsci","azure-container-registry-tasks-plugin",7,"https://github.com/jenkinsci/azure-container-registry-tasks-plugin/pull/7","MERGED","2026-09-06T11:29:40Z","2026-09-20T20:14:24Z","MarkEWaite","2026-09","Deprecate Azure Container..."
"jenkinsci","azure-acs-plugin",29,"https://github.com/jenkinsci/azure-acs-plugin/pull/29","MERGED","2026-09-06T11:23:50Z","2026-09-20T21:06:14Z","MarkEWaite","2026-09","Deprecate the Azure Container..."
"jenkinsci","azure-function-plugin",32,"https://github.com/jenkinsci/azure-function-plugin/pull/32","MERGED","2026-09-06T11:18:05Z","2026-09-20T20:15:03Z","MarkEWaite","2026-09","Deprecate Azure Function..."
"jenkinsci","workflow-basic-steps-plugin",553,"https://github.com/jenkinsci/workflow-basic-steps-plugin/pull/553","OPEN","2026-09-06T11:13:54Z","","HannesWell","2026-09","[JENKINS-29037] waitUntil:..."
"jenkinsci","service-fabric-plugin",32,"https://github.com/jenkinsci/service-fabric-plugin/pull/32","MERGED","2026-09-06T11:10:09Z","2026-09-20T21:05:35Z","MarkEWaite","2026-09","Deprecate the Azure Service..."
"jenkinsci","azure-vmss-plugin",24,"https://github.com/jenkinsci/azure-vmss-plugin/pull/24","MERGED","2026-09-06T10:53:24Z","2026-09-20T21:05:02Z","MarkEWaite","2026-09","Deprecate the Azure Virtual..."
"jenkinsci","ssh-agent-plugin",317,"https://github.com/jenkinsci/ssh-agent-plugin/pull/317","CLOSED","2026-09-06T08:54:40Z","","ogulcanaydogan","2026-09","fix: honor a custom PATH and..."
"jenkinsci","coverage-plugin",812,"https://github.com/jenkinsci/coverage-plugin/pull/812","MERGED","2026-09-05T20:40:04Z","2026-09-16T19:19:41Z","panicking","2026-09","Add remote API for whole-file..."
"jenkinsci","git-collect-plugin",3,"https://github.com/jenkinsci/git-collect-plugin/pull/3","MERGED","2026-09-05T17:22:13Z","2026-09-05T17:30:35Z","panicking","2026-09","Feat/proper register scm git"
"jenkinsci","jenkins",27350,"https://github.com/jenkinsci/jenkins/pull/27350","MERGED","2026-09-05T17:18:45Z","2026-09-06T20:31:32Z","cuishuang","2026-09","Use locale-independent..."
"jenkinsci","pipeline-dora-metrics-plugin",8,"https://github.com/jenkinsci/pipeline-dora-metrics-plugin/pull/8","MERGED","2026-09-05T14:33:29Z","2026-09-05T15:19:51Z","Bisman-Singh","2026-09","docs: add CONTRIBUTING.md,..."
"jenkinsci","pipeline-dora-metrics-plugin",7,"https://github.com/jenkinsci/pipeline-dora-metrics-plugin/pull/7","MERGED","2026-09-05T13:00:44Z","2026-09-05T13:13:26Z","Bisman-Singh","2026-09","chore: release on demand..."
"jenkinsci","pipeline-dora-metrics-plugin",6,"https://github.com/jenkinsci/pipeline-dora-metrics-plugin/pull/6","MERGED","2026-09-05T10:56:53Z","2026-09-05T13:25:12Z","Bisman-Singh","2026-09","feat: option to leave..."
"jenkinsci","bom",7392,"https://github.com/jenkinsci/bom/pull/7392","MERGED","2026-09-05T07:10:39Z","2026-09-05T11:53:01Z","alecharp","2026-09","Rotate release manager"
"jenkinsci","build-change-investigator-plugin",8,"https://github.com/jenkinsci/build-change-investigator-plugin/pull/8","MERGED","2026-09-05T06:22:37Z","2026-09-05T07:12:00Z","azeemsidd3","2026-09","Investigation Experience V3"
"jenkinsci","jenkins",27349,"https://github.com/jenkinsci/jenkins/pull/27349","CLOSED","2026-09-05T06:14:56Z","","harshit1169","2026-09","Add inline build step..."
"jenkinsci","ownership-plugin",110,"https://github.com/jenkinsci/ownership-plugin/pull/110","OPEN","2026-09-05T04:25:51Z","","atai","2026-09","feat: add Manage Owners link..."
"jenkinsci","ownership-plugin",109,"https://github.com/jenkinsci/ownership-plugin/pull/109","OPEN","2026-09-05T04:23:28Z","","atai","2026-09","fix: escape unregistered user..."
"jenkinsci","ownership-plugin",108,"https://github.com/jenkinsci/ownership-plugin/pull/108","OPEN","2026-09-05T04:20:33Z","","atai","2026-09","chore(deps): bump js-yaml to..."
"jenkinsci","ownership-plugin",107,"https://github.com/jenkinsci/ownership-plugin/pull/107","OPEN","2026-09-05T04:20:03Z","","atai","2026-09","chore: drop redundant READ..."
"jenkinsci","build-change-investigator-plugin",7,"https://github.com/jenkinsci/build-change-investigator-plugin/pull/7","MERGED","2026-09-05T03:14:27Z","2026-09-05T03:22:50Z","azeemsidd3","2026-09","Harden AI provider connection..."
"jenkinsci","cursor-origin-branch-source-plugin",19,"https://github.com/jenkinsci/cursor-origin-branch-source-plugin/pull/19","MERGED","2026-09-04T20:00:34Z","2026-09-04T20:44:49Z","jglick","2026-09","Support webhooks"
"jenkinsci","build-change-investigator-plugin",6,"https://github.com/jenkinsci/build-change-investigator-plugin/pull/6","MERGED","2026-09-04T19:11:39Z","2026-09-04T19:20:08Z","azeemsidd3","2026-09","Improve AI provider..."
"jenkinsci","cursor-origin-branch-source-plugin",14,"https://github.com/jenkinsci/cursor-origin-branch-source-plugin/pull/14","MERGED","2026-09-04T18:01:29Z","2026-09-04T18:21:50Z","jglick","2026-09","Implement retrieveRevisions..."
"jenkinsci","cursor-origin-branch-source-plugin",13,"https://github.com/jenkinsci/cursor-origin-branch-source-plugin/pull/13","MERGED","2026-09-04T16:16:19Z","2026-09-04T16:26:40Z","jglick","2026-09","Fix fragile assertion in..."
"jenkinsci","cursor-origin-branch-source-plugin",12,"https://github.com/jenkinsci/cursor-origin-branch-source-plugin/pull/12","MERGED","2026-09-04T16:03:29Z","2026-09-16T11:49:05Z","jtnord","2026-09","checks support"
"jenkinsci","kerberos-sso-plugin",92,"https://github.com/jenkinsci/kerberos-sso-plugin/pull/92","MERGED","2026-09-04T15:40:00Z","2026-09-10T15:24:59Z","kitos9112","2026-09","Let allowlisted Kerberos..."
"jenkinsci","explain-error-plugin",226,"https://github.com/jenkinsci/explain-error-plugin/pull/226","CLOSED","2026-09-04T15:27:26Z","","jmcubel","2026-09","feat: add returnStructured..."
"jenkinsci","acceptance-test-harness",2826,"https://github.com/jenkinsci/acceptance-test-harness/pull/2826","CLOSED","2026-09-04T14:19:17Z","","MarkEWaite","2026-09","[WIP] Test several pull..."
"jenkinsci","ec2-plugin",2035,"https://github.com/jenkinsci/ec2-plugin/pull/2035","CLOSED","2026-09-04T14:18:03Z","","ykhandelwal913","2026-09","Retry dedicated-host capacity..."
"jenkinsci","ec2-plugin",2034,"https://github.com/jenkinsci/ec2-plugin/pull/2034","OPEN","2026-09-04T14:17:11Z","","ykhandelwal913","2026-09","Show Mac agents as Mac in the..."
"jenkinsci","analysis-model",1566,"https://github.com/jenkinsci/analysis-model/pull/1566","MERGED","2026-09-04T13:47:34Z","2026-09-17T06:49:52Z","ws-microsure","2026-09","Fix parsing Grype report when..."
"jenkinsci","opentelemetry-plugin",1302,"https://github.com/jenkinsci/opentelemetry-plugin/pull/1302","MERGED","2026-09-04T12:33:30Z","2026-09-11T15:53:21Z","srinikvs","2026-09","Fix queue metrics visibility..."
"jenkinsci","oic-auth-plugin",795,"https://github.com/jenkinsci/oic-auth-plugin/pull/795","OPEN","2026-09-04T10:39:20Z","","walkingpendulum","2026-09","Allow prompt as a login query..."
"jenkinsci","helm-charts",1758,"https://github.com/jenkinsci/helm-charts/pull/1758","MERGED","2026-09-04T09:27:01Z","2026-09-11T21:01:17Z","mrajesh90","2026-09","Added imagePullSecret for..."
"jenkinsci","pipeline-build-step-plugin",258,"https://github.com/jenkinsci/pipeline-build-step-plugin/pull/258","OPEN","2026-09-04T08:46:40Z","","daniel-beck","2026-09","Add UI for `propagateAbort`"
"jenkinsci","jenkins",27340,"https://github.com/jenkinsci/jenkins/pull/27340","OPEN","2026-09-04T08:35:56Z","","daniel-beck","2026-09","Add support for..."
"jenkinsci","dingtalk-plugin",411,"https://github.com/jenkinsci/dingtalk-plugin/pull/411","MERGED","2026-09-04T08:03:37Z","2026-09-04T08:25:22Z","BobDu","2026-09","feat: add a 'build fixed'..."
"jenkinsci","mattermost-plugin",20,"https://github.com/jenkinsci/mattermost-plugin/pull/20","OPEN","2026-09-04T07:37:25Z","","Elvaron","2026-09","Remove usages of Commons Lang..."
"jenkinsci","command-launcher-plugin",141,"https://github.com/jenkinsci/command-launcher-plugin/pull/141","MERGED","2026-09-04T03:59:12Z","2026-09-04T20:50:27Z","MarkEWaite","2026-09","Set force sandbox as admin..."
"jenkinsci","bom",7370,"https://github.com/jenkinsci/bom/pull/7370","CLOSED","2026-09-03T22:50:15Z","","MarkEWaite","2026-09","WIP: Test several pull..."
"jenkinsci","build-change-investigator-plugin",5,"https://github.com/jenkinsci/build-change-investigator-plugin/pull/5","MERGED","2026-09-03T22:49:16Z","2026-09-03T22:56:04Z","azeemsidd3","2026-09","Add multi-provider AI support"
"jenkinsci","cursor-origin-branch-source-plugin",2,"https://github.com/jenkinsci/cursor-origin-branch-source-plugin/pull/2","MERGED","2026-09-03T22:40:16Z","2026-09-03T22:48:55Z","jglick","2026-09","Remove GHA CI flow, rely..."
"jenkinsci","jenkins",27339,"https://github.com/jenkinsci/jenkins/pull/27339","CLOSED","2026-09-03T22:08:50Z","","MarkEWaite","2026-09","Test several pull requests"
"jenkinsci","email-ext-plugin",1606,"https://github.com/jenkinsci/email-ext-plugin/pull/1606","OPEN","2026-09-03T20:59:25Z","","daniel-beck","2026-09","Fix template preview when CSP..."
"jenkinsci","build-history-manager-plugin",264,"https://github.com/jenkinsci/build-history-manager-plugin/pull/264","MERGED","2026-09-03T20:53:24Z","2026-09-03T21:35:05Z","damianszczepanik","2026-09","Reduces jelly files..."
"jenkinsci","gcs-jobcacher-storage-plugin",3,"https://github.com/jenkinsci/gcs-jobcacher-storage-plugin/pull/3","MERGED","2026-09-03T20:42:37Z","2026-09-05T04:06:26Z","jrifaeyplacer","2026-09","Send a usable shipped token..."
"jenkinsci","email-ext-plugin",1605,"https://github.com/jenkinsci/email-ext-plugin/pull/1605","MERGED","2026-09-03T19:32:39Z","2026-09-09T12:30:30Z","daniel-beck","2026-09","Fix scope of dependencies for..."
"jenkinsci","email-ext-plugin",1604,"https://github.com/jenkinsci/email-ext-plugin/pull/1604","MERGED","2026-09-03T19:28:26Z","2026-09-09T12:29:36Z","daniel-beck","2026-09","Require POST requests for..."
"jenkinsci","openstack-cloud-plugin",477,"https://github.com/jenkinsci/openstack-cloud-plugin/pull/477","MERGED","2026-09-03T19:08:33Z","2026-09-03T20:24:02Z","simonelbaz","2026-09","Move Jenkins 2.504 to 2.504.3"
"jenkinsci","anka-build-plugin",90,"https://github.com/jenkinsci/anka-build-plugin/pull/90","MERGED","2026-09-03T17:38:57Z","2026-09-07T13:04:57Z","NorseGaud","2026-09","v3.3.0"
"jenkinsci","ignore-committer-strategy-plugin",51,"https://github.com/jenkinsci/ignore-committer-strategy-plugin/pull/51","MERGED","2026-09-03T16:14:31Z","2026-09-03T16:14:56Z","MarkEWaite","2026-09","Exclude GIT_AUTHOR_EMAIL from..."
"jenkinsci","branch-api-plugin",827,"https://github.com/jenkinsci/branch-api-plugin/pull/827","OPEN","2026-09-03T15:29:09Z","","Nezz","2026-09","Speed up multibranch..."
"jenkinsci","workflow-scm-step-plugin",272,"https://github.com/jenkinsci/workflow-scm-step-plugin/pull/272","MERGED","2026-09-03T15:13:03Z","2026-09-03T16:01:59Z","MarkEWaite","2026-09","Set GIT_AUTHOR_EMAIL and..."
"jenkinsci","ignore-committer-strategy-plugin",50,"https://github.com/jenkinsci/ignore-committer-strategy-plugin/pull/50","MERGED","2026-09-03T14:16:35Z","2026-09-03T14:23:33Z","MarkEWaite","2026-09","Set GIT_AUTHOR_EMAIL for..."
"jenkinsci","gitee-plugin",214,"https://github.com/jenkinsci/gitee-plugin/pull/214","MERGED","2026-09-03T13:54:07Z","2026-09-03T14:14:05Z","Puffy1215","2026-09","Fix issue with XSS in..."
"jenkinsci","dingtalk-plugin",410,"https://github.com/jenkinsci/dingtalk-plugin/pull/410","MERGED","2026-09-03T12:51:44Z","2026-09-03T13:43:48Z","BobDu","2026-09","fix: open card buttons in the..."
"jenkinsci","script-security-plugin",926,"https://github.com/jenkinsci/script-security-plugin/pull/926","OPEN","2026-09-03T12:23:32Z","","gbhat618","2026-09","Fold groovy-sandbox into..."
"jenkinsci","flyway-api-plugin",288,"https://github.com/jenkinsci/flyway-api-plugin/pull/288","MERGED","2026-09-03T12:20:26Z","2026-09-03T12:30:45Z","jonesbusy","2026-09","Flyway upgrade to 13.5.0 and..."
"jenkinsci","update-sites-manager-plugin",76,"https://github.com/jenkinsci/update-sites-manager-plugin/pull/76","OPEN","2026-09-03T12:05:31Z","","slide","2026-09","Support update sites which..."
"jenkinsci","appscan-plugin",291,"https://github.com/jenkinsci/appscan-plugin/pull/291","MERGED","2026-09-03T11:30:02Z","2026-09-10T07:44:59Z","vishalhcl-5960","2026-09","ASPL 2109: Removal of per..."
"jenkinsci","qtest-plugin",24,"https://github.com/jenkinsci/qtest-plugin/pull/24","OPEN","2026-09-03T10:19:49Z","","mriha-tricentis","2026-09","pom.xml cleanup - switched to..."
"jenkinsci","robot-plugin",97,"https://github.com/jenkinsci/robot-plugin/pull/97","OPEN","2026-09-03T10:07:03Z","","balakine","2026-09","Add a lenient xml reader"
"jenkinsci","resources-ai-chatbot-plugin",475,"https://github.com/jenkinsci/resources-ai-chatbot-plugin/pull/475","OPEN","2026-09-03T08:06:11Z","","arjun-713","2026-09","Add Chatbot Backend Setup..."
"jenkinsci","pipeline-groovy-lib-plugin",273,"https://github.com/jenkinsci/pipeline-groovy-lib-plugin/pull/273","CLOSED","2026-09-03T07:53:13Z","","RanjitCS","2026-09","Scope symlink check to..."
"jenkinsci","wxwork-notification-plugin",123,"https://github.com/jenkinsci/wxwork-notification-plugin/pull/123","MERGED","2026-09-03T07:23:55Z","2026-09-03T08:13:00Z","nekoimi","2026-09","fix: handle missing WXWork..."
"jenkinsci","collapsing-console-sections-plugin",94,"https://github.com/jenkinsci/collapsing-console-sections-plugin/pull/94","MERGED","2026-09-03T05:49:55Z","2026-09-03T05:56:20Z","hashar","2026-09","Update npm dependencies"
"jenkinsci","build-change-investigator-plugin",4,"https://github.com/jenkinsci/build-change-investigator-plugin/pull/4","MERGED","2026-09-03T04:53:43Z","2026-09-03T05:03:36Z","azeemsidd3","2026-09","Support Jenkins 2.541.3 and..."
"jenkinsci","bitwarden-credentials-provider-plugin",42,"https://github.com/jenkinsci/bitwarden-credentials-provider-plugin/pull/42","MERGED","2026-09-03T04:36:20Z","2026-09-03T04:57:01Z","mwdle","2026-09","Fix potential slowdowns when..."
"jenkinsci","mcp-server-plugin",242,"https://github.com/jenkinsci/mcp-server-plugin/pull/242","MERGED","2026-09-03T03:52:42Z","2026-09-03T06:11:46Z","olamy","2026-09","Constrain triggerBuild..."
"jenkinsci","bitwarden-credentials-provider-plugin",41,"https://github.com/jenkinsci/bitwarden-credentials-provider-plugin/pull/41","MERGED","2026-09-03T03:35:22Z","2026-09-03T03:51:44Z","mwdle","2026-09","Pin GitHub Actions, rename..."
"jenkinsci","dingtalk-plugin",409,"https://github.com/jenkinsci/dingtalk-plugin/pull/409","MERGED","2026-09-03T03:32:21Z","2026-09-03T03:41:21Z","BobDu","2026-09","docs: the notification..."
"jenkinsci","bitwarden-credentials-provider-plugin",40,"https://github.com/jenkinsci/bitwarden-credentials-provider-plugin/pull/40","MERGED","2026-09-03T01:39:55Z","2026-09-03T03:43:09Z","mwdle","2026-09","Clarify Bitwarden CLI..."
"jenkinsci","build-change-investigator-plugin",3,"https://github.com/jenkinsci/build-change-investigator-plugin/pull/3","MERGED","2026-09-03T00:00:47Z","2026-09-03T00:08:11Z","azeemsidd3","2026-09","Update README for official..."
"jenkinsci","jenkins",27331,"https://github.com/jenkinsci/jenkins/pull/27331","MERGED","2026-09-02T21:50:19Z","2026-09-25T20:19:52Z","log0u7","2026-09","Reword the -jnlpUrl..."
"jenkinsci","build-change-investigator-plugin",2,"https://github.com/jenkinsci/build-change-investigator-plugin/pull/2","MERGED","2026-09-02T21:42:13Z","2026-09-02T21:51:47Z","azeemsidd3","2026-09","Fix Javadoc link causing CI..."
"jenkinsci","holistic-plugin",7,"https://github.com/jenkinsci/holistic-plugin/pull/7","MERGED","2026-09-02T21:07:16Z","2026-09-02T21:26:48Z","Colere-Sys","2026-09","Serve the repo verbatim so..."
"jenkinsci","holistic-plugin",6,"https://github.com/jenkinsci/holistic-plugin/pull/6","MERGED","2026-09-02T21:07:01Z","2026-09-02T21:26:45Z","Colere-Sys","2026-09","Lower the baseline to 2.479..."
"jenkinsci","jenkins",27328,"https://github.com/jenkinsci/jenkins/pull/27328","CLOSED","2026-09-02T21:04:51Z","","log0u7","2026-09","Reword the -jnlpUrl..."
"jenkinsci","jenkins",27327,"https://github.com/jenkinsci/jenkins/pull/27327","CLOSED","2026-09-02T19:22:59Z","","log0u7","2026-09","Expose the agent connection..."
"jenkinsci","nexus-artifact-uploader-plugin",134,"https://github.com/jenkinsci/nexus-artifact-uploader-plugin/pull/134","MERGED","2026-09-02T19:07:48Z","2026-09-02T19:07:58Z","MarkEWaite","2026-09","Revert 'Bump..."
"jenkinsci","bom",7365,"https://github.com/jenkinsci/bom/pull/7365","OPEN","2026-09-02T19:05:40Z","","lemeurherve","2026-09","chore(pipeline): skip prep.sh..."
"jenkinsci","jenkins",27324,"https://github.com/jenkinsci/jenkins/pull/27324","OPEN","2026-09-02T18:13:02Z","","swaran21","2026-09","Fix nested repeatable..."
"jenkinsci","jenkins",27323,"https://github.com/jenkinsci/jenkins/pull/27323","OPEN","2026-09-02T17:16:30Z","","jtnord","2026-09","enable UserProperties to be..."
"jenkinsci","jenkins",27322,"https://github.com/jenkinsci/jenkins/pull/27322","MERGED","2026-09-02T16:05:52Z","2026-09-03T21:22:33Z","jglick","2026-09","Removing old `kinfo_proc.c`"
"jenkinsci","allure-plugin",481,"https://github.com/jenkinsci/allure-plugin/pull/481","MERGED","2026-09-02T13:51:36Z","2026-09-07T10:32:28Z","baev","2026-09","Add managed Allure 3..."
"jenkinsci","oic-auth-plugin",793,"https://github.com/jenkinsci/oic-auth-plugin/pull/793","MERGED","2026-09-02T13:15:48Z","2026-09-30T13:49:46Z","jtnord","2026-09","Make the avatar behaviour..."
"jenkinsci","dingtalk-plugin",408,"https://github.com/jenkinsci/dingtalk-plugin/pull/408","MERGED","2026-09-02T12:15:35Z","2026-09-03T02:51:37Z","BobDu","2026-09","feat: add the build's latest..."
"jenkinsci","zephyr-enterprise-test-management-plugin",42,"https://github.com/jenkinsci/zephyr-enterprise-test-management-plugin/pull/42","MERGED","2026-09-02T10:51:15Z","2026-09-02T10:53:39Z","Rahul-Agarwal14","2026-09","Create Package Structure Fix"
"jenkinsci","docker-ssh-agent",716,"https://github.com/jenkinsci/docker-ssh-agent/pull/716","MERGED","2026-09-02T10:04:40Z","2026-09-02T10:55:42Z","lemeurherve","2026-09","chore(tests/linux): check..."
"jenkinsci","blackduck-security-scan-plugin",112,"https://github.com/jenkinsci/blackduck-security-scan-plugin/pull/112","MERGED","2026-09-02T08:56:46Z","2026-09-07T10:56:53Z","getrostt","2026-09","Remove references to Apache..."
"jenkinsci","propelo-job-reporter-plugin",41,"https://github.com/jenkinsci/propelo-job-reporter-plugin/pull/41","MERGED","2026-09-02T06:01:22Z","2026-09-08T09:52:03Z","harshit-trivedi01","2026-09","fix: [SEI-18332]: Merge..."
"jenkinsci","keycloak-plugin",32,"https://github.com/jenkinsci/keycloak-plugin/pull/32","MERGED","2026-09-02T04:38:20Z","2026-09-02T05:01:18Z","mrmateo","2026-09","[JENKINS-76526] - Fix parsing..."
"jenkinsci","ai-agent-plugin",54,"https://github.com/jenkinsci/ai-agent-plugin/pull/54","MERGED","2026-09-02T03:07:00Z","2026-09-03T06:12:15Z","bvolpato","2026-09","[acp] Negotiate advertised..."
"jenkinsci","ai-agent-plugin",53,"https://github.com/jenkinsci/ai-agent-plugin/pull/53","MERGED","2026-09-02T03:06:18Z","2026-09-03T06:02:38Z","bvolpato","2026-09","[core] Show extended usage..."
"jenkinsci","ai-agent-plugin",52,"https://github.com/jenkinsci/ai-agent-plugin/pull/52","MERGED","2026-09-02T03:06:15Z","2026-09-03T05:52:28Z","bvolpato","2026-09","[acp] Accept allow-always..."
"jenkinsci","subversion-plugin",1597,"https://github.com/jenkinsci/subversion-plugin/pull/1597","MERGED","2026-09-02T02:27:00Z","2026-09-02T11:57:13Z","AzazelSensei","2026-09","Document that..."
"jenkinsci","subversion-plugin",1596,"https://github.com/jenkinsci/subversion-plugin/pull/1596","MERGED","2026-09-02T00:26:07Z","2026-09-02T01:55:50Z","Eccenux","2026-09","Migrate plain selects to..."
"jenkinsci","github-pr-approval-plugin",4,"https://github.com/jenkinsci/github-pr-approval-plugin/pull/4","MERGED","2026-09-01T23:28:33Z","2026-09-01T23:45:39Z","olamy","2026-09","Keep pending-approval PR jobs..."
"jenkinsci","holistic-plugin",5,"https://github.com/jenkinsci/holistic-plugin/pull/5","MERGED","2026-09-01T21:09:55Z","2026-09-01T21:18:05Z","Colere-Sys","2026-09","Show custom stats on the full..."
"jenkinsci","holistic-plugin",4,"https://github.com/jenkinsci/holistic-plugin/pull/4","MERGED","2026-09-01T19:53:25Z","2026-09-01T21:13:14Z","Colere-Sys","2026-09","Show the custom stats tiles..."
"jenkinsci","docker-plugin",1364,"https://github.com/jenkinsci/docker-plugin/pull/1364","MERGED","2026-09-01T19:10:01Z","2026-09-26T11:26:43Z","hshibuya-dd","2026-09","Complete planned nodes..."
"jenkinsci","holistic-plugin",3,"https://github.com/jenkinsci/holistic-plugin/pull/3","MERGED","2026-09-01T19:01:23Z","2026-09-01T19:13:12Z","Colere-Sys","2026-09","Add configurable custom stats..."
"jenkinsci","macstadium-orka-plugin",151,"https://github.com/jenkinsci/macstadium-orka-plugin/pull/151","CLOSED","2026-09-01T18:10:51Z","","relwell","2026-09","Add userdata support to agent..."
"jenkinsci","ssh-agent-plugin",316,"https://github.com/jenkinsci/ssh-agent-plugin/pull/316","MERGED","2026-09-01T17:07:44Z","2026-09-01T18:22:10Z","HannesWell","2026-09","Extend PATH with..."
"jenkinsci","bouncycastle-api-plugin",222,"https://github.com/jenkinsci/bouncycastle-api-plugin/pull/222","MERGED","2026-09-01T15:25:14Z","2026-09-02T08:57:01Z","jtnord","2026-09","switch to using the..."
"jenkinsci","rocketchatnotifier-plugin",449,"https://github.com/jenkinsci/rocketchatnotifier-plugin/pull/449","MERGED","2026-09-01T14:37:43Z","2026-09-03T09:07:23Z","juluanb","2026-09","Fix jenkins 76525"
"jenkinsci","hashicorp-vault-plugin",377,"https://github.com/jenkinsci/hashicorp-vault-plugin/pull/377","OPEN","2026-09-01T14:16:14Z","","conf","2026-09","Percent-encode URI-illegal..."
"jenkinsci","gitlab-plugin",1941,"https://github.com/jenkinsci/gitlab-plugin/pull/1941","MERGED","2026-09-01T13:56:02Z","2026-09-01T14:21:47Z","krisstern","2026-09","chore: patch cd issues"
"jenkinsci","aws-credentials-plugin",334,"https://github.com/jenkinsci/aws-credentials-plugin/pull/334","OPEN","2026-09-01T13:27:05Z","","dshvedchenko","2026-09","session token env var..."
"jenkinsci","maven-artifact-choicelistprovider-plugin",58,"https://github.com/jenkinsci/maven-artifact-choicelistprovider-plugin/pull/58","MERGED","2026-09-01T12:09:26Z","2026-09-01T12:13:39Z","phreakadelle","2026-09","ChoiceList display full URL..."
"jenkinsci","jwt-auth-filter-plugin",43,"https://github.com/jenkinsci/jwt-auth-filter-plugin/pull/43","MERGED","2026-09-01T11:54:30Z","2026-09-02T08:39:43Z","chuan-T","2026-09","Fix double build trigger from..."
"jenkinsci","bom",7362,"https://github.com/jenkinsci/bom/pull/7362","CLOSED","2026-09-01T11:11:18Z","","lemeurherve","2026-09","Bisecting for '[RELEASE] New..."
"jenkinsci","ibmi-steps-plugin",83,"https://github.com/jenkinsci/ibmi-steps-plugin/pull/83","MERGED","2026-09-01T09:23:46Z","2026-09-01T09:36:48Z","sebjulliand","2026-09","Bump Jenkins baseline to..."
"jenkinsci","hpe-application-automation-tools-plugin",1597,"https://github.com/jenkinsci/hpe-application-automation-tools-plugin/pull/1597","MERGED","2026-09-01T07:15:50Z","2026-09-02T13:31:31Z","tudordecea","2026-09","Defect #3259134: [Jenkins..."
"jenkinsci","controller-clock-plugin",3,"https://github.com/jenkinsci/controller-clock-plugin/pull/3","MERGED","2026-09-01T07:12:54Z","2026-09-01T07:20:10Z","BangarwaAnish","2026-09","docs: refresh Controller..."
"jenkinsci","controller-clock-plugin",2,"https://github.com/jenkinsci/controller-clock-plugin/pull/2","MERGED","2026-09-01T06:31:54Z","2026-09-01T06:39:51Z","BangarwaAnish","2026-09","fix: point plugin..."
"jenkinsci","controller-clock-plugin",1,"https://github.com/jenkinsci/controller-clock-plugin/pull/1","MERGED","2026-09-01T03:20:31Z","2026-09-01T03:29:38Z","BangarwaAnish","2026-09","docs: improve plugin README..."
"jenkinsci","diversion-scm-plugin",31,"https://github.com/jenkinsci/diversion-scm-plugin/pull/31","MERGED","2026-09-01T02:53:22Z","2026-09-01T03:09:49Z","ibain","2026-09","fix: add ChangeLogSet..."
"jenkinsci","bitwarden-credentials-provider-plugin",37,"https://github.com/jenkinsci/bitwarden-credentials-provider-plugin/pull/37","MERGED","2026-09-01T00:38:06Z","2026-09-01T02:26:29Z","mwdle","2026-09","Fix configuration migration..."
"jenkinsci","bitwarden-credentials-provider-plugin",36,"https://github.com/jenkinsci/bitwarden-credentials-provider-plugin/pull/36","MERGED","2026-09-01T00:01:39Z","2026-09-01T00:18:05Z","mwdle","2026-09","Improve project health..."
"jenkins-infra","jenkins.io",9439,"https://github.com/jenkins-infra/jenkins.io/pull/9439","OPEN","2026-09-30T21:56:24Z","","schulmak","2026-09","feat: add Java 25 upgrade doc"
"jenkins-infra","jenkins.io",9435,"https://github.com/jenkins-infra/jenkins.io/pull/9435","MERGED","2026-09-30T19:41:37Z","2026-09-30T20:13:32Z","schulmak","2026-09","chore: update Java version"
"jenkins-infra","plugin-modernizer-stats",147,"https://github.com/jenkins-infra/plugin-modernizer-stats/pull/147","OPEN","2026-09-30T17:23:58Z","","Vatsal-Verma","2026-09","fix: fix audit..."
"jenkins-infra","kubernetes-management",8102,"https://github.com/jenkins-infra/kubernetes-management/pull/8102","MERGED","2026-09-30T14:06:15Z","2026-09-30T14:09:51Z","dduportal","2026-09","fix(privatek8s/infra-ci-jenkins-io-jobs)..."
"jenkins-infra","plugin-modernizer-tool",1932,"https://github.com/jenkins-infra/plugin-modernizer-tool/pull/1932","OPEN","2026-09-30T12:54:28Z","","PranjalManhgaye","2026-09","remove stale java-version..."
"jenkins-infra","plugin-modernizer-tool",1931,"https://github.com/jenkins-infra/plugin-modernizer-tool/pull/1931","MERGED","2026-09-30T10:54:11Z","2026-09-30T11:48:33Z","PranjalManhgaye","2026-09","preserve trailing newline..."
"jenkins-infra","jenkins.io",9434,"https://github.com/jenkins-infra/jenkins.io/pull/9434","MERGED","2026-09-29T21:18:21Z","2026-10-01T05:36:22Z","StefanSpieker","2026-09","added a blog post about the..."
"jenkins-infra","plugin-modernizer-tool",1930,"https://github.com/jenkins-infra/plugin-modernizer-tool/pull/1930","MERGED","2026-09-29T18:54:28Z","2026-09-30T11:49:28Z","PranjalManhgaye","2026-09","Remove dead exclusion logic..."
"jenkins-infra","repository-permissions-updater",5345,"https://github.com/jenkins-infra/repository-permissions-updater/pull/5345","MERGED","2026-09-29T13:58:31Z","2026-09-29T14:16:25Z","jgarciacloudbees","2026-09","Add jgarciacloudbees to..."
"jenkins-infra","azure",1558,"https://github.com/jenkins-infra/azure/pull/1558","MERGED","2026-09-29T13:45:04Z","2026-09-29T14:14:38Z","lemeurherve","2026-09","fix(privatek8s-sponsored):..."
"jenkins-infra","contributor-spotlight",732,"https://github.com/jenkins-infra/contributor-spotlight/pull/732","MERGED","2026-09-29T13:08:11Z","2026-09-30T13:50:12Z","yats0x7","2026-09","Revamp: Take the footer's..."
"jenkins-infra","release",973,"https://github.com/jenkins-infra/release/pull/973","MERGED","2026-09-29T08:43:49Z","2026-09-29T09:37:49Z","lemeurherve","2026-09","Backport of `master` into..."
"jenkins-infra","azure",1556,"https://github.com/jenkins-infra/azure/pull/1556","MERGED","2026-09-29T08:07:47Z","2026-09-29T14:20:35Z","lemeurherve","2026-09","cleanup: remove..."
"jenkins-infra","contributor-spotlight",730,"https://github.com/jenkins-infra/contributor-spotlight/pull/730","OPEN","2026-09-29T03:38:40Z","","yats0x7","2026-09","Revamp: Bring back the..."
"jenkins-infra","plugin-modernizer-stats",145,"https://github.com/jenkins-infra/plugin-modernizer-stats/pull/145","OPEN","2026-09-28T15:58:14Z","","Raam751","2026-09","refactor: load dashboard data..."
"jenkins-infra","release",972,"https://github.com/jenkins-infra/release/pull/972","MERGED","2026-09-28T15:32:38Z","2026-09-28T15:56:04Z","lemeurherve","2026-09","feat: use Windows 2025 in..."
"jenkins-infra","pipeline-library",1063,"https://github.com/jenkins-infra/pipeline-library/pull/1063","MERGED","2026-09-28T15:02:30Z","2026-09-28T15:06:08Z","dduportal","2026-09","hotfix(infra) use 'docker.io'..."
"jenkins-infra","docker-packaging",294,"https://github.com/jenkins-infra/docker-packaging/pull/294","MERGED","2026-09-28T13:54:24Z","2026-09-28T14:17:50Z","dduportal","2026-09","chore(updatecli) fix..."
"jenkins-infra","documentation",36,"https://github.com/jenkins-infra/documentation/pull/36","MERGED","2026-09-28T11:16:01Z","2026-09-28T11:16:24Z","jayfranco999","2026-09","Add meetings/2026-09-22.md"
"jenkins-infra","release",970,"https://github.com/jenkins-infra/release/pull/970","MERGED","2026-09-28T09:25:18Z","2026-09-28T13:41:12Z","lemeurherve","2026-09","Backport of `master` into..."
"jenkins-infra","release",969,"https://github.com/jenkins-infra/release/pull/969","MERGED","2026-09-28T08:46:41Z","2026-09-28T13:18:48Z","lemeurherve","2026-09","feat: add..."
"jenkins-infra","contributor-spotlight",728,"https://github.com/jenkins-infra/contributor-spotlight/pull/728","MERGED","2026-09-28T05:24:25Z","2026-09-28T16:16:53Z","yats0x7","2026-09","Revamp: Tidy up the landing..."
"jenkins-infra","packer-images",3092,"https://github.com/jenkins-infra/packer-images/pull/3092","OPEN","2026-09-28T05:13:49Z","","jayfranco999","2026-09","chore(ubuntu): install..."
"jenkins-infra","contributor-spotlight",727,"https://github.com/jenkins-infra/contributor-spotlight/pull/727","MERGED","2026-09-27T23:41:54Z","2026-09-28T14:00:26Z","yats0x7","2026-09","Revamp: Read contributor data..."
"jenkins-infra","jenkins.io",9430,"https://github.com/jenkins-infra/jenkins.io/pull/9430","MERGED","2026-09-27T19:18:47Z","2026-09-28T21:06:35Z","Eliezergh","2026-09","Add Halloween and Diwali..."
"jenkins-infra","plugin-modernizer-tool",1928,"https://github.com/jenkins-infra/plugin-modernizer-tool/pull/1928","MERGED","2026-09-27T16:51:48Z","2026-09-28T08:04:47Z","Raam751","2026-09","Use runNoFork for..."
"jenkins-infra","plugin-modernizer-stats",143,"https://github.com/jenkins-infra/plugin-modernizer-stats/pull/143","OPEN","2026-09-27T06:09:11Z","","Vatsal-Verma","2026-09","Feat: add CDN scripts for..."
"jenkins-infra","repository-permissions-updater",5339,"https://github.com/jenkins-infra/repository-permissions-updater/pull/5339","OPEN","2026-09-27T03:53:32Z","","arnoxit","2026-09","Add arnoxit as maintainter..."
"jenkins-infra","jenkins.io",9426,"https://github.com/jenkins-infra/jenkins.io/pull/9426","MERGED","2026-09-26T02:40:04Z","2026-09-26T09:11:08Z","MarkEWaite","2026-09","Remove links to Blue Ocean..."
"jenkins-infra","repository-permissions-updater",5337,"https://github.com/jenkins-infra/repository-permissions-updater/pull/5337","MERGED","2026-09-25T16:48:05Z","2026-09-25T17:27:35Z","kitos9112","2026-09","Enable CD for..."
"jenkins-infra","repository-permissions-updater",5336,"https://github.com/jenkins-infra/repository-permissions-updater/pull/5336","MERGED","2026-09-25T14:23:30Z","2026-09-25T15:14:04Z","kitos9112","2026-09","Add kitos9112 as maintainer..."
"jenkins-infra","repository-permissions-updater",5335,"https://github.com/jenkins-infra/repository-permissions-updater/pull/5335","MERGED","2026-09-25T14:10:52Z","2026-09-25T15:32:26Z","flabrie","2026-09","Migrate managed-scripts..."
"jenkins-infra","plugin-site",2633,"https://github.com/jenkins-infra/plugin-site/pull/2633","MERGED","2026-09-25T13:42:36Z","2026-09-25T14:02:51Z","lemeurherve","2026-09","fix(pipeline): setting..."
"jenkins-infra","docs.jenkins.io",434,"https://github.com/jenkins-infra/docs.jenkins.io/pull/434","MERGED","2026-09-25T12:15:36Z","2026-09-25T13:09:42Z","lemeurherve","2026-09","fix: always install dev..."
"jenkins-infra","plugin-site",2630,"https://github.com/jenkins-infra/plugin-site/pull/2630","CLOSED","2026-09-25T12:04:19Z","","lemeurherve","2026-09","test: simulate build and test..."
"jenkins-infra","pipeline-library",1062,"https://github.com/jenkins-infra/pipeline-library/pull/1062","MERGED","2026-09-25T10:20:29Z","2026-09-25T13:29:47Z","lemeurherve","2026-09","fix(buildWebsite): always..."
"jenkins-infra","repository-permissions-updater",5334,"https://github.com/jenkins-infra/repository-permissions-updater/pull/5334","MERGED","2026-09-25T10:18:15Z","2026-09-25T13:05:28Z","sue445","2026-09","Enable CD for chatwork-plugin"
"jenkins-infra","pipeline-library",1061,"https://github.com/jenkins-infra/pipeline-library/pull/1061","CLOSED","2026-09-25T10:16:05Z","","lemeurherve","2026-09","fix(buildWebsite): always..."
"jenkins-infra","packer-images",3087,"https://github.com/jenkins-infra/packer-images/pull/3087","OPEN","2026-09-25T05:21:11Z","","jayfranco999","2026-09","chore(ubuntu): install..."
"jenkins-infra","repository-permissions-updater",5333,"https://github.com/jenkins-infra/repository-permissions-updater/pull/5333","MERGED","2026-09-24T19:41:44Z","2026-09-24T21:10:46Z","flabrie","2026-09","Request access to Managed..."
"jenkins-infra","kubernetes-management",8091,"https://github.com/jenkins-infra/kubernetes-management/pull/8091","MERGED","2026-09-24T14:57:50Z","2026-09-24T15:11:58Z","lemeurherve","2026-09","Bump `cert-manager` helm..."
"jenkins-infra","packer-images",3086,"https://github.com/jenkins-infra/packer-images/pull/3086","MERGED","2026-09-24T14:16:34Z","2026-09-28T07:45:17Z","jayfranco999","2026-09","chore(ubuntu): install the..."
"jenkins-infra","azure",1553,"https://github.com/jenkins-infra/azure/pull/1553","MERGED","2026-09-24T12:30:21Z","2026-09-24T13:31:30Z","lemeurherve","2026-09","cleanup: remove Windows 2022..."
"jenkins-infra","packer-images",3081,"https://github.com/jenkins-infra/packer-images/pull/3081","MERGED","2026-09-24T12:29:34Z","2026-09-24T13:14:48Z","lemeurherve","2026-09","cleanup: remove Windows 2022"
"jenkins-infra","release",968,"https://github.com/jenkins-infra/release/pull/968","MERGED","2026-09-24T12:22:04Z","2026-09-24T12:27:34Z","dduportal","2026-09","fix(utils/release) remove..."
"jenkins-infra","terraform-aws-sponsorship",648,"https://github.com/jenkins-infra/terraform-aws-sponsorship/pull/648","MERGED","2026-09-24T12:13:50Z","2026-09-24T12:37:51Z","lemeurherve","2026-09","cleanup: remove Windows 2022..."
"jenkins-infra","acceptance-tests",73,"https://github.com/jenkins-infra/acceptance-tests/pull/73","MERGED","2026-09-24T12:07:14Z","2026-09-24T12:19:11Z","lemeurherve","2026-09","cleanup(check-agent-availability):..."
"jenkins-infra","jenkins-infra",5075,"https://github.com/jenkins-infra/jenkins-infra/pull/5075","MERGED","2026-09-24T12:03:48Z","2026-09-24T12:19:33Z","lemeurherve","2026-09","cleanup(jenkinscontroller):..."
"jenkins-infra","csp-compatibility",35,"https://github.com/jenkins-infra/csp-compatibility/pull/35","MERGED","2026-09-24T11:23:13Z","2026-09-25T08:23:13Z","daniel-beck","2026-09","Record xcode-plugin..."
"jenkins-infra","csp-compatibility",34,"https://github.com/jenkins-infra/csp-compatibility/pull/34","MERGED","2026-09-24T11:09:04Z","2026-09-24T11:10:00Z","daniel-beck","2026-09","Record lucene-search..."
"jenkins-infra","azure",1552,"https://github.com/jenkins-infra/azure/pull/1552","MERGED","2026-09-24T10:08:20Z","2026-09-24T10:08:31Z","dduportal","2026-09","Revert 'feat(publick8s) add a..."
"jenkins-infra","azure",1551,"https://github.com/jenkins-infra/azure/pull/1551","MERGED","2026-09-24T09:33:22Z","2026-09-24T09:35:29Z","dduportal","2026-09","feat(publick8s) add a test..."
"jenkins-infra","contributor-spotlight",725,"https://github.com/jenkins-infra/contributor-spotlight/pull/725","CLOSED","2026-09-24T08:41:46Z","","lemeurherve","2026-09","test"
"jenkins-infra","contributor-spotlight",724,"https://github.com/jenkins-infra/contributor-spotlight/pull/724","CLOSED","2026-09-24T08:41:13Z","","lemeurherve","2026-09","Test gsoc 2026"
"jenkins-infra","update-center2",926,"https://github.com/jenkins-infra/update-center2/pull/926","OPEN","2026-09-23T15:54:30Z","","daniel-beck","2026-09","Record SECURITY-3773 fixed..."
"jenkins-infra","pipeline-library",1060,"https://github.com/jenkins-infra/pipeline-library/pull/1060","MERGED","2026-09-23T15:05:26Z","2026-09-24T09:04:09Z","lemeurherve","2026-09","fix(buildWebsite): proper..."
"jenkins-infra","packer-images",3079,"https://github.com/jenkins-infra/packer-images/pull/3079","MERGED","2026-09-23T14:47:45Z","2026-09-24T13:57:20Z","jayfranco999","2026-09","chore(updatecli): track the..."
"jenkins-infra","packer-images",3078,"https://github.com/jenkins-infra/packer-images/pull/3078","MERGED","2026-09-23T14:45:22Z","2026-09-24T13:57:44Z","jayfranco999","2026-09","docs(ansible): explain the..."
"jenkins-infra","kubernetes-management",8089,"https://github.com/jenkins-infra/kubernetes-management/pull/8089","MERGED","2026-09-23T12:51:04Z","2026-09-23T15:15:19Z","jayfranco999","2026-09","fix(publick8s/datadog/pluginHealthEngineStalenessCheck)..."
"jenkins-infra","datadog",387,"https://github.com/jenkins-infra/datadog/pull/387","MERGED","2026-09-23T12:50:33Z","2026-09-23T13:40:18Z","jayfranco999","2026-09","fix(monitors): alert on..."
"jenkins-infra","kubernetes-management",8088,"https://github.com/jenkins-infra/kubernetes-management/pull/8088","MERGED","2026-09-23T12:41:45Z","2026-09-23T12:48:37Z","dduportal","2026-09","fix(publick8s/datadog/buildReportStalenessCheck)..."
"jenkins-infra","repository-permissions-updater",5328,"https://github.com/jenkins-infra/repository-permissions-updater/pull/5328","OPEN","2026-09-23T12:27:11Z","","apuig","2026-09","Remove CloudBees as security..."
"jenkins-infra","jenkins-infra",5073,"https://github.com/jenkins-infra/jenkins-infra/pull/5073","MERGED","2026-09-23T12:03:54Z","2026-09-23T12:04:03Z","dduportal","2026-09","fix(jenkins::controller,ci.jenkins.io)..."
"jenkins-infra","jenkins-infra",5072,"https://github.com/jenkins-infra/jenkins-infra/pull/5072","MERGED","2026-09-23T10:50:30Z","2026-09-23T10:50:39Z","dduportal","2026-09","feat(jenkins::controller,ci.jenkins.io)..."
"jenkins-infra","javadoc",84,"https://github.com/jenkins-infra/javadoc/pull/84","MERGED","2026-09-23T07:52:01Z","2026-09-23T08:24:40Z","lemeurherve","2026-09","chore(pipeline): restore..."
"jenkins-infra","repository-permissions-updater",5327,"https://github.com/jenkins-infra/repository-permissions-updater/pull/5327","MERGED","2026-09-23T06:41:51Z","2026-09-24T07:13:34Z","Sekator778","2026-09","Adopt token-macro plugin"
"jenkins-infra","repository-permissions-updater",5326,"https://github.com/jenkins-infra/repository-permissions-updater/pull/5326","MERGED","2026-09-23T06:41:49Z","2026-09-25T06:41:42Z","Sekator778","2026-09","Adopt jaxb plugin"
"jenkins-infra","contributor-spotlight",721,"https://github.com/jenkins-infra/contributor-spotlight/pull/721","MERGED","2026-09-23T05:45:15Z","2026-09-26T22:42:39Z","yats0x7","2026-09","Revamp: Give the landing page..."
"jenkins-infra","contributor-spotlight",720,"https://github.com/jenkins-infra/contributor-spotlight/pull/720","CLOSED","2026-09-23T05:29:56Z","","yats0x7","2026-09","Revamp: Build the site in..."
"jenkins-infra","repository-permissions-updater",5325,"https://github.com/jenkins-infra/repository-permissions-updater/pull/5325","OPEN","2026-09-22T21:38:48Z","","MarkEWaite","2026-09","Add markewaite as a..."
"jenkins-infra","jenkins.io",9424,"https://github.com/jenkins-infra/jenkins.io/pull/9424","MERGED","2026-09-22T17:57:07Z","2026-09-23T02:31:50Z","daniel-beck","2026-09","Update docs for the end of..."
"jenkins-infra","infra-statistics",62,"https://github.com/jenkins-infra/infra-statistics/pull/62","MERGED","2026-09-22T14:04:54Z","2026-09-23T14:56:45Z","dduportal","2026-09","feat(Jenkinsfile) automate..."
"jenkins-infra","jenkins.io",9423,"https://github.com/jenkins-infra/jenkins.io/pull/9423","MERGED","2026-09-22T08:57:35Z","2026-09-22T10:50:15Z","dduportal","2026-09","feat(roadmap) update..."
"jenkins-infra","digitalocean",312,"https://github.com/jenkins-infra/digitalocean/pull/312","MERGED","2026-09-22T08:08:10Z","2026-09-22T08:13:15Z","dduportal","2026-09","fix(census.jenkins.io)..."
"jenkins-infra","csp-compatibility",33,"https://github.com/jenkins-infra/csp-compatibility/pull/33","MERGED","2026-09-22T08:07:21Z","2026-09-22T09:38:51Z","daniel-beck","2026-09","Record open htmlpublisher#609"
"jenkins-infra","jenkins.io",9422,"https://github.com/jenkins-infra/jenkins.io/pull/9422","MERGED","2026-09-22T06:10:25Z","2026-09-22T07:58:42Z","StefanSpieker","2026-09","Modify officer end dates..."
"jenkins-infra","contributor-spotlight",717,"https://github.com/jenkins-infra/contributor-spotlight/pull/717","MERGED","2026-09-22T05:16:30Z","2026-09-23T02:38:36Z","yats0x7","2026-09","Revamp: Serve contributor..."
"jenkins-infra","jenkins.io",9420,"https://github.com/jenkins-infra/jenkins.io/pull/9420","MERGED","2026-09-22T02:44:52Z","2026-09-22T03:38:36Z","MarkEWaite","2026-09","Minor updates to 2.583..."
"jenkins-infra","csp-compatibility",32,"https://github.com/jenkins-infra/csp-compatibility/pull/32","MERGED","2026-09-21T21:49:51Z","2026-09-22T07:17:52Z","daniel-beck","2026-09","Record multiple plugin..."
"jenkins-infra","contributor-spotlight",716,"https://github.com/jenkins-infra/contributor-spotlight/pull/716","MERGED","2026-09-21T16:56:50Z","2026-09-22T04:33:16Z","yats0x7","2026-09","Revamp: Pick the spotlight..."
"jenkins-infra","contributor-spotlight",715,"https://github.com/jenkins-infra/contributor-spotlight/pull/715","MERGED","2026-09-21T10:57:30Z","2026-09-21T13:30:30Z","yats0x7","2026-09","Revamp: Declare Node globals..."
"jenkins-infra","repository-permissions-updater",5322,"https://github.com/jenkins-infra/repository-permissions-updater/pull/5322","MERGED","2026-09-21T01:50:02Z","2026-09-24T07:05:41Z","MarkEWaite","2026-09","Modernize developer lists for..."
"jenkins-infra","repository-permissions-updater",5321,"https://github.com/jenkins-infra/repository-permissions-updater/pull/5321","MERGED","2026-09-20T23:52:25Z","2026-09-21T10:39:16Z","MarkEWaite","2026-09","Remove markewaite as an Azure..."
"jenkins-infra","jenkins.io",9418,"https://github.com/jenkins-infra/jenkins.io/pull/9418","MERGED","2026-09-20T21:08:05Z","2026-09-20T22:42:20Z","krisstern","2026-09","fix: add missing dash between..."
"jenkins-infra","repository-permissions-updater",5320,"https://github.com/jenkins-infra/repository-permissions-updater/pull/5320","MERGED","2026-09-20T19:10:34Z","2026-09-20T19:54:55Z","MarkEWaite","2026-09","Allow markewaite to adopt..."
"jenkins-infra","plugin-modernizer-stats",134,"https://github.com/jenkins-infra/plugin-modernizer-stats/pull/134","MERGED","2026-09-20T09:12:00Z","2026-09-26T07:47:12Z","Raam751","2026-09","feat: show pull request stats..."
"jenkins-infra","plugin-modernizer-stats",133,"https://github.com/jenkins-infra/plugin-modernizer-stats/pull/133","MERGED","2026-09-19T18:49:50Z","2026-09-21T14:28:14Z","Raam751","2026-09","fix: compute recipe success..."
"jenkins-infra","repository-permissions-updater",5314,"https://github.com/jenkins-infra/repository-permissions-updater/pull/5314","OPEN","2026-09-18T19:14:32Z","","kurok","2026-09","Add kurok to deploy-dashboard"
"jenkins-infra","repository-permissions-updater",5313,"https://github.com/jenkins-infra/repository-permissions-updater/pull/5313","MERGED","2026-09-18T15:29:27Z","2026-09-25T22:43:13Z","ayyYoSam","2026-09","add: enable cd permission"
"jenkins-infra","repository-permissions-updater",5312,"https://github.com/jenkins-infra/repository-permissions-updater/pull/5312","MERGED","2026-09-18T15:12:58Z","2026-09-21T14:54:18Z","flabrie","2026-09","Request access to Xcode..."
"jenkins-infra","jenkins.io",9417,"https://github.com/jenkins-infra/jenkins.io/pull/9417","OPEN","2026-09-18T11:22:42Z","","Colere-Sys","2026-09","Add blog post: reading CI..."
"jenkins-infra","datadog",386,"https://github.com/jenkins-infra/datadog/pull/386","MERGED","2026-09-18T07:31:37Z","2026-09-18T07:38:05Z","jayfranco999","2026-09","fix(monitors): match the..."
"jenkins-infra","contributor-spotlight",713,"https://github.com/jenkins-infra/contributor-spotlight/pull/713","MERGED","2026-09-17T17:06:38Z","2026-09-21T06:28:16Z","lemeurherve","2026-09","Fix README formatting"
"jenkins-infra","contributor-spotlight",712,"https://github.com/jenkins-infra/contributor-spotlight/pull/712","MERGED","2026-09-17T16:57:43Z","2026-09-17T17:28:29Z","lemeurherve","2026-09","chore(pipeline): use..."
"jenkins-infra","contributor-spotlight",711,"https://github.com/jenkins-infra/contributor-spotlight/pull/711","CLOSED","2026-09-17T16:56:34Z","","lemeurherve","2026-09","Helpdesk5281 use buildwebsite..."
"jenkins-infra","repository-permissions-updater",5309,"https://github.com/jenkins-infra/repository-permissions-updater/pull/5309","MERGED","2026-09-17T16:26:58Z","2026-09-17T16:37:38Z","krisstern","2026-09","Change email ext plugin owner..."
"jenkins-infra","kubernetes-management",8077,"https://github.com/jenkins-infra/kubernetes-management/pull/8077","MERGED","2026-09-17T14:15:39Z","2026-09-17T15:36:35Z","jayfranco999","2026-09","chore(infra.ci): remove the..."
"jenkins-infra","contributor-spotlight",710,"https://github.com/jenkins-infra/contributor-spotlight/pull/710","MERGED","2026-09-17T13:55:50Z","2026-09-17T16:45:33Z","jayfranco999","2026-09","chore(updatecli): remove the..."
"jenkins-infra","stats.jenkins.io",709,"https://github.com/jenkins-infra/stats.jenkins.io/pull/709","MERGED","2026-09-17T13:52:46Z","2026-09-17T16:46:47Z","jayfranco999","2026-09","chore(updatecli): remove the..."
"jenkins-infra","pipeline-library",1059,"https://github.com/jenkins-infra/pipeline-library/pull/1059","OPEN","2026-09-17T13:13:29Z","","lemeurherve","2026-09","wip"
"jenkins-infra","plugin-site",2626,"https://github.com/jenkins-infra/plugin-site/pull/2626","OPEN","2026-09-17T13:00:38Z","","lemeurherve","2026-09","chore: tee eslint results in..."
"jenkins-infra","repository-permissions-updater",5308,"https://github.com/jenkins-infra/repository-permissions-updater/pull/5308","MERGED","2026-09-17T09:48:33Z","2026-09-17T13:39:26Z","ahmedwalid05","2026-09","Add Upload and Github..."
"jenkins-infra","jenkins-io-components",257,"https://github.com/jenkins-infra/jenkins-io-components/pull/257","MERGED","2026-09-17T08:54:59Z","2026-09-17T10:35:56Z","lemeurherve","2026-09","chore(pipeline): remove..."
"jenkins-infra","pipeline-library",1058,"https://github.com/jenkins-infra/pipeline-library/pull/1058","OPEN","2026-09-17T08:11:49Z","","lemeurherve","2026-09","fix(buildWebsite): proper..."
"jenkins-infra","stats.jenkins.io",708,"https://github.com/jenkins-infra/stats.jenkins.io/pull/708","MERGED","2026-09-17T07:33:12Z","2026-09-17T11:19:34Z","lemeurherve","2026-09","chore(pipeline): remove..."
"jenkins-infra","kubernetes-management",8075,"https://github.com/jenkins-infra/kubernetes-management/pull/8075","MERGED","2026-09-17T07:30:10Z","2026-09-17T07:33:51Z","lemeurherve","2026-09","chore(infra.ci): use main..."
"jenkins-infra","status",736,"https://github.com/jenkins-infra/status/pull/736","MERGED","2026-09-16T13:13:08Z","2026-09-16T13:13:18Z","lemeurherve","2026-09","Mark ci.jenkins.io..."
"jenkins-infra","status",735,"https://github.com/jenkins-infra/status/pull/735","MERGED","2026-09-16T08:09:22Z","2026-09-16T08:19:05Z","lemeurherve","2026-09","add..."
"jenkins-infra","jenkins.io",9415,"https://github.com/jenkins-infra/jenkins.io/pull/9415","OPEN","2026-09-16T03:53:51Z","","pradumn7","2026-09","Migrate 'Editing or Replacing..."
"jenkins-infra","jenkins.io",9414,"https://github.com/jenkins-infra/jenkins.io/pull/9414","OPEN","2026-09-16T03:47:28Z","","pradumn7","2026-09","Migrate 'Tool..."
"jenkins-infra","jenkins-io-components",256,"https://github.com/jenkins-infra/jenkins-io-components/pull/256","MERGED","2026-09-15T13:08:15Z","2026-09-16T13:33:11Z","lemeurherve","2026-09","chore(pipeline): use..."
"jenkins-infra","datadog",385,"https://github.com/jenkins-infra/datadog/pull/385","MERGED","2026-09-15T10:19:44Z","2026-09-17T15:34:28Z","jayfranco999","2026-09","feat(monitors): alert on..."
"jenkins-infra","kubernetes-management",8064,"https://github.com/jenkins-infra/kubernetes-management/pull/8064","MERGED","2026-09-15T10:18:51Z","2026-09-15T16:40:32Z","jayfranco999","2026-09","feat(datadog): add a..."
"jenkins-infra","pipeline-library",1057,"https://github.com/jenkins-infra/pipeline-library/pull/1057","MERGED","2026-09-15T07:25:14Z","2026-09-15T07:54:00Z","shenxianpeng","2026-09","Update badge URL in..."
"jenkins-infra","repository-permissions-updater",5298,"https://github.com/jenkins-infra/repository-permissions-updater/pull/5298","MERGED","2026-09-14T16:26:24Z","2026-09-16T06:53:58Z","dduportal","2026-09","fix: bump Artifactory groups..."
"jenkins-infra","digitalocean",308,"https://github.com/jenkins-infra/digitalocean/pull/308","MERGED","2026-09-14T16:16:04Z","2026-09-14T16:18:37Z","dduportal","2026-09","fix(census.jenkins.io) allow..."
"jenkins-infra","repository-permissions-updater",5297,"https://github.com/jenkins-infra/repository-permissions-updater/pull/5297","MERGED","2026-09-14T15:58:33Z","2026-09-16T15:59:50Z","MarkEWaite","2026-09","Remove inactive maintainers..."
"jenkins-infra","azure",1548,"https://github.com/jenkins-infra/azure/pull/1548","MERGED","2026-09-14T15:45:43Z","2026-09-14T15:48:54Z","dduportal","2026-09","feat(trusted.ci.jenkins.io)..."
"jenkins-infra","azure",1547,"https://github.com/jenkins-infra/azure/pull/1547","MERGED","2026-09-14T15:31:46Z","2026-09-14T15:44:27Z","dduportal","2026-09","chore(locals) move definition..."
"jenkins-infra","jenkins-infra",5064,"https://github.com/jenkins-infra/jenkins-infra/pull/5064","MERGED","2026-09-14T15:27:06Z","2026-09-14T15:49:16Z","dduportal","2026-09","feat(census.jenkins.io,..."
"jenkins-infra","azure",1546,"https://github.com/jenkins-infra/azure/pull/1546","MERGED","2026-09-14T14:14:14Z","2026-09-14T14:18:02Z","lemeurherve","2026-09","Revert 'Revert 'cleanup:..."
"jenkins-infra","azure",1545,"https://github.com/jenkins-infra/azure/pull/1545","MERGED","2026-09-14T13:48:45Z","2026-09-14T13:48:56Z","lemeurherve","2026-09","Revert 'cleanup: remove..."
"jenkins-infra","azure",1544,"https://github.com/jenkins-infra/azure/pull/1544","MERGED","2026-09-14T13:22:42Z","2026-09-14T13:42:00Z","lemeurherve","2026-09","cleanup: remove Windows 2019..."
"jenkins-infra","azure-net",567,"https://github.com/jenkins-infra/azure-net/pull/567","MERGED","2026-09-14T13:12:14Z","2026-09-14T13:22:29Z","dduportal","2026-09","cleanup(providers,updatecli)..."
"jenkins-infra","terraform-aws-sponsorship",632,"https://github.com/jenkins-infra/terraform-aws-sponsorship/pull/632","MERGED","2026-09-14T12:59:43Z","2026-09-14T13:09:51Z","lemeurherve","2026-09","cleanup(ci.jenkins.io):..."
"jenkins-infra","acceptance-tests",72,"https://github.com/jenkins-infra/acceptance-tests/pull/72","MERGED","2026-09-14T12:52:52Z","2026-09-14T13:18:53Z","lemeurherve","2026-09","cleanup(check-agent-availability):..."
"jenkins-infra","jenkins.io",9412,"https://github.com/jenkins-infra/jenkins.io/pull/9412","OPEN","2026-09-14T12:24:08Z","","pradumn7","2026-09","Migrate 'Access Logging' from..."
"jenkins-infra","jenkins.io",9411,"https://github.com/jenkins-infra/jenkins.io/pull/9411","OPEN","2026-09-14T11:52:00Z","","pradumn7","2026-09","Migrate 'Architecture' from..."
"jenkins-infra","jenkins.io",9410,"https://github.com/jenkins-infra/jenkins.io/pull/9410","MERGED","2026-09-13T19:56:00Z","2026-09-17T11:19:04Z","lemeurherve","2026-09","chore(pipeline): use..."
"jenkins-infra","javadoc",83,"https://github.com/jenkins-infra/javadoc/pull/83","MERGED","2026-09-13T19:39:01Z","2026-09-17T11:18:52Z","lemeurherve","2026-09","chore(pipeline): use..."
"jenkins-infra","stats.jenkins.io",705,"https://github.com/jenkins-infra/stats.jenkins.io/pull/705","MERGED","2026-09-13T19:07:45Z","2026-09-14T10:41:47Z","Raam751","2026-09","fix: stop linting the..."
"jenkins-infra","repository-permissions-updater",5294,"https://github.com/jenkins-infra/repository-permissions-updater/pull/5294","MERGED","2026-09-12T22:00:20Z","2026-09-13T09:54:26Z","h3nr1-d14z","2026-09","Enable CD for..."
"jenkins-infra","repository-permissions-updater",5293,"https://github.com/jenkins-infra/repository-permissions-updater/pull/5293","MERGED","2026-09-12T16:03:40Z","2026-09-12T18:05:48Z","mawinter69","2026-09","ban db dependencies in favor..."
"jenkins-infra","jenkins.io",9408,"https://github.com/jenkins-infra/jenkins.io/pull/9408","OPEN","2026-09-12T13:59:20Z","","pradumn7","2026-09","docs(nginx): add unix domain..."
"jenkins-infra","plugin-modernizer-stats",124,"https://github.com/jenkins-infra/plugin-modernizer-stats/pull/124","MERGED","2026-09-12T12:00:28Z","2026-09-12T16:19:23Z","Raam751","2026-09","docs: document the statistics..."
"jenkins-infra","jenkins.io",9407,"https://github.com/jenkins-infra/jenkins.io/pull/9407","MERGED","2026-09-12T10:38:26Z","2026-09-16T23:17:28Z","pradumn7","2026-09","docs(nginx): preserve..."
"jenkins-infra","jenkins.io",9406,"https://github.com/jenkins-infra/jenkins.io/pull/9406","MERGED","2026-09-12T10:26:00Z","2026-09-26T02:58:42Z","pradumn7","2026-09","docs(intellij): clarify..."
"jenkins-infra","jenkins.io",9405,"https://github.com/jenkins-infra/jenkins.io/pull/9405","MERGED","2026-09-12T08:50:07Z","2026-09-12T10:06:23Z","arjun-713","2026-09","Fix final blog demo video..."
"jenkins-infra","azure",1543,"https://github.com/jenkins-infra/azure/pull/1543","MERGED","2026-09-12T07:31:20Z","2026-09-12T07:33:53Z","dduportal","2026-09","cleanup: remove migrate.tf..."
"jenkins-infra","azure",1541,"https://github.com/jenkins-infra/azure/pull/1541","MERGED","2026-09-12T07:17:40Z","2026-09-12T07:18:01Z","dduportal","2026-09","chore(updatecli) re-enable..."
"jenkins-infra","repository-permissions-updater",5290,"https://github.com/jenkins-infra/repository-permissions-updater/pull/5290","MERGED","2026-09-11T21:22:59Z","2026-09-14T12:26:03Z","timja","2026-09","Start managing some GitHub..."
"jenkins-infra","jenkins.io",9403,"https://github.com/jenkins-infra/jenkins.io/pull/9403","MERGED","2026-09-11T17:17:53Z","2026-09-21T11:19:16Z","schulmak","2026-09","feat: admin blog part 2"
"jenkins-infra","jenkins.io",9402,"https://github.com/jenkins-infra/jenkins.io/pull/9402","MERGED","2026-09-11T15:59:09Z","2026-09-11T16:06:25Z","MarkEWaite","2026-09","Remove the unused paragraph..."
"jenkins-infra","terraform-aws-sponsorship",630,"https://github.com/jenkins-infra/terraform-aws-sponsorship/pull/630","MERGED","2026-09-11T15:15:12Z","2026-09-11T15:16:49Z","dduportal","2026-09","Delete migrate.tf"
"jenkins-infra","jenkins.io",9401,"https://github.com/jenkins-infra/jenkins.io/pull/9401","MERGED","2026-09-11T15:03:55Z","2026-09-11T15:17:12Z","MarkEWaite","2026-09","Add 'Avoid common mistakes'..."
"jenkins-infra","stats.jenkins.io",704,"https://github.com/jenkins-infra/stats.jenkins.io/pull/704","MERGED","2026-09-11T13:30:21Z","2026-09-11T16:01:13Z","Raam751","2026-09","fix: month abbreviation shows..."
"jenkins-infra","terraform-aws-sponsorship",629,"https://github.com/jenkins-infra/terraform-aws-sponsorship/pull/629","MERGED","2026-09-11T12:52:26Z","2026-09-11T15:12:09Z","dduportal","2026-09","chore(eks-cijenkinsio-agents-2)..."
"jenkins-infra","azure",1539,"https://github.com/jenkins-infra/azure/pull/1539","MERGED","2026-09-11T12:50:10Z","2026-09-12T07:28:23Z","dduportal","2026-09","chore: update all..."
"jenkins-infra","kubernetes-management",8057,"https://github.com/jenkins-infra/kubernetes-management/pull/8057","MERGED","2026-09-11T12:17:15Z","2026-09-11T12:31:19Z","dduportal","2026-09","feat(privatek8s/infra.ci.jenkins.io)..."
"jenkins-infra","repository-permissions-updater",5288,"https://github.com/jenkins-infra/repository-permissions-updater/pull/5288","MERGED","2026-09-11T11:06:38Z","2026-09-11T13:07:46Z","lemeurherve","2026-09","Add `hlemeur` to `winp`"
"jenkins-infra","azure",1538,"https://github.com/jenkins-infra/azure/pull/1538","MERGED","2026-09-11T10:30:07Z","2026-09-11T10:33:50Z","dduportal","2026-09","feat(infra.ci.jenkins.io) add..."
"jenkins-infra","stories",457,"https://github.com/jenkins-infra/stories/pull/457","MERGED","2026-09-11T10:19:42Z","2026-09-17T11:18:18Z","lemeurherve","2026-09","chore(pipeline): use..."
"jenkins-infra","plugin-site",2622,"https://github.com/jenkins-infra/plugin-site/pull/2622","MERGED","2026-09-11T10:11:31Z","2026-09-17T11:18:29Z","lemeurherve","2026-09","chore(pipeline): use..."
"jenkins-infra","jenkins.io",9397,"https://github.com/jenkins-infra/jenkins.io/pull/9397","MERGED","2026-09-11T08:49:00Z","2026-09-13T13:58:33Z","schulmak","2026-09","feat: update screenshots..."
"jenkins-infra","jenkins.io",9396,"https://github.com/jenkins-infra/jenkins.io/pull/9396","MERGED","2026-09-11T08:00:10Z","2026-09-11T10:48:45Z","schulmak","2026-09","feat: add SSO part, add..."
"jenkins-infra","repository-permissions-updater",5286,"https://github.com/jenkins-infra/repository-permissions-updater/pull/5286","MERGED","2026-09-11T03:35:19Z","2026-09-11T20:59:07Z","AbdulRepo54","2026-09","Adopt copy-project-link..."
"jenkins-infra","repository-permissions-updater",5285,"https://github.com/jenkins-infra/repository-permissions-updater/pull/5285","MERGED","2026-09-11T01:02:42Z","2026-09-11T21:07:46Z","ayyYoSam","2026-09","Add developer entry for..."
"jenkins-infra","gatsby-plugin-jenkins-layout",106,"https://github.com/jenkins-infra/gatsby-plugin-jenkins-layout/pull/106","MERGED","2026-09-10T22:24:58Z","2026-09-17T07:58:07Z","lemeurherve","2026-09","chore(pipeline): use..."
"jenkins-infra","jenkins-io-components",253,"https://github.com/jenkins-infra/jenkins-io-components/pull/253","CLOSED","2026-09-10T21:27:13Z","","lemeurherve","2026-09","chore(pipeline): use..."
"jenkins-infra","plugin-health-scoring",949,"https://github.com/jenkins-infra/plugin-health-scoring/pull/949","MERGED","2026-09-10T20:47:36Z","2026-09-11T10:38:09Z","alecharp","2026-09","fix(security): exclude..."
"jenkins-infra","stats.jenkins.io",702,"https://github.com/jenkins-infra/stats.jenkins.io/pull/702","MERGED","2026-09-10T19:32:09Z","2026-09-16T13:42:08Z","lemeurherve","2026-09","chore(pipeline): use..."
"jenkins-infra","docs.jenkins.io",433,"https://github.com/jenkins-infra/docs.jenkins.io/pull/433","MERGED","2026-09-10T19:15:34Z","2026-09-17T10:30:55Z","lemeurherve","2026-09","chore(pipeline): use..."
"jenkins-infra","plugin-health-scoring",948,"https://github.com/jenkins-infra/plugin-health-scoring/pull/948","MERGED","2026-09-10T17:36:10Z","2026-09-10T20:51:22Z","alecharp","2026-09","feat(banner): display app..."
"jenkins-infra","packer-images",3058,"https://github.com/jenkins-infra/packer-images/pull/3058","MERGED","2026-09-10T16:07:19Z","2026-09-10T17:15:33Z","lemeurherve","2026-09","cleanup(windows): remove..."
"jenkins-infra","packer-images",3057,"https://github.com/jenkins-infra/packer-images/pull/3057","MERGED","2026-09-10T16:01:17Z","2026-09-10T17:26:28Z","lemeurherve","2026-09","chore(windows): add MSVC v145"
"jenkins-infra","repository-permissions-updater",5284,"https://github.com/jenkins-infra/repository-permissions-updater/pull/5284","MERGED","2026-09-10T15:27:58Z","2026-09-10T21:12:10Z","krisstern","2026-09","Enable CD for..."
"jenkins-infra","jenkins.io",9395,"https://github.com/jenkins-infra/jenkins.io/pull/9395","MERGED","2026-09-10T15:22:36Z","2026-09-13T02:54:11Z","Kevin-CB","2026-09","CRA clarification"
"jenkins-infra","contributor-spotlight",705,"https://github.com/jenkins-infra/contributor-spotlight/pull/705","MERGED","2026-09-10T15:04:56Z","2026-09-17T10:20:06Z","lemeurherve","2026-09","chore(pipeline): use..."
"jenkins-infra","pipeline-library",1055,"https://github.com/jenkins-infra/pipeline-library/pull/1055","MERGED","2026-09-10T14:58:08Z","2026-09-17T07:22:37Z","lemeurherve","2026-09","feat: add `buildWebsite`..."
"jenkins-infra","jenkins.io",9394,"https://github.com/jenkins-infra/jenkins.io/pull/9394","MERGED","2026-09-10T13:26:49Z","2026-09-11T13:13:28Z","arjun-713","2026-09","Add GSoC Final Blogpost for..."
"jenkins-infra","acceptance-tests",71,"https://github.com/jenkins-infra/acceptance-tests/pull/71","MERGED","2026-09-10T10:37:20Z","2026-09-10T10:43:02Z","lemeurherve","2026-09","cleanup(check-agent-availability/trusted.ci):..."
"jenkins-infra","azure",1535,"https://github.com/jenkins-infra/azure/pull/1535","MERGED","2026-09-10T10:27:45Z","2026-09-11T10:27:26Z","dduportal","2026-09","chore: migrate module..."
"jenkins-infra","repository-permissions-updater",5282,"https://github.com/jenkins-infra/repository-permissions-updater/pull/5282","MERGED","2026-09-09T19:50:09Z","2026-09-10T21:28:55Z","adrummond-hl","2026-09","Fix developers of hiddenlayer..."
"jenkins-infra","plugin-health-scoring",945,"https://github.com/jenkins-infra/plugin-health-scoring/pull/945","MERGED","2026-09-09T18:07:23Z","2026-09-09T18:17:48Z","alecharp","2026-09","fix(probe): honour..."
"jenkins-infra","jenkins.io",9391,"https://github.com/jenkins-infra/jenkins.io/pull/9391","MERGED","2026-09-09T17:34:17Z","2026-09-09T20:14:11Z","MarkEWaite","2026-09","Clarify CDF and Jenkins..."
"jenkins-infra","repository-permissions-updater",5281,"https://github.com/jenkins-infra/repository-permissions-updater/pull/5281","CLOSED","2026-09-09T17:31:20Z","","adrummond-hl","2026-09","fix typo in hiddenlayer..."
"jenkins-infra","jenkins-infra",5058,"https://github.com/jenkins-infra/jenkins-infra/pull/5058","MERGED","2026-09-09T17:27:48Z","2026-09-09T17:32:50Z","dduportal","2026-09","fix(profile::mirrorbits)..."
"jenkins-infra","jenkins.io",9390,"https://github.com/jenkins-infra/jenkins.io/pull/9390","MERGED","2026-09-09T16:47:30Z","2026-09-10T02:42:34Z","MarkEWaite","2026-09","Add Jenkins 2.580.1 upgrade..."
"jenkins-infra","jenkins-infra",5057,"https://github.com/jenkins-infra/jenkins-infra/pull/5057","MERGED","2026-09-09T16:19:07Z","2026-09-09T16:27:03Z","lemeurherve","2026-09","cleanup(updatecli): remove..."
"jenkins-infra","jenkins-infra",5056,"https://github.com/jenkins-infra/jenkins-infra/pull/5056","MERGED","2026-09-09T16:16:22Z","2026-09-14T12:22:55Z","lemeurherve","2026-09","cleanup(aws.ci.jenkins.io):..."
"jenkins-infra","jenkins-infra",5055,"https://github.com/jenkins-infra/jenkins-infra/pull/5055","MERGED","2026-09-09T15:58:46Z","2026-09-09T16:11:04Z","lemeurherve","2026-09","cleanup(jenkins::controller):..."
"jenkins-infra","plugin-health-scoring",944,"https://github.com/jenkins-infra/plugin-health-scoring/pull/944","MERGED","2026-09-09T15:14:44Z","2026-09-09T15:49:03Z","alecharp","2026-09","test: mock GitHub bean in..."
"jenkins-infra","plugin-health-scoring",943,"https://github.com/jenkins-infra/plugin-health-scoring/pull/943","MERGED","2026-09-09T14:47:04Z","2026-09-09T17:37:18Z","alecharp","2026-09","fix: make ScoreResult nested..."
"jenkins-infra","jenkins.io",9389,"https://github.com/jenkins-infra/jenkins.io/pull/9389","MERGED","2026-09-09T14:26:06Z","2026-09-09T14:46:59Z","MarkEWaite","2026-09","Add non-empty link to..."
"jenkins-infra","docker-mirrorbits",69,"https://github.com/jenkins-infra/docker-mirrorbits/pull/69","MERGED","2026-09-09T14:07:11Z","2026-09-09T14:14:29Z","dduportal","2026-09","feat: provide both amd64..."
"jenkins-infra","plugin-health-scoring",942,"https://github.com/jenkins-infra/plugin-health-scoring/pull/942","MERGED","2026-09-09T13:58:38Z","2026-09-09T14:34:43Z","alecharp","2026-09","fix(compose): correct env var..."
"jenkins-infra","plugin-health-scoring",941,"https://github.com/jenkins-infra/plugin-health-scoring/pull/941","MERGED","2026-09-09T13:58:30Z","2026-09-09T14:41:55Z","alecharp","2026-09","feat: add health indicators..."
"jenkins-infra","plugin-health-scoring",940,"https://github.com/jenkins-infra/plugin-health-scoring/pull/940","MERGED","2026-09-09T13:58:26Z","2026-09-09T14:35:00Z","alecharp","2026-09","feat(health): add connection..."
"jenkins-infra","kubernetes-management",8051,"https://github.com/jenkins-infra/kubernetes-management/pull/8051","MERGED","2026-09-09T13:13:20Z","2026-09-09T13:59:41Z","dduportal","2026-09","feat(publick8s/get.jenkins.io)..."
"jenkins-infra","kubernetes-management",8050,"https://github.com/jenkins-infra/kubernetes-management/pull/8050","MERGED","2026-09-09T13:11:02Z","2026-09-09T13:17:31Z","dduportal","2026-09","feat(publick8s/updates.jenkins.io)..."
"jenkins-infra","helm-charts",2040,"https://github.com/jenkins-infra/helm-charts/pull/2040","MERGED","2026-09-09T12:54:45Z","2026-09-09T13:08:33Z","dduportal","2026-09","feat(mirrorbits) implement..."
"jenkins-infra","docker-mirrorbits",68,"https://github.com/jenkins-infra/docker-mirrorbits/pull/68","MERGED","2026-09-09T12:21:25Z","2026-09-09T12:47:59Z","dduportal","2026-09","cleanup: maps to mirrorbits..."
"jenkins-infra","azure",1534,"https://github.com/jenkins-infra/azure/pull/1534","MERGED","2026-09-09T09:50:23Z","2026-09-28T10:27:36Z","lemeurherve","2026-09","feat(privatek8s): add..."
"jenkins-infra","jenkins-infra",5054,"https://github.com/jenkins-infra/jenkins-infra/pull/5054","MERGED","2026-09-09T08:20:37Z","2026-09-09T10:03:45Z","lemeurherve","2026-09","chore(jenkins::controller):..."
"jenkins-infra","jenkins-infra",5053,"https://github.com/jenkins-infra/jenkins-infra/pull/5053","MERGED","2026-09-09T08:13:50Z","2026-09-09T08:35:25Z","lemeurherve","2026-09","cleanup(jenkins::controller):..."
"jenkins-infra","repository-permissions-updater",5279,"https://github.com/jenkins-infra/repository-permissions-updater/pull/5279","MERGED","2026-09-09T07:43:17Z","2026-09-09T07:49:18Z","timja","2026-09","Log errors from artifactory..."
"jenkins-infra","repository-permissions-updater",5278,"https://github.com/jenkins-infra/repository-permissions-updater/pull/5278","MERGED","2026-09-08T23:08:39Z","2026-09-09T06:46:06Z","zbynek","2026-09","Request adoption of..."
"jenkins-infra","jenkins.io",9388,"https://github.com/jenkins-infra/jenkins.io/pull/9388","MERGED","2026-09-08T22:20:11Z","2026-09-10T02:31:16Z","azeemsidd3","2026-09","Add blog post on..."
"jenkins-infra","plugin-modernizer-tool",1900,"https://github.com/jenkins-infra/plugin-modernizer-tool/pull/1900","MERGED","2026-09-08T20:38:57Z","2026-09-09T06:07:06Z","srinikvs","2026-09","fix: preserve POSIX modes..."
"jenkins-infra","repository-permissions-updater",5276,"https://github.com/jenkins-infra/repository-permissions-updater/pull/5276","MERGED","2026-09-08T19:15:42Z","2026-09-08T19:43:36Z","mawinter69","2026-09","Skip artifactory check for..."
"jenkins-infra","plugin-modernizer-tool",1895,"https://github.com/jenkins-infra/plugin-modernizer-tool/pull/1895","MERGED","2026-09-08T18:13:44Z","2026-09-08T18:20:40Z","Raam751","2026-09","fix: match SDKMAN Temurin..."
"jenkins-infra","repository-permissions-updater",5275,"https://github.com/jenkins-infra/repository-permissions-updater/pull/5275","MERGED","2026-09-08T16:38:33Z","2026-09-08T21:35:30Z","sghill","2026-09","Add developer 'rahulsom'..."
"jenkins-infra","pipeline-library",1054,"https://github.com/jenkins-infra/pipeline-library/pull/1054","MERGED","2026-09-08T13:22:18Z","2026-09-08T13:33:29Z","dduportal","2026-09","fix(buildDockerAndPublishImage)..."
"jenkins-infra","pipeline-library",1053,"https://github.com/jenkins-infra/pipeline-library/pull/1053","MERGED","2026-09-08T12:55:50Z","2026-09-08T13:42:52Z","lemeurherve","2026-09","chore(buildDockerAndPublishImage):..."
"jenkins-infra","plugin-health-scoring",937,"https://github.com/jenkins-infra/plugin-health-scoring/pull/937","MERGED","2026-09-08T10:56:12Z","2026-09-08T10:57:33Z","alecharp","2026-09","fix: ProbeResult Serializable..."
"jenkins-infra","jenkins-infra",5050,"https://github.com/jenkins-infra/jenkins-infra/pull/5050","MERGED","2026-09-08T09:34:47Z","2026-09-09T12:25:24Z","lemeurherve","2026-09","chore(aws.ci.jenkins.io):..."
"jenkins-infra","stats.jenkins.io",700,"https://github.com/jenkins-infra/stats.jenkins.io/pull/700","MERGED","2026-09-08T09:32:08Z","2026-09-09T12:55:00Z","Raam751","2026-09","fix: give the modals dialog..."
"jenkins-infra","release",965,"https://github.com/jenkins-infra/release/pull/965","MERGED","2026-09-08T08:50:36Z","2026-09-08T12:04:51Z","lemeurherve","2026-09","Update release checklist to..."
"jenkins-infra","repository-permissions-updater",5274,"https://github.com/jenkins-infra/repository-permissions-updater/pull/5274","MERGED","2026-09-08T05:34:16Z","2026-09-08T07:07:41Z","arnoxit","2026-09","Add covilk as maintainer..."
"jenkins-infra","repository-permissions-updater",5273,"https://github.com/jenkins-infra/repository-permissions-updater/pull/5273","MERGED","2026-09-07T22:48:38Z","2026-09-08T07:08:24Z","h3nr1-d14z","2026-09","Add leduchieu_101 to..."
"jenkins-infra","repository-permissions-updater",5272,"https://github.com/jenkins-infra/repository-permissions-updater/pull/5272","MERGED","2026-09-07T22:06:45Z","2026-09-08T08:16:21Z","BradyShober","2026-09","Enable CD for pipeline-aws"
"jenkins-infra","jenkins.io",9386,"https://github.com/jenkins-infra/jenkins.io/pull/9386","MERGED","2026-09-07T20:03:46Z","2026-09-08T02:36:24Z","thatsdc","2026-09","Created gsoc final blog post..."
"jenkins-infra","packer-images",3047,"https://github.com/jenkins-infra/packer-images/pull/3047","MERGED","2026-09-07T15:27:33Z","2026-09-08T08:51:04Z","lemeurherve","2026-09","cleanup: remove Windows 2019"
"jenkins-infra","repository-permissions-updater",5271,"https://github.com/jenkins-infra/repository-permissions-updater/pull/5271","MERGED","2026-09-07T15:15:04Z","2026-09-07T20:42:44Z","h3nr1-d14z","2026-09","Add leduchieu_101 as..."
"jenkins-infra","pipeline-library",1052,"https://github.com/jenkins-infra/pipeline-library/pull/1052","MERGED","2026-09-07T14:30:31Z","2026-09-08T08:11:44Z","dduportal","2026-09","fix(buildDockerAndPublishImage):..."
"jenkins-infra","repository-permissions-updater",5269,"https://github.com/jenkins-infra/repository-permissions-updater/pull/5269","MERGED","2026-09-07T11:29:54Z","2026-09-08T21:30:37Z","baev","2026-09","Migrate allure-jenkins-plugin..."
"jenkins-infra","kubernetes-management",8043,"https://github.com/jenkins-infra/kubernetes-management/pull/8043","MERGED","2026-09-07T10:29:01Z","2026-09-07T10:39:55Z","dduportal","2026-09","cleanup(publick8s/ldap)..."
"jenkins-infra","stories",456,"https://github.com/jenkins-infra/stories/pull/456","MERGED","2026-09-07T10:15:55Z","2026-09-07T10:26:56Z","Vatsal-Verma","2026-09","fix: Change deployment..."
"jenkins-infra","plugin-health-scoring",936,"https://github.com/jenkins-infra/plugin-health-scoring/pull/936","MERGED","2026-09-07T09:22:01Z","2026-09-08T10:59:04Z","Eccenux","2026-09","Update references to..."
"jenkins-infra","kubernetes-management",8042,"https://github.com/jenkins-infra/kubernetes-management/pull/8042","MERGED","2026-09-07T07:53:45Z","2026-09-07T08:13:55Z","lemeurherve","2026-09","chore(pipeline): lint YAML..."
"jenkins-infra","repository-permissions-updater",5267,"https://github.com/jenkins-infra/repository-permissions-updater/pull/5267","MERGED","2026-09-07T04:30:58Z","2026-09-07T20:44:15Z","BradyShober","2026-09","Add butter1484 to..."
"jenkins-infra","jenkins.io",9384,"https://github.com/jenkins-infra/jenkins.io/pull/9384","MERGED","2026-09-06T20:27:46Z","2026-09-06T20:41:09Z","MarkEWaite","2026-09","Format Jenkins 2.579..."
"jenkins-infra","repository-permissions-updater",5265,"https://github.com/jenkins-infra/repository-permissions-updater/pull/5265","MERGED","2026-09-06T16:27:16Z","2026-09-07T20:59:43Z","Sekator778","2026-09","Adopt groovy-postbuild plugin"
"jenkins-infra","backend-extension-indexer",170,"https://github.com/jenkins-infra/backend-extension-indexer/pull/170","MERGED","2026-09-06T13:36:52Z","2026-09-06T17:35:36Z","lemeurherve","2026-09","Fix typo in..."
"jenkins-infra","jenkins.io",9382,"https://github.com/jenkins-infra/jenkins.io/pull/9382","MERGED","2026-09-06T13:36:21Z","2026-09-06T17:11:33Z","krisstern","2026-09","fix: fix duplicate categories..."
"jenkins-infra","stories",455,"https://github.com/jenkins-infra/stories/pull/455","OPEN","2026-09-06T13:23:29Z","","Vatsal-Verma","2026-09","fix: update redirect rule to..."
"jenkins-infra","release",963,"https://github.com/jenkins-infra/release/pull/963","MERGED","2026-09-06T11:41:41Z","2026-09-07T14:12:58Z","MarkEWaite","2026-09","Use 2.580 in LTS checklist..."
"jenkins-infra","docker-openvpn",552,"https://github.com/jenkins-infra/docker-openvpn/pull/552","MERGED","2026-09-05T13:30:41Z","2026-09-07T08:38:15Z","dduportal","2026-09","cleanup(cert.ci.jenkins.io)..."
"jenkins-infra","azure",1533,"https://github.com/jenkins-infra/azure/pull/1533","MERGED","2026-09-05T13:28:37Z","2026-09-07T08:38:05Z","dduportal","2026-09","cleanup(cert.ci.jenkins.io)..."
"jenkins-infra","azure-net",563,"https://github.com/jenkins-infra/azure-net/pull/563","MERGED","2026-09-05T13:27:50Z","2026-09-07T09:25:22Z","dduportal","2026-09","cleanup(cert.ci.jenkins.io)..."
"jenkins-infra","jenkins-infra",5048,"https://github.com/jenkins-infra/jenkins-infra/pull/5048","MERGED","2026-09-05T13:27:41Z","2026-09-07T08:01:13Z","dduportal","2026-09","cleanup(cert.ci.jenkins.io)..."
"jenkins-infra","azure",1532,"https://github.com/jenkins-infra/azure/pull/1532","MERGED","2026-09-05T12:57:01Z","2026-09-05T13:01:08Z","dduportal","2026-09","feat(cert.ci.jenkins.io)..."
"jenkins-infra","azure",1531,"https://github.com/jenkins-infra/azure/pull/1531","MERGED","2026-09-05T12:19:33Z","2026-09-05T12:21:55Z","dduportal","2026-09","fix(cert.ci.jenkins.io) ..."
"jenkins-infra","helpdesk",5278,"https://github.com/jenkins-infra/helpdesk/pull/5278","CLOSED","2026-09-04T19:16:07Z","","alienvisitor8675-bit","2026-09","Fix #5089:..."
"jenkins-infra","plugin-modernizer-tool",1889,"https://github.com/jenkins-infra/plugin-modernizer-tool/pull/1889","MERGED","2026-09-04T19:04:08Z","2026-09-09T03:54:13Z","Raam751","2026-09","Add unit test for subcommand..."
"jenkins-infra","jenkins-infra",5046,"https://github.com/jenkins-infra/jenkins-infra/pull/5046","MERGED","2026-09-04T17:46:55Z","2026-09-05T11:48:26Z","dduportal","2026-09","feat(cert.ci.jenkins.io) add..."
"jenkins-infra","csp-compatibility",31,"https://github.com/jenkins-infra/csp-compatibility/pull/31","MERGED","2026-09-04T17:00:36Z","2026-09-04T17:01:20Z","daniel-beck","2026-09","Provide detail on email-ext"
"jenkins-infra","csp-compatibility",30,"https://github.com/jenkins-infra/csp-compatibility/pull/30","MERGED","2026-09-04T16:58:39Z","2026-09-04T17:01:07Z","daniel-beck","2026-09","Document recent releases,..."
"jenkins-infra","csp-compatibility",29,"https://github.com/jenkins-infra/csp-compatibility/pull/29","MERGED","2026-09-04T16:58:29Z","2026-09-04T17:00:55Z","daniel-beck","2026-09","Document partial fix of p4..."
"jenkins-infra","docker-openvpn",551,"https://github.com/jenkins-infra/docker-openvpn/pull/551","MERGED","2026-09-04T16:51:43Z","2026-09-04T16:52:10Z","dduportal","2026-09","fix(config) cherry-pick..."
"jenkins-infra","azure",1530,"https://github.com/jenkins-infra/azure/pull/1530","MERGED","2026-09-04T16:34:46Z","2026-09-04T16:42:18Z","dduportal","2026-09","feat(cert.ci.jenkins.io) add..."
"jenkins-infra","jenkins.io",9380,"https://github.com/jenkins-infra/jenkins.io/pull/9380","MERGED","2026-09-04T16:33:06Z","2026-09-17T17:58:56Z","daniel-beck","2026-09","Document new annotations for..."
"jenkins-infra","csp-compatibility",28,"https://github.com/jenkins-infra/csp-compatibility/pull/28","MERGED","2026-09-04T15:29:19Z","2026-09-04T16:45:16Z","daniel-beck","2026-09","Update state of `email-ext`"
"jenkins-infra","azure",1529,"https://github.com/jenkins-infra/azure/pull/1529","MERGED","2026-09-04T14:14:33Z","2026-09-04T14:16:57Z","dduportal","2026-09","feat(vnets) add datasource to..."
"jenkins-infra","kubernetes-management",8041,"https://github.com/jenkins-infra/kubernetes-management/pull/8041","MERGED","2026-09-04T14:04:28Z","2026-09-04T14:18:26Z","dduportal","2026-09","feat(publick8s/LDAP) allow..."
"jenkins-infra","jenkins-infra",5043,"https://github.com/jenkins-infra/jenkins-infra/pull/5043","MERGED","2026-09-04T13:59:24Z","2026-09-04T14:05:23Z","dduportal","2026-09","fix(cert.ci.jenkins.io) use..."
"jenkins-infra","azure",1528,"https://github.com/jenkins-infra/azure/pull/1528","MERGED","2026-09-04T13:39:40Z","2026-09-04T13:53:41Z","dduportal","2026-09","fix(cert.ci.jenkins.io)..."
"jenkins-infra","azure-net",562,"https://github.com/jenkins-infra/azure-net/pull/562","MERGED","2026-09-04T13:37:25Z","2026-09-04T14:09:04Z","dduportal","2026-09","feat(vnets) add a new..."
"jenkins-infra","packer-images",3044,"https://github.com/jenkins-infra/packer-images/pull/3044","MERGED","2026-09-04T12:54:16Z","2026-09-04T13:46:02Z","dduportal","2026-09","chore(Jenkinsfile_k8s) fix..."
"jenkins-infra","account-app",527,"https://github.com/jenkins-infra/account-app/pull/527","MERGED","2026-09-04T08:21:00Z","2026-09-04T09:07:25Z","daniel-beck","2026-09","Fix crumb expression"
"jenkins-infra","repository-permissions-updater",5263,"https://github.com/jenkins-infra/repository-permissions-updater/pull/5263","MERGED","2026-09-03T21:20:59Z","2026-09-07T21:05:38Z","simonelbaz","2026-09","Add upload permissions for..."
"jenkins-infra","jenkins.io",9379,"https://github.com/jenkins-infra/jenkins.io/pull/9379","MERGED","2026-09-03T11:12:39Z","2026-09-03T17:26:47Z","daniel-beck","2026-09","Update last check date"
"jenkins-infra","csp-compatibility",27,"https://github.com/jenkins-infra/csp-compatibility/pull/27","MERGED","2026-09-03T11:09:12Z","2026-09-03T18:25:24Z","daniel-beck","2026-09","Add the ability to hide..."
"jenkins-infra","csp-compatibility",26,"https://github.com/jenkins-infra/csp-compatibility/pull/26","MERGED","2026-09-03T10:59:59Z","2026-09-03T18:25:15Z","daniel-beck","2026-09","Update CSP information for..."
"jenkins-infra","release",962,"https://github.com/jenkins-infra/release/pull/962","MERGED","2026-09-03T07:37:12Z","2026-09-03T07:38:28Z","Kevin-CB","2026-09","Revert 'Disable weekly..."
"jenkins-infra","packer-images",3037,"https://github.com/jenkins-infra/packer-images/pull/3037","MERGED","2026-09-03T02:35:30Z","2026-09-21T09:24:15Z","jayfranco999","2026-09","chore(ansible): migrate..."
"jenkins-infra","jenkins-infra",5039,"https://github.com/jenkins-infra/jenkins-infra/pull/5039","MERGED","2026-09-02T15:38:28Z","2026-09-07T16:12:48Z","lemeurherve","2026-09","cleanup(jenkins::controller):..."
"jenkins-infra","jenkins.io",9378,"https://github.com/jenkins-infra/jenkins.io/pull/9378","MERGED","2026-09-02T15:18:12Z","2026-09-02T15:30:16Z","akca","2026-09","Fix 2.568.3 LTS release date"
"jenkins-infra","account-app",525,"https://github.com/jenkins-infra/account-app/pull/525","MERGED","2026-09-02T15:18:03Z","2026-09-02T15:41:17Z","daniel-beck","2026-09","Update Stapler to address..."
"jenkins-infra","pipeline-library",1048,"https://github.com/jenkins-infra/pipeline-library/pull/1048","MERGED","2026-09-02T12:29:44Z","2026-09-03T08:38:44Z","dduportal","2026-09","feat!(infra): rename..."
"jenkins-infra","repository-permissions-updater",5260,"https://github.com/jenkins-infra/repository-permissions-updater/pull/5260","MERGED","2026-09-02T08:09:46Z","2026-09-07T21:08:40Z","harshit-trivedi01","2026-09","[plugin-propelo-job-reporter]..."
"jenkins-infra","jenkins.io",9375,"https://github.com/jenkins-infra/jenkins.io/pull/9375","MERGED","2026-09-02T00:38:07Z","2026-09-07T16:12:36Z","kaviththiranga","2026-09","Add blog post: adopt a modern..."
"jenkins-infra","plugin-modernizer-stats",119,"https://github.com/jenkins-infra/plugin-modernizer-stats/pull/119","OPEN","2026-09-01T23:35:10Z","","hrithik577","2026-09","feat(ui): add search input..."
"jenkins-infra","repository-permissions-updater",5258,"https://github.com/jenkins-infra/repository-permissions-updater/pull/5258","MERGED","2026-09-01T14:31:13Z","2026-09-07T21:15:59Z","krisstern","2026-09","add krisstern as an..."
"jenkins-docs","quickstart-tutorials",2584,"https://github.com/jenkins-docs/quickstart-tutorials/pull/2584","OPEN","2026-09-30T08:25:56Z","","gounthar","2026-09","chore(jenkins): Updates..."
"jenkins-docs","quickstart-tutorials",2583,"https://github.com/jenkins-docs/quickstart-tutorials/pull/2583","OPEN","2026-09-29T08:25:32Z","","gounthar","2026-09","chore(jenkins): Updates..."
"jenkins-docs","quickstart-tutorials",2582,"https://github.com/jenkins-docs/quickstart-tutorials/pull/2582","MERGED","2026-09-26T09:38:26Z","2026-09-26T09:39:45Z","gounthar","2026-09","chore(jenkins): Updates..."
"jenkins-docs","quickstart-tutorials",2581,"https://github.com/jenkins-docs/quickstart-tutorials/pull/2581","MERGED","2026-09-26T08:22:19Z","2026-09-26T09:38:04Z","gounthar","2026-09","chore(jenkins): Updates..."
"jenkins-docs","quickstart-tutorials",2576,"https://github.com/jenkins-docs/quickstart-tutorials/pull/2576","CLOSED","2026-09-25T13:33:43Z","","gounthar","2026-09","chore(jenkins): Updates..."
"jenkins-docs","quickstart-tutorials",2575,"https://github.com/jenkins-docs/quickstart-tutorials/pull/2575","MERGED","2026-09-25T08:25:05Z","2026-09-25T13:32:46Z","gounthar","2026-09","chore(jenkins): Updates..."
"jenkins-docs","quickstart-tutorials",2573,"https://github.com/jenkins-docs/quickstart-tutorials/pull/2573","MERGED","2026-09-24T10:26:13Z","2026-09-24T10:30:04Z","gounthar","2026-09","chore(jenkins): Updates..."
"jenkins-docs","quickstart-tutorials",2572,"https://github.com/jenkins-docs/quickstart-tutorials/pull/2572","MERGED","2026-09-24T08:25:13Z","2026-09-24T10:24:50Z","gounthar","2026-09","chore(jenkins): Updates..."
"jenkins-docs","simple-java-maven-app",1373,"https://github.com/jenkins-docs/simple-java-maven-app/pull/1373","CLOSED","2026-09-23T08:51:43Z","","thrishakarthek","2026-09","Simulating an error"
"jenkins-docs","simple-java-maven-app",1372,"https://github.com/jenkins-docs/simple-java-maven-app/pull/1372","CLOSED","2026-09-23T08:34:33Z","","eswar-nagarajan","2026-09","adding error"
"jenkins-docs","simple-java-maven-app",1371,"https://github.com/jenkins-docs/simple-java-maven-app/pull/1371","CLOSED","2026-09-23T08:29:14Z","","RashmiA07","2026-09","Update App.java"
"jenkins-docs","simple-java-maven-app",1370,"https://github.com/jenkins-docs/simple-java-maven-app/pull/1370","CLOSED","2026-09-23T08:26:48Z","","Senthil1721","2026-09","Update App.java"
"jenkins-docs","quickstart-tutorials",2571,"https://github.com/jenkins-docs/quickstart-tutorials/pull/2571","CLOSED","2026-09-23T08:24:11Z","","gounthar","2026-09","chore(jenkins): Updates..."
"jenkins-docs","quickstart-tutorials",2570,"https://github.com/jenkins-docs/quickstart-tutorials/pull/2570","CLOSED","2026-09-22T08:24:13Z","","gounthar","2026-09","chore(jenkins): Updates..."
"jenkins-docs","quickstart-tutorials",2569,"https://github.com/jenkins-docs/quickstart-tutorials/pull/2569","CLOSED","2026-09-21T08:27:09Z","","gounthar","2026-09","chore(jenkins): Updates..."
"jenkins-docs","simple-java-maven-app",1369,"https://github.com/jenkins-docs/simple-java-maven-app/pull/1369","CLOSED","2026-09-21T02:05:52Z","","Teerapat6509650468","2026-09","Development"
"jenkins-docs","quickstart-tutorials",2566,"https://github.com/jenkins-docs/quickstart-tutorials/pull/2566","MERGED","2026-09-19T17:49:00Z","2026-09-19T17:49:53Z","gounthar","2026-09","chore(jenkins): Updates..."
"jenkins-docs","quickstart-tutorials",2565,"https://github.com/jenkins-docs/quickstart-tutorials/pull/2565","CLOSED","2026-09-19T17:48:12Z","","gounthar","2026-09","chore(jenkins): Updates..."
"jenkins-docs","quickstart-tutorials",2564,"https://github.com/jenkins-docs/quickstart-tutorials/pull/2564","MERGED","2026-09-19T08:20:53Z","2026-09-19T17:48:54Z","gounthar","2026-09","chore(jenkins): Updates..."
"jenkins-docs","quickstart-tutorials",2559,"https://github.com/jenkins-docs/quickstart-tutorials/pull/2559","CLOSED","2026-09-18T08:23:10Z","","gounthar","2026-09","chore(jenkins): Updates..."
"jenkins-docs","simple-node-js-react-npm-app",221,"https://github.com/jenkins-docs/simple-node-js-react-npm-app/pull/221","CLOSED","2026-09-17T22:19:46Z","","kiruavie","2026-09","Add initial Jenkinsfile"
"jenkins-docs","quickstart-tutorials",2558,"https://github.com/jenkins-docs/quickstart-tutorials/pull/2558","MERGED","2026-09-17T08:25:19Z","2026-09-17T13:15:50Z","gounthar","2026-09","chore(jenkins): Updates..."
"jenkins-docs","quickstart-tutorials",2556,"https://github.com/jenkins-docs/quickstart-tutorials/pull/2556","MERGED","2026-09-16T13:02:50Z","2026-09-16T13:05:02Z","gounthar","2026-09","chore(jenkins): Updates..."
"jenkins-docs","quickstart-tutorials",2555,"https://github.com/jenkins-docs/quickstart-tutorials/pull/2555","MERGED","2026-09-16T13:02:04Z","2026-09-16T13:02:26Z","gounthar","2026-09","chore(jenkins): Updates..."
"jenkins-docs","quickstart-tutorials",2554,"https://github.com/jenkins-docs/quickstart-tutorials/pull/2554","MERGED","2026-09-16T08:24:27Z","2026-09-16T13:01:20Z","gounthar","2026-09","chore(jenkins): Updates..."
"jenkins-docs","quickstart-tutorials",2553,"https://github.com/jenkins-docs/quickstart-tutorials/pull/2553","CLOSED","2026-09-15T08:24:30Z","","gounthar","2026-09","chore(jenkins): Updates..."
"jenkins-docs","quickstart-tutorials",2551,"https://github.com/jenkins-docs/quickstart-tutorials/pull/2551","MERGED","2026-09-11T08:51:36Z","2026-09-11T08:51:59Z","gounthar","2026-09","chore(jenkins): Updates..."
"jenkins-docs","quickstart-tutorials",2550,"https://github.com/jenkins-docs/quickstart-tutorials/pull/2550","MERGED","2026-09-11T08:23:31Z","2026-09-11T08:49:35Z","gounthar","2026-09","chore(jenkins): Updates..."
"jenkins-docs","quickstart-tutorials",2549,"https://github.com/jenkins-docs/quickstart-tutorials/pull/2549","MERGED","2026-09-10T13:16:31Z","2026-09-11T08:49:17Z","gounthar","2026-09","chore(jenkins): Updates..."
"jenkins-docs","quickstart-tutorials",2548,"https://github.com/jenkins-docs/quickstart-tutorials/pull/2548","MERGED","2026-09-10T08:24:04Z","2026-09-10T13:15:10Z","gounthar","2026-09","chore(jenkins): Updates..."
"jenkins-docs","simple-java-maven-app",1368,"https://github.com/jenkins-docs/simple-java-maven-app/pull/1368","CLOSED","2026-09-09T16:50:46Z","","KruthikPatel","2026-09","The pull"
"jenkins-docs","quickstart-tutorials",2547,"https://github.com/jenkins-docs/quickstart-tutorials/pull/2547","CLOSED","2026-09-09T08:23:43Z","","gounthar","2026-09","chore(jenkins): Updates..."
"jenkins-docs","quickstart-tutorials",2542,"https://github.com/jenkins-docs/quickstart-tutorials/pull/2542","MERGED","2026-09-05T08:20:00Z","2026-09-05T11:31:30Z","gounthar","2026-09","chore(jenkins): Updates..."
"jenkins-docs","quickstart-tutorials",2529,"https://github.com/jenkins-docs/quickstart-tutorials/pull/2529","CLOSED","2026-09-04T08:23:39Z","","gounthar","2026-09","chore(jenkins): Updates..."
"jenkins-docs","quickstart-tutorials",2525,"https://github.com/jenkins-docs/quickstart-tutorials/pull/2525","MERGED","2026-09-03T08:24:23Z","2026-09-03T13:26:31Z","gounthar","2026-09","chore(jenkins): Updates..."
"jenkins-docs","quickstart-tutorials",2524,"https://github.com/jenkins-docs/quickstart-tutorials/pull/2524","CLOSED","2026-09-02T08:24:20Z","","gounthar","2026-09","chore(jenkins): Updates..."
"jenkins-docs","quickstart-tutorials",2523,"https://github.com/jenkins-docs/quickstart-tutorials/pull/2523","CLOSED","2026-09-01T14:09:29Z","","gounthar","2026-09","chore(jenkins): Updates..."
"jenkins-docs","quickstart-tutorials",2522,"https://github.com/jenkins-docs/quickstart-tutorials/pull/2522","CLOSED","2026-09-01T14:09:22Z","","gounthar","2026-09","chore(jenkins): Updates..."
"jenkins-docs","simple-java-maven-app",1366,"https://github.com/jenkins-docs/simple-java-maven-app/pull/1366","CLOSED","2026-09-01T12:27:28Z","","ParikshitArer","2026-09","Appmod/java upgrade..."
"jenkins-docs","quickstart-tutorials",2521,"https://github.com/jenkins-docs/quickstart-tutorials/pull/2521","MERGED","2026-09-01T08:25:19Z","2026-09-01T14:08:18Z","gounthar","2026-09","chore(jenkins): Updates..."
