org,repository,number,url,state,created_at,merged_at,user.login,month_year,title
"jenkinsci","git-client-plugin",1782,"https://github.com/jenkinsci/git-client-plugin/pull/1782","MERGED","2026-07-31T22:49:59Z","2026-07-31T23:07:42Z","MarkEWaite","2026-07","Split PushSimpleTest from..."
"jenkinsci","freestyle-project-plugin",1,"https://github.com/jenkinsci/freestyle-project-plugin/pull/1","OPEN","2026-07-31T22:26:34Z","","slide","2026-07","Modernize the plugin and..."
"jenkinsci","ssh-agent-plugin",296,"https://github.com/jenkinsci/ssh-agent-plugin/pull/296","MERGED","2026-07-31T18:04:43Z","2026-08-07T07:02:18Z","HannesWell","2026-07","Introduce executable property..."
"jenkinsci","bom",7168,"https://github.com/jenkinsci/bom/pull/7168","CLOSED","2026-07-31T17:00:14Z","","mikecirioli","2026-07","[TESTING - DO NOT MERGE}..."
"jenkinsci","analysis-model",1556,"https://github.com/jenkinsci/analysis-model/pull/1556","MERGED","2026-07-31T16:21:21Z","2026-08-03T10:01:06Z","akash-manna-sky","2026-07","Add a parser for `OWASP..."
"jenkinsci","stapler",787,"https://github.com/jenkinsci/stapler/pull/787","MERGED","2026-07-31T15:14:02Z","2026-07-31T15:39:45Z","jglick","2026-07","Move `RETURN_NULL` into..."
"jenkinsci","stapler",786,"https://github.com/jenkinsci/stapler/pull/786","CLOSED","2026-07-31T14:27:58Z","","apuig","2026-07","Fix Function class-init..."
"jenkinsci","publish-over-ssh-plugin",425,"https://github.com/jenkinsci/publish-over-ssh-plugin/pull/425","CLOSED","2026-07-31T14:24:35Z","","gmcdonald","2026-07","Update publish-over..."
"jenkinsci","matrix-project-plugin",767,"https://github.com/jenkinsci/matrix-project-plugin/pull/767","MERGED","2026-07-31T13:14:45Z","2026-08-01T12:05:56Z","Kanaduchi","2026-07","Update baseline version"
"jenkinsci","hpe-application-automation-tools-plugin",1593,"https://github.com/jenkinsci/hpe-application-automation-tools-plugin/pull/1593","OPEN","2026-07-31T11:59:36Z","","dorin7bogdan","2026-07","Mi-Agent AuTe runner on prem"
"jenkinsci","saml-plugin",781,"https://github.com/jenkinsci/saml-plugin/pull/781","MERGED","2026-07-31T11:39:00Z","2026-08-04T11:28:12Z","nevingeorgesunny","2026-07","ignore pac4j Dependabot bumps..."
"jenkinsci","hpe-application-automation-tools-plugin",1592,"https://github.com/jenkinsci/hpe-application-automation-tools-plugin/pull/1592","CLOSED","2026-07-31T10:56:20Z","","dradu-opentext","2026-07","Mi agent aute runner on prem"
"jenkinsci","gerrit-trigger-plugin",1026,"https://github.com/jenkinsci/gerrit-trigger-plugin/pull/1026","MERGED","2026-07-31T08:15:58Z","2026-07-31T16:37:45Z","sboardwell","2026-07","docs: AMQP event delivery..."
"jenkinsci","gerrit-trigger-plugin",1025,"https://github.com/jenkinsci/gerrit-trigger-plugin/pull/1025","MERGED","2026-07-31T06:53:34Z","2026-07-31T13:41:40Z","sboardwell","2026-07","docs: Hazelcast Claim TTL"
"jenkinsci","cloudbees-folder-plugin",749,"https://github.com/jenkinsci/cloudbees-folder-plugin/pull/749","OPEN","2026-07-31T04:57:01Z","","somiljain2006","2026-07","Add draft ItemConfigurator..."
"jenkinsci","workflow-job-plugin",782,"https://github.com/jenkinsci/workflow-job-plugin/pull/782","OPEN","2026-07-31T04:40:36Z","","somiljain2006","2026-07","Add draft ItemConfigurator..."
"jenkinsci","acceptance-test-harness",2814,"https://github.com/jenkinsci/acceptance-test-harness/pull/2814","OPEN","2026-07-30T23:28:12Z","","jglick","2026-07","Delete..."
"jenkinsci","ssh-agent-plugin",295,"https://github.com/jenkinsci/ssh-agent-plugin/pull/295","MERGED","2026-07-30T22:14:05Z","2026-08-06T20:20:19Z","HannesWell","2026-07","Unify sub-process command..."
"jenkinsci","ssh-agent-plugin",294,"https://github.com/jenkinsci/ssh-agent-plugin/pull/294","MERGED","2026-07-30T22:11:04Z","2026-08-06T21:05:31Z","HannesWell","2026-07","Make new timeout property..."
"jenkinsci","gerrit-trigger-plugin",1024,"https://github.com/jenkinsci/gerrit-trigger-plugin/pull/1024","MERGED","2026-07-30T21:26:07Z","2026-07-31T16:42:05Z","rsandell","2026-07","Fix..."
"jenkinsci","bitbucket-branch-source-plugin",1239,"https://github.com/jenkinsci/bitbucket-branch-source-plugin/pull/1239","CLOSED","2026-07-30T20:21:27Z","","NickTheDevOpsGuy","2026-07","[JENKINS-76505] Bound..."
"jenkinsci","mina-sshd-api-plugin",216,"https://github.com/jenkinsci/mina-sshd-api-plugin/pull/216","MERGED","2026-07-30T19:44:05Z","2026-08-04T11:35:31Z","mikecirioli","2026-07","Update mina-core to 2.2.9 and..."
"jenkinsci","coverage-plugin",793,"https://github.com/jenkinsci/coverage-plugin/pull/793","OPEN","2026-07-30T17:44:44Z","","akash-manna-sky","2026-07","Modernize the layout of the..."
"jenkinsci","coverage-plugin",792,"https://github.com/jenkinsci/coverage-plugin/pull/792","MERGED","2026-07-30T16:40:01Z","2026-07-31T13:47:10Z","apuig","2026-07","Avoid bundling jackson jars"
"jenkinsci","bitbucket-branch-source-plugin",1238,"https://github.com/jenkinsci/bitbucket-branch-source-plugin/pull/1238","MERGED","2026-07-30T15:58:16Z","2026-07-31T07:32:59Z","nfalco79","2026-07","[JENKINS-76426] Reduce the..."
"jenkinsci","matrix-project-plugin",766,"https://github.com/jenkinsci/matrix-project-plugin/pull/766","CLOSED","2026-07-30T14:37:18Z","","Kanaduchi","2026-07","Update baseline version"
"jenkinsci","pipeline-model-definition-plugin",1503,"https://github.com/jenkinsci/pipeline-model-definition-plugin/pull/1503","OPEN","2026-07-30T12:31:03Z","","gbhat618","2026-07","Delete UpgradeTest as it uses..."
"jenkinsci","jenkins",27167,"https://github.com/jenkinsci/jenkins/pull/27167","OPEN","2026-07-30T11:49:19Z","","Racknaraock","2026-07","Propagate readOnlyMode into..."
"jenkinsci","pipeline-maven-plugin",1492,"https://github.com/jenkinsci/pipeline-maven-plugin/pull/1492","MERGED","2026-07-30T11:43:58Z","2026-07-30T21:31:10Z","Sonaliparte","2026-07","Fix AssertionError when..."
"jenkinsci","mcp-server-plugin",213,"https://github.com/jenkinsci/mcp-server-plugin/pull/213","MERGED","2026-07-30T11:37:39Z","2026-07-31T03:30:45Z","olamy","2026-07","Issue #177 Reduce size of..."
"jenkinsci","credentials-plugin",1071,"https://github.com/jenkinsci/credentials-plugin/pull/1071","OPEN","2026-07-30T11:28:15Z","","jimklimov","2026-07","CredentialsProvider: extend..."
"jenkinsci","tap-plugin",48,"https://github.com/jenkinsci/tap-plugin/pull/48","OPEN","2026-07-30T11:19:56Z","","judovana","2026-07","Updated depnendece versions..."
"jenkinsci","blackduck-detect-plugin",80,"https://github.com/jenkinsci/blackduck-detect-plugin/pull/80","MERGED","2026-07-30T11:11:55Z","2026-07-30T13:52:05Z","bd-samratmuk","2026-07","chore(security EU CRA):..."
"jenkinsci","warnings-ng-plugin",3400,"https://github.com/jenkinsci/warnings-ng-plugin/pull/3400","CLOSED","2026-07-30T11:04:17Z","","gbhat618","2026-07","Override job-dsl version not..."
"jenkinsci","dingtalk-plugin",406,"https://github.com/jenkinsci/dingtalk-plugin/pull/406","MERGED","2026-07-30T09:53:50Z","2026-07-30T10:03:59Z","BobDu","2026-07","fix: show the textarea the..."
"jenkinsci","azure-ad-plugin",828,"https://github.com/jenkinsci/azure-ad-plugin/pull/828","MERGED","2026-07-30T09:05:23Z","2026-07-30T10:45:27Z","jonbrohauge","2026-07","#827 -  Add documentation to..."
"jenkinsci","docker-ssh-agent",676,"https://github.com/jenkinsci/docker-ssh-agent/pull/676","MERGED","2026-07-30T07:51:10Z","2026-07-30T16:11:50Z","dduportal","2026-07","tests(linux) spread on many..."
"jenkinsci","appknox-scanner-plugin",13,"https://github.com/jenkinsci/appknox-scanner-plugin/pull/13","MERGED","2026-07-30T07:18:57Z","2026-07-30T10:26:55Z","avraichur96","2026-07","Health score support on..."
"jenkinsci","declarative-pipeline-migration-assistant-plugin",359,"https://github.com/jenkinsci/declarative-pipeline-migration-assistant-plugin/pull/359","MERGED","2026-07-30T06:20:03Z","2026-07-30T08:13:25Z","gbhat618","2026-07","Fix release-drafter config..."
"jenkinsci","jclouds-plugin",229,"https://github.com/jenkinsci/jclouds-plugin/pull/229","OPEN","2026-07-29T23:54:28Z","","ltsyk","2026-07","docs: fix typos in..."
"jenkinsci","bom",7160,"https://github.com/jenkinsci/bom/pull/7160","CLOSED","2026-07-29T21:16:26Z","","timja","2026-07","Test remoting incremental for..."
"jenkinsci","docker-ssh-agent",675,"https://github.com/jenkinsci/docker-ssh-agent/pull/675","MERGED","2026-07-29T20:43:36Z","2026-07-30T06:05:35Z","dduportal","2026-07","chore(linux) fix alpine tests"
"jenkinsci","docker-ssh-agent",673,"https://github.com/jenkinsci/docker-ssh-agent/pull/673","MERGED","2026-07-29T20:39:58Z","2026-07-29T20:40:44Z","dduportal","2026-07","chore(Jenkinsfile) ensure..."
"jenkinsci","github-release-plugin",37,"https://github.com/jenkinsci/github-release-plugin/pull/37","OPEN","2026-07-29T19:56:58Z","","panicking","2026-07","Feat/add generate release..."
"jenkinsci","remote-file-plugin",195,"https://github.com/jenkinsci/remote-file-plugin/pull/195","OPEN","2026-07-29T19:36:36Z","","aytuncbeken","2026-07","Bumping Jenkins Version to..."
"jenkinsci","docker-agents",1272,"https://github.com/jenkinsci/docker-agents/pull/1272","MERGED","2026-07-29T19:28:40Z","2026-08-06T14:37:20Z","dduportal","2026-07","chore: switch to Adoptium..."
"jenkinsci","docker-agents",1271,"https://github.com/jenkinsci/docker-agents/pull/1271","MERGED","2026-07-29T17:53:53Z","2026-07-30T07:51:22Z","dduportal","2026-07","cleanup: remove JDK17 images"
"jenkinsci","prism-api-plugin",326,"https://github.com/jenkinsci/prism-api-plugin/pull/326","OPEN","2026-07-29T17:27:34Z","","akash-manna-sky","2026-07","Show all warnings in source..."
"jenkinsci","docker-ssh-agent",672,"https://github.com/jenkinsci/docker-ssh-agent/pull/672","MERGED","2026-07-29T16:08:10Z","2026-07-30T06:17:13Z","dduportal","2026-07","cleanup: remove JDK17 images"
"jenkinsci","jenkins",27166,"https://github.com/jenkinsci/jenkins/pull/27166","CLOSED","2026-07-29T16:00:11Z","","webdevdot","2026-07","Fix #27112: Tab key not..."
"jenkinsci","vsphere-cloud-plugin",183,"https://github.com/jenkinsci/vsphere-cloud-plugin/pull/183","MERGED","2026-07-29T13:32:07Z","2026-07-29T19:27:48Z","jimklimov","2026-07","Introduce the concept of..."
"jenkinsci","gerrit-trigger-plugin",1023,"https://github.com/jenkinsci/gerrit-trigger-plugin/pull/1023","MERGED","2026-07-29T12:54:51Z","2026-08-06T06:00:28Z","sboardwell","2026-07","Missed Events Playback -..."
"jenkinsci","webhook-step-plugin",327,"https://github.com/jenkinsci/webhook-step-plugin/pull/327","OPEN","2026-07-29T11:16:35Z","","gbhat618","2026-07","Remove commons-lang2 usage"
"jenkinsci","mcp-server-plugin",212,"https://github.com/jenkinsci/mcp-server-plugin/pull/212","MERGED","2026-07-29T11:15:22Z","2026-07-29T11:44:05Z","olamy","2026-07","Fix spotless for test sources"
"jenkinsci","dingtalk-plugin",405,"https://github.com/jenkinsci/dingtalk-plugin/pull/405","MERGED","2026-07-29T10:32:07Z","2026-07-29T10:39:41Z","BobDu","2026-07","docs: overhaul the..."
"jenkinsci","ssh-agent-plugin",293,"https://github.com/jenkinsci/ssh-agent-plugin/pull/293","MERGED","2026-07-29T10:31:40Z","2026-07-29T10:59:10Z","ogulcanaydogan","2026-07","Expose usernameVariable..."
"jenkinsci","ansible-tower-plugin",49,"https://github.com/jenkinsci/ansible-tower-plugin/pull/49","MERGED","2026-07-29T10:04:38Z","2026-07-31T04:01:24Z","longhn0710","2026-07","Add AAP gateway compatibility..."
"jenkinsci","spotinst-plugin",119,"https://github.com/jenkinsci/spotinst-plugin/pull/119","CLOSED","2026-07-29T09:54:35Z","","yasharma-spot-flexera","2026-07","PROD-9818 jenkins plugin..."
"jenkinsci","swarm-agents-cloud-plugin",39,"https://github.com/jenkinsci/swarm-agents-cloud-plugin/pull/39","MERGED","2026-07-29T08:07:22Z","2026-07-29T08:41:22Z","AronMav","2026-07","fix: keep the swarmAgent body..."
"jenkinsci","jms-messaging-plugin",376,"https://github.com/jenkinsci/jms-messaging-plugin/pull/376","CLOSED","2026-07-29T08:06:51Z","","csasalu","2026-07","Fix getMessageHeaders() crash..."
"jenkinsci","pipeline-cps-oras-plugin",74,"https://github.com/jenkinsci/pipeline-cps-oras-plugin/pull/74","MERGED","2026-07-29T07:35:12Z","2026-07-29T07:45:40Z","jonesbusy","2026-07","Add more logs"
"jenkinsci","dingtalk-plugin",404,"https://github.com/jenkinsci/dingtalk-plugin/pull/404","MERGED","2026-07-29T06:45:13Z","2026-07-29T06:54:31Z","BobDu","2026-07","fix: deliver the configured..."
"jenkinsci","jenkins",27165,"https://github.com/jenkinsci/jenkins/pull/27165","MERGED","2026-07-28T22:15:48Z","2026-08-05T20:51:29Z","thswlsqls","2026-07","Correct Javadoc for..."
"jenkinsci","jenkins",27163,"https://github.com/jenkinsci/jenkins/pull/27163","MERGED","2026-07-28T21:12:54Z","2026-08-08T03:40:26Z","timja","2026-07","Enable build caching using..."
"jenkinsci","user-guide-ai-chatbot-plugin",30,"https://github.com/jenkinsci/user-guide-ai-chatbot-plugin/pull/30","OPEN","2026-07-28T20:56:02Z","","thatsdc","2026-07","7th PR: Implement contextual..."
"jenkinsci","remoting",1537,"https://github.com/jenkinsci/remoting/pull/1537","OPEN","2026-07-28T17:38:26Z","","akash-manna-sky","2026-07","Remote Class Loading slows..."
"jenkinsci","jenkins",27162,"https://github.com/jenkinsci/jenkins/pull/27162","MERGED","2026-07-28T15:57:01Z","2026-08-06T15:51:52Z","timja","2026-07","List annotation processors..."
"jenkinsci","pom",849,"https://github.com/jenkinsci/pom/pull/849","MERGED","2026-07-28T15:54:05Z","2026-07-28T15:58:06Z","timja","2026-07","Manage..."
"jenkinsci","jenkins",27161,"https://github.com/jenkinsci/jenkins/pull/27161","MERGED","2026-07-28T14:57:01Z","2026-08-05T20:50:15Z","timja","2026-07","Add more to quick-build,..."
"jenkinsci","job-dsl-plugin",2623,"https://github.com/jenkinsci/job-dsl-plugin/pull/2623","OPEN","2026-07-28T14:01:13Z","","Pitxyoki","2026-07","feat: Add an option to the..."
"jenkinsci","cloudbees-folder-plugin",748,"https://github.com/jenkinsci/cloudbees-folder-plugin/pull/748","CLOSED","2026-07-28T13:21:19Z","","Pitxyoki","2026-07","Only save folder..."
"jenkinsci","gerrit-trigger-plugin",1022,"https://github.com/jenkinsci/gerrit-trigger-plugin/pull/1022","OPEN","2026-07-28T12:52:50Z","","rsandell","2026-07","Implementation plan for..."
"jenkinsci","jenkins",27160,"https://github.com/jenkinsci/jenkins/pull/27160","CLOSED","2026-07-28T12:10:12Z","","LHMQ878","2026-07","Advance CompoundEnumeration..."
"jenkinsci","jenkins",27159,"https://github.com/jenkinsci/jenkins/pull/27159","OPEN","2026-07-28T12:09:42Z","","LHMQ878","2026-07","Mask masked arguments in..."
"jenkinsci","dingtalk-plugin",403,"https://github.com/jenkinsci/dingtalk-plugin/pull/403","MERGED","2026-07-28T10:33:51Z","2026-07-28T10:49:11Z","BobDu","2026-07","fix: log the payload that is..."
"jenkinsci","spotinst-plugin",118,"https://github.com/jenkinsci/spotinst-plugin/pull/118","MERGED","2026-07-28T09:45:26Z","2026-07-28T09:46:14Z","beldaflexera","2026-07","Synch PR "
"jenkinsci","p4-plugin",280,"https://github.com/jenkinsci/p4-plugin/pull/280","OPEN","2026-07-28T09:26:27Z","","ajindal-mdx","2026-07","P4Publish shelving unchanged..."
"jenkinsci","jobcacher-plugin",529,"https://github.com/jenkinsci/jobcacher-plugin/pull/529","MERGED","2026-07-28T09:07:36Z","2026-08-07T05:51:44Z","arh-wtag","2026-07","Allow manually deleting..."
"jenkinsci","pipeline-stage-view-plugin",433,"https://github.com/jenkinsci/pipeline-stage-view-plugin/pull/433","OPEN","2026-07-28T08:55:13Z","","pmarusz","2026-07","Fix: compute..."
"jenkinsci","jenkins",27158,"https://github.com/jenkinsci/jenkins/pull/27158","CLOSED","2026-07-28T08:50:09Z","","timja","2026-07","Test incremental of remoting"
"jenkinsci","signpath-plugin",58,"https://github.com/jenkinsci/signpath-plugin/pull/58","MERGED","2026-07-28T08:33:40Z","2026-07-28T08:33:48Z","Taha-cmd","2026-07","Bump version"
"jenkinsci","external-workspace-manager-plugin",82,"https://github.com/jenkinsci/external-workspace-manager-plugin/pull/82","MERGED","2026-07-28T08:19:30Z","2026-08-01T10:06:15Z","alexsomai","2026-07","[SECURITY-3907] Require..."
"jenkinsci","jobcacher-plugin",528,"https://github.com/jenkinsci/jobcacher-plugin/pull/528","CLOSED","2026-07-28T08:01:04Z","","arh-wtag","2026-07","Allow manually deleting..."
"jenkinsci","docker",2422,"https://github.com/jenkinsci/docker/pull/2422","MERGED","2026-07-28T07:43:20Z","2026-07-28T08:00:57Z","dduportal","2026-07","chore(ci/publish) ensure all..."
"jenkinsci","publish-over-ssh-plugin",424,"https://github.com/jenkinsci/publish-over-ssh-plugin/pull/424","CLOSED","2026-07-28T07:38:44Z","","amprem","2026-07","fix: prevent null transfer..."
"jenkinsci","dingtalk-plugin",402,"https://github.com/jenkinsci/dingtalk-plugin/pull/402","MERGED","2026-07-28T05:47:47Z","2026-07-28T06:06:53Z","BobDu","2026-07","fix: don't fail notifications..."
"jenkinsci","docker",2421,"https://github.com/jenkinsci/docker/pull/2421","CLOSED","2026-07-28T03:38:09Z","","karteektamarana","2026-07","Create a.txt"
"jenkinsci","ssh-agent-plugin",292,"https://github.com/jenkinsci/ssh-agent-plugin/pull/292","OPEN","2026-07-27T23:32:56Z","","ogulcanaydogan","2026-07","Add optional Git host key..."
"jenkinsci","ec2-plugin",2027,"https://github.com/jenkinsci/ec2-plugin/pull/2027","OPEN","2026-07-27T23:10:18Z","","samrocketman","2026-07","Improve multi-AZ provisioning..."
"jenkinsci","ssh-agent-plugin",291,"https://github.com/jenkinsci/ssh-agent-plugin/pull/291","MERGED","2026-07-27T20:22:18Z","2026-07-27T21:58:25Z","ogulcanaydogan","2026-07","Add unit test for..."
"jenkinsci","artifact-manager-s3-plugin",801,"https://github.com/jenkinsci/artifact-manager-s3-plugin/pull/801","MERGED","2026-07-27T20:06:33Z","2026-07-28T17:29:04Z","jglick","2026-07","Update baseline and use BOM..."
"jenkinsci","docker-workflow-plugin",750,"https://github.com/jenkinsci/docker-workflow-plugin/pull/750","MERGED","2026-07-27T20:02:52Z","2026-07-29T11:41:59Z","jglick","2026-07","Update baseline and use BOM..."
"jenkinsci","vsphere-cloud-plugin",181,"https://github.com/jenkinsci/vsphere-cloud-plugin/pull/181","MERGED","2026-07-27T18:25:26Z","2026-07-29T12:52:19Z","ijwalker","2026-07","[JENKINS-76498] Fix..."
"jenkinsci","oauth-credentials-plugin",47,"https://github.com/jenkinsci/oauth-credentials-plugin/pull/47","MERGED","2026-07-27T16:36:00Z","2026-07-28T16:06:52Z","Faheem12005","2026-07","Add capability & scope..."
"jenkinsci","gitlab-branch-source-plugin",768,"https://github.com/jenkinsci/gitlab-branch-source-plugin/pull/768","MERGED","2026-07-27T15:39:09Z","2026-08-03T10:21:39Z","Pitxyoki","2026-07","[JENKINS-75902] Always save a..."
"jenkinsci","appcircle-enterprise-app-store-plugin",4,"https://github.com/jenkinsci/appcircle-enterprise-app-store-plugin/pull/4","MERGED","2026-07-27T15:35:30Z","2026-07-27T15:35:40Z","BrkYld","2026-07","Develop"
"jenkinsci","appcircle-publish-plugin",2,"https://github.com/jenkinsci/appcircle-publish-plugin/pull/2","MERGED","2026-07-27T15:34:25Z","2026-07-27T15:34:37Z","BrkYld","2026-07","Develop"
"jenkinsci","appcircle-testing-distribution-plugin",4,"https://github.com/jenkinsci/appcircle-testing-distribution-plugin/pull/4","MERGED","2026-07-27T15:31:50Z","2026-07-27T15:31:58Z","BrkYld","2026-07","Develop"
"jenkinsci","gerrit-trigger-plugin",1021,"https://github.com/jenkinsci/gerrit-trigger-plugin/pull/1021","MERGED","2026-07-27T15:09:45Z","2026-07-28T08:09:41Z","rsandell","2026-07","Rename..."
"jenkinsci","jenkins",27156,"https://github.com/jenkinsci/jenkins/pull/27156","CLOSED","2026-07-27T14:52:25Z","","nitishagar","2026-07","Validate view name length"
"jenkinsci","jenkins",27155,"https://github.com/jenkinsci/jenkins/pull/27155","OPEN","2026-07-27T14:10:57Z","","nitishagar","2026-07","Fix Tab key not confirming..."
"jenkinsci","jenkins",27154,"https://github.com/jenkinsci/jenkins/pull/27154","CLOSED","2026-07-27T14:08:45Z","","nitishagar","2026-07","Fix dropdown suggestions..."
"jenkinsci","kubernetes-plugin",2863,"https://github.com/jenkinsci/kubernetes-plugin/pull/2863","OPEN","2026-07-27T13:35:22Z","","PawanTheGod","2026-07","Move unsupported environment..."
"jenkinsci","spotinst-plugin",117,"https://github.com/jenkinsci/spotinst-plugin/pull/117","CLOSED","2026-07-27T12:47:33Z","","yasharma-spot-flexera","2026-07","PROD-9818 jenkins plugin..."
"jenkinsci","dingtalk-plugin",400,"https://github.com/jenkinsci/dingtalk-plugin/pull/400","MERGED","2026-07-27T11:53:23Z","2026-07-27T12:02:27Z","BobDu","2026-07","fix: keep pipeline..."
"jenkinsci","ca-service-virtualization-plugin",24,"https://github.com/jenkinsci/ca-service-virtualization-plugin/pull/24","OPEN","2026-07-27T11:22:49Z","","RoKnRoK","2026-07","Upgrade Service..."
"jenkinsci","docker-ssh-agent",669,"https://github.com/jenkinsci/docker-ssh-agent/pull/669","MERGED","2026-07-27T11:10:46Z","2026-07-27T11:54:32Z","dduportal","2026-07","chore(updatecli) track..."
"jenkinsci","testingbot-plugin",13,"https://github.com/jenkinsci/testingbot-plugin/pull/13","MERGED","2026-07-27T10:22:06Z","2026-07-27T11:34:11Z","jochen-testingbot","2026-07","Add app upload to TestingBot..."
"jenkinsci","oras-artifact-manager-plugin",3,"https://github.com/jenkinsci/oras-artifact-manager-plugin/pull/3","MERGED","2026-07-27T09:15:16Z","2026-08-08T07:49:44Z","jonesbusy","2026-07","Show OCI artifact reference..."
"jenkinsci","scm-manager-plugin",81,"https://github.com/jenkinsci/scm-manager-plugin/pull/81","MERGED","2026-07-27T08:59:21Z","2026-07-31T08:46:41Z","Vikego","2026-07","Missing permission checks..."
"jenkinsci","signpath-plugin",57,"https://github.com/jenkinsci/signpath-plugin/pull/57","MERGED","2026-07-27T08:32:35Z","2026-07-27T11:27:13Z","Taha-cmd","2026-07","Feature/sign 8715"
"jenkinsci","pom",847,"https://github.com/jenkinsci/pom/pull/847","MERGED","2026-07-27T08:12:14Z","2026-07-27T08:15:57Z","timja","2026-07","Allow overriding proc in..."
"jenkinsci","oras-artifact-manager-plugin",2,"https://github.com/jenkinsci/oras-artifact-manager-plugin/pull/2","MERGED","2026-07-27T08:02:01Z","2026-07-27T08:46:16Z","jonesbusy","2026-07","Add JCasC tests"
"jenkinsci","lockable-resources-plugin",1069,"https://github.com/jenkinsci/lockable-resources-plugin/pull/1069","MERGED","2026-07-27T07:57:59Z","2026-08-04T18:11:45Z","meeusen","2026-07","Allow empty reason when..."
"jenkinsci","docker",2420,"https://github.com/jenkinsci/docker/pull/2420","MERGED","2026-07-27T07:40:27Z","2026-07-27T17:05:44Z","dduportal","2026-07","chore(windows): switch..."
"jenkinsci","resources-ai-chatbot-plugin",427,"https://github.com/jenkinsci/resources-ai-chatbot-plugin/pull/427","CLOSED","2026-07-27T07:15:06Z","","cnu1812","2026-07","fix(graph): make GraphRAG..."
"jenkinsci","configuration-as-code-plugin",2881,"https://github.com/jenkinsci/configuration-as-code-plugin/pull/2881","MERGED","2026-07-27T05:46:35Z","2026-08-02T21:06:05Z","somiljain2006","2026-07","Add support for jobs without..."
"jenkinsci","scm-filter-aged-refs-plugin",65,"https://github.com/jenkinsci/scm-filter-aged-refs-plugin/pull/65","OPEN","2026-07-26T21:48:48Z","","chenwulong","2026-07","Retain selected SCM..."
"jenkinsci","docker-agents",1267,"https://github.com/jenkinsci/docker-agents/pull/1267","MERGED","2026-07-26T19:40:33Z","2026-07-27T07:05:00Z","dduportal","2026-07","chore(updatecli) track..."
"jenkinsci","docker-ssh-agent",668,"https://github.com/jenkinsci/docker-ssh-agent/pull/668","MERGED","2026-07-26T19:32:55Z","2026-07-27T10:48:08Z","dduportal","2026-07","chore(windows): switch..."
"jenkinsci","configuration-as-code-plugin",2878,"https://github.com/jenkinsci/configuration-as-code-plugin/pull/2878","MERGED","2026-07-26T16:53:34Z","2026-07-26T22:42:27Z","somiljain2006","2026-07","Include configuration-as-code..."
"jenkinsci","jenkinsfilelint",53,"https://github.com/jenkinsci/jenkinsfilelint/pull/53","MERGED","2026-07-26T16:14:10Z","2026-07-26T16:53:14Z","shenxianpeng","2026-07","feat: add common plugins to..."
"jenkinsci","maven-hpi-plugin",904,"https://github.com/jenkinsci/maven-hpi-plugin/pull/904","MERGED","2026-07-26T16:13:31Z","2026-07-26T16:47:33Z","timja","2026-07","Mark bound goals as..."
"jenkinsci","pipeline-cps-oras-plugin",73,"https://github.com/jenkinsci/pipeline-cps-oras-plugin/pull/73","MERGED","2026-07-26T15:58:30Z","2026-07-26T16:13:07Z","jonesbusy","2026-07","Remove version override"
"jenkinsci","oras-parameters-plugin",31,"https://github.com/jenkinsci/oras-parameters-plugin/pull/31","MERGED","2026-07-26T15:54:02Z","2026-07-26T16:13:15Z","jonesbusy","2026-07","Remove version override"
"jenkinsci","pipeline-lib-oras-plugin",72,"https://github.com/jenkinsci/pipeline-lib-oras-plugin/pull/72","MERGED","2026-07-26T15:52:04Z","2026-07-26T16:13:24Z","jonesbusy","2026-07","Remove version override"
"jenkinsci","jobcacher-oras-storage-plugin",106,"https://github.com/jenkinsci/jobcacher-oras-storage-plugin/pull/106","MERGED","2026-07-26T15:50:07Z","2026-07-26T15:58:38Z","jonesbusy","2026-07","Remove version override"
"jenkinsci","role-strategy-plugin",766,"https://github.com/jenkinsci/role-strategy-plugin/pull/766","OPEN","2026-07-26T15:28:07Z","","timja","2026-07","Redesign assign roles page"
"jenkinsci","configuration-as-code-plugin",2877,"https://github.com/jenkinsci/configuration-as-code-plugin/pull/2877","MERGED","2026-07-26T13:33:41Z","2026-07-26T15:07:10Z","somiljain2006","2026-07","Added priority-sorter..."
"jenkinsci","jobcacher-oras-storage-plugin",105,"https://github.com/jenkinsci/jobcacher-oras-storage-plugin/pull/105","MERGED","2026-07-26T13:32:27Z","2026-07-26T15:45:03Z","jonesbusy","2026-07","Update ORAS to 0.8.1"
"jenkinsci","resources-ai-chatbot-plugin",426,"https://github.com/jenkinsci/resources-ai-chatbot-plugin/pull/426","OPEN","2026-07-26T11:43:43Z","","arjun-713","2026-07","Improve Log Sanitizer and..."
"jenkinsci","kubernetes-operator",1186,"https://github.com/jenkinsci/kubernetes-operator/pull/1186","OPEN","2026-07-26T10:54:38Z","","PawanTheGod","2026-07","fix(backup/pvc): publish..."
"jenkinsci","swarm-agents-cloud-plugin",36,"https://github.com/jenkinsci/swarm-agents-cloud-plugin/pull/36","MERGED","2026-07-26T10:16:36Z","2026-07-26T10:52:59Z","AronMav","2026-07","chore: remove deprecated..."
"jenkinsci","jenkins",27151,"https://github.com/jenkinsci/jenkins/pull/27151","OPEN","2026-07-26T08:43:44Z","","preetham-18-developer","2026-07","Improve search fallback for..."
"jenkinsci","bom",7139,"https://github.com/jenkinsci/bom/pull/7139","CLOSED","2026-07-26T07:14:55Z","","timja","2026-07","Test remove detached plugins"
"jenkinsci","bom",7138,"https://github.com/jenkinsci/bom/pull/7138","MERGED","2026-07-26T06:14:58Z","2026-07-26T07:38:31Z","krisstern","2026-07","chore: put kris to the back..."
"jenkinsci","bom",7137,"https://github.com/jenkinsci/bom/pull/7137","CLOSED","2026-07-26T04:57:52Z","","krisstern","2026-07","test: investigate..."
"jenkinsci","bom",7136,"https://github.com/jenkinsci/bom/pull/7136","MERGED","2026-07-26T04:11:33Z","2026-07-26T04:11:57Z","krisstern","2026-07","chore: update cron job time..."
"jenkinsci","ai-agent-plugin",35,"https://github.com/jenkinsci/ai-agent-plugin/pull/35","MERGED","2026-07-26T00:32:54Z","2026-07-26T02:46:38Z","bvolpato","2026-07","[grok] Add Grok Build CLI..."
"jenkinsci","ai-agent-plugin",34,"https://github.com/jenkinsci/ai-agent-plugin/pull/34","MERGED","2026-07-25T23:02:14Z","2026-07-26T01:57:48Z","bvolpato","2026-07","[antigravity] Add Antigravity..."
"jenkinsci","ai-agent-plugin",33,"https://github.com/jenkinsci/ai-agent-plugin/pull/33","MERGED","2026-07-25T22:10:30Z","2026-07-26T01:29:46Z","bvolpato","2026-07","[core] Support model..."
"jenkinsci","ai-agent-plugin",32,"https://github.com/jenkinsci/ai-agent-plugin/pull/32","MERGED","2026-07-25T21:49:11Z","2026-07-26T01:35:51Z","bvolpato","2026-07","[codex] Show command input in..."
"jenkinsci","ai-agent-plugin",31,"https://github.com/jenkinsci/ai-agent-plugin/pull/31","MERGED","2026-07-25T21:31:12Z","2026-07-26T01:21:47Z","bvolpato","2026-07","[core] Support configurable..."
"jenkinsci","swarm-agents-cloud-plugin",35,"https://github.com/jenkinsci/swarm-agents-cloud-plugin/pull/35","MERGED","2026-07-25T18:49:11Z","2026-07-25T19:01:30Z","AronMav","2026-07","chore: declare plugin..."
"jenkinsci","swarm-agents-cloud-plugin",34,"https://github.com/jenkinsci/swarm-agents-cloud-plugin/pull/34","MERGED","2026-07-25T17:58:37Z","2026-07-25T18:34:31Z","AronMav","2026-07","fix: SwarmAgent CPS..."
"jenkinsci","scm-manager-plugin",80,"https://github.com/jenkinsci/scm-manager-plugin/pull/80","OPEN","2026-07-25T17:26:28Z","","ComanderKai77","2026-07","Fix SVN support for..."
"jenkinsci","analysis-model",1552,"https://github.com/jenkinsci/analysis-model/pull/1552","MERGED","2026-07-25T15:51:58Z","2026-08-03T14:44:31Z","akash-manna-sky","2026-07","Add a parser for..."
"jenkinsci","global-build-stats-plugin",116,"https://github.com/jenkinsci/global-build-stats-plugin/pull/116","MERGED","2026-07-25T15:06:22Z","2026-07-25T15:24:45Z","balakine","2026-07","Chore/code cleanup"
"jenkinsci","jenkins",27146,"https://github.com/jenkinsci/jenkins/pull/27146","CLOSED","2026-07-25T13:46:35Z","","TFGSUMIT","2026-07","Solution (#22542):..."
"jenkinsci","user-guide-ai-chatbot-plugin",26,"https://github.com/jenkinsci/user-guide-ai-chatbot-plugin/pull/26","MERGED","2026-07-25T13:29:41Z","2026-08-07T14:34:06Z","thatsdc","2026-07"," 6th PR: Implemented..."
"jenkinsci","configuration-as-code-plugin",2876,"https://github.com/jenkinsci/configuration-as-code-plugin/pull/2876","CLOSED","2026-07-25T13:19:53Z","","somiljain2006","2026-07","Support configuring API..."
"jenkinsci","cloudbees-folder-plugin",747,"https://github.com/jenkinsci/cloudbees-folder-plugin/pull/747","MERGED","2026-07-25T12:58:02Z","2026-08-03T15:53:44Z","Racknaraock","2026-07","[JENKINS-62218] Disable..."
"jenkinsci","bom",7135,"https://github.com/jenkinsci/bom/pull/7135","CLOSED","2026-07-25T10:42:32Z","","krisstern","2026-07","Revert 'Update dependency..."
"jenkinsci","bom",7134,"https://github.com/jenkinsci/bom/pull/7134","MERGED","2026-07-25T07:59:12Z","2026-07-25T07:59:38Z","krisstern","2026-07","chore: set cron job time for..."
"jenkinsci","onepassword-secrets-plugin",27,"https://github.com/jenkinsci/onepassword-secrets-plugin/pull/27","OPEN","2026-07-24T22:18:41Z","","ymengesha","2026-07","Add read-only Credentials..."
"jenkinsci","workflow-cps-plugin",1811,"https://github.com/jenkinsci/workflow-cps-plugin/pull/1811","MERGED","2026-07-24T22:10:34Z","2026-07-25T21:43:37Z","Racknaraock","2026-07","[JENKINS-62410] Do not render..."
"jenkinsci","bom",7129,"https://github.com/jenkinsci/bom/pull/7129","MERGED","2026-07-24T21:24:45Z","2026-07-25T10:40:59Z","krisstern","2026-07","Revert 'Update dependency..."
"jenkinsci","configuration-as-code-plugin",2875,"https://github.com/jenkinsci/configuration-as-code-plugin/pull/2875","MERGED","2026-07-24T20:14:50Z","2026-07-25T07:25:27Z","somiljain2006","2026-07","Improve unknown root element..."
"jenkinsci","inflectra-spira-integration-plugin",10,"https://github.com/jenkinsci/inflectra-spira-integration-plugin/pull/10","MERGED","2026-07-24T20:07:36Z","2026-07-24T20:07:45Z","simonhbor","2026-07","Trigger first CD release"
"jenkinsci","JiraTestResultReporter-plugin",311,"https://github.com/jenkinsci/JiraTestResultReporter-plugin/pull/311","OPEN","2026-07-24T18:44:48Z","","somiljain2006","2026-07","Make JiraTestResultReporter..."
"jenkinsci","git-plugin",3989,"https://github.com/jenkinsci/git-plugin/pull/3989","OPEN","2026-07-24T17:55:44Z","","Racknaraock","2026-07","[JENKINS-70303] Trim..."
"jenkinsci","artifact-manager-s3-plugin",799,"https://github.com/jenkinsci/artifact-manager-s3-plugin/pull/799","MERGED","2026-07-24T17:51:02Z","2026-07-27T19:54:03Z","jglick","2026-07","Pick up `commons-compress`..."
"jenkinsci","workflow-api-plugin",524,"https://github.com/jenkinsci/workflow-api-plugin/pull/524","MERGED","2026-07-24T17:22:33Z","2026-07-27T20:07:35Z","jglick","2026-07","Update baseline and use BOM..."
"jenkinsci","bom",7128,"https://github.com/jenkinsci/bom/pull/7128","MERGED","2026-07-24T17:18:45Z","2026-07-24T21:59:07Z","jglick","2026-07","Manage version of..."
"jenkinsci","jenkins",27143,"https://github.com/jenkinsci/jenkins/pull/27143","CLOSED","2026-07-24T16:55:38Z","","Rauneet-coder","2026-07","Scope workflow permissions to..."
"jenkinsci","jenkins",27142,"https://github.com/jenkinsci/jenkins/pull/27142","CLOSED","2026-07-24T16:49:39Z","","Rauneet-coder","2026-07","Fix/redact auth header from..."
"jenkinsci","oic-auth-plugin",782,"https://github.com/jenkinsci/oic-auth-plugin/pull/782","OPEN","2026-07-24T15:09:53Z","","itsvshreyas","2026-07","Make avatar claim..."
"jenkinsci","docker-agents",1266,"https://github.com/jenkinsci/docker-agents/pull/1266","MERGED","2026-07-24T14:01:32Z","2026-07-24T18:06:25Z","dduportal","2026-07","tests(windows) replace nmap..."
"jenkinsci","multibranch-build-strategy-extension-plugin",101,"https://github.com/jenkinsci/multibranch-build-strategy-extension-plugin/pull/101","MERGED","2026-07-24T13:54:46Z","2026-07-24T14:03:34Z","FrogDevelopper","2026-07","[clean up] Remove deprecated..."
"jenkinsci","bom",7127,"https://github.com/jenkinsci/bom/pull/7127","MERGED","2026-07-24T13:50:20Z","2026-07-24T19:33:09Z","krisstern","2026-07","Revert 'Update dependency..."
"jenkinsci","multibranch-build-strategy-extension-plugin",100,"https://github.com/jenkinsci/multibranch-build-strategy-extension-plugin/pull/100","MERGED","2026-07-24T13:13:18Z","2026-07-24T13:46:46Z","FrogDevelopper","2026-07","Fix Health Score"
"jenkinsci","workflow-multibranch-plugin",577,"https://github.com/jenkinsci/workflow-multibranch-plugin/pull/577","MERGED","2026-07-24T13:04:05Z","2026-07-24T18:19:55Z","Chikzz2001","2026-07","Clarify NPE when resolveScm..."
"jenkinsci","sysdig-secure-plugin",165,"https://github.com/jenkinsci/sysdig-secure-plugin/pull/165","MERGED","2026-07-24T12:29:53Z","2026-07-24T13:21:38Z","tembleking","2026-07","feat: IaC scanning in..."
"jenkinsci","kubernetes-plugin",2860,"https://github.com/jenkinsci/kubernetes-plugin/pull/2860","MERGED","2026-07-24T12:28:31Z","2026-07-24T14:29:57Z","jglick","2026-07","Fixing..."
"jenkinsci","http-request-plugin",338,"https://github.com/jenkinsci/http-request-plugin/pull/338","OPEN","2026-07-24T11:42:52Z","","Ralnoc","2026-07","feat(publisher): add..."
"jenkinsci","run-selector-plugin",32,"https://github.com/jenkinsci/run-selector-plugin/pull/32","MERGED","2026-07-24T10:47:35Z","2026-07-24T11:03:35Z","panicking","2026-07","pom.xml: Add jenkins maven..."
"jenkinsci","checkmarx-ast-scanner-plugin",433,"https://github.com/jenkinsci/checkmarx-ast-scanner-plugin/pull/433","OPEN","2026-07-24T09:52:31Z","","cx-atish-jadhav","2026-07","Salesforce bug fix and update..."
"jenkinsci","jenkinsfilelint",52,"https://github.com/jenkinsci/jenkinsfilelint/pull/52","MERGED","2026-07-24T09:17:38Z","2026-07-24T10:04:28Z","arulrajnet","2026-07","feat: Add multi-arch (arm64)..."
"jenkinsci","configuration-as-code-plugin",2874,"https://github.com/jenkinsci/configuration-as-code-plugin/pull/2874","MERGED","2026-07-24T09:08:26Z","2026-07-24T10:43:01Z","somiljain2006","2026-07","Add GitHub OAuth matrix..."
"jenkinsci","pipeline-graph-view-plugin",1396,"https://github.com/jenkinsci/pipeline-graph-view-plugin/pull/1396","MERGED","2026-07-24T07:29:57Z","2026-07-24T21:23:23Z","MKraijenoord","2026-07","Do not mark an initialising..."
"jenkinsci","artifact-manager-s3-plugin",798,"https://github.com/jenkinsci/artifact-manager-s3-plugin/pull/798","CLOSED","2026-07-24T06:50:46Z","","gbhat618","2026-07","Use..."
"jenkinsci","jenkins",27141,"https://github.com/jenkinsci/jenkins/pull/27141","OPEN","2026-07-24T03:50:24Z","","thswlsqls","2026-07","Fix min/max form validation..."
"jenkinsci","ansible-tower-plugin",48,"https://github.com/jenkinsci/ansible-tower-plugin/pull/48","MERGED","2026-07-24T02:40:27Z","2026-07-24T05:58:34Z","longhn0710","2026-07","Harden TLS, credential..."
"jenkinsci","yaml-axis-plugin",186,"https://github.com/jenkinsci/yaml-axis-plugin/pull/186","MERGED","2026-07-24T00:20:20Z","2026-07-24T05:06:42Z","lupalby","2026-07","Read yaml file on the agent..."
"jenkinsci","tap-plugin",47,"https://github.com/jenkinsci/tap-plugin/pull/47","MERGED","2026-07-23T21:43:46Z","2026-07-23T21:58:52Z","kinow","2026-07","IDE fixes, update README.md"
"jenkinsci","allure-plugin",468,"https://github.com/jenkinsci/allure-plugin/pull/468","OPEN","2026-07-23T19:11:09Z","","svasenkov","2026-07","fix: classic /allure URL..."
"jenkinsci","kubernetes-plugin",2859,"https://github.com/jenkinsci/kubernetes-plugin/pull/2859","OPEN","2026-07-23T17:34:09Z","","jglick","2026-07","Increase timeout on Kind test..."
"jenkinsci","external-workspace-manager-plugin",81,"https://github.com/jenkinsci/external-workspace-manager-plugin/pull/81","MERGED","2026-07-23T16:53:54Z","2026-07-23T16:58:05Z","alexsomai","2026-07","[SECURITY-3907] Require job..."
"jenkinsci","ssh-agent-plugin",288,"https://github.com/jenkinsci/ssh-agent-plugin/pull/288","MERGED","2026-07-23T15:36:17Z","2026-07-24T13:05:14Z","ogulcanaydogan","2026-07","Add unit tests for sshagent..."
"jenkinsci","kubernetes-plugin",2858,"https://github.com/jenkinsci/kubernetes-plugin/pull/2858","MERGED","2026-07-23T15:14:09Z","2026-07-23T19:27:52Z","jglick","2026-07","Remove obsolete..."
"jenkinsci","anka-build-plugin",84,"https://github.com/jenkinsci/anka-build-plugin/pull/84","MERGED","2026-07-23T14:38:50Z","2026-07-24T16:26:07Z","NorseGaud","2026-07","v3.2.0"
"jenkinsci","bom",7124,"https://github.com/jenkinsci/bom/pull/7124","MERGED","2026-07-23T14:19:32Z","2026-07-23T14:20:06Z","krisstern","2026-07","chore: set cron job time for..."
"jenkinsci","platformlabeler-plugin",2079,"https://github.com/jenkinsci/platformlabeler-plugin/pull/2079","MERGED","2026-07-23T13:58:10Z","2026-07-23T20:10:21Z","MarkEWaite","2026-07","Require Jenkins 2.555.1 or..."
"jenkinsci","platformlabeler-plugin",2078,"https://github.com/jenkinsci/platformlabeler-plugin/pull/2078","MERGED","2026-07-23T13:37:19Z","2026-07-23T13:47:45Z","MarkEWaite","2026-07","Update Rocky Linux docs and..."
"jenkinsci","inflectra-spira-integration-plugin",9,"https://github.com/jenkinsci/inflectra-spira-integration-plugin/pull/9","MERGED","2026-07-23T13:36:36Z","2026-07-23T23:42:48Z","simonhbor","2026-07","Enable incrementals and CD..."
"jenkinsci","platformlabeler-plugin",2077,"https://github.com/jenkinsci/platformlabeler-plugin/pull/2077","MERGED","2026-07-23T13:17:52Z","2026-07-23T13:31:07Z","MarkEWaite","2026-07","Update Alma Linux test data..."
"jenkinsci","coverage-plugin",791,"https://github.com/jenkinsci/coverage-plugin/pull/791","MERGED","2026-07-23T12:47:46Z","2026-07-24T14:41:27Z","jeppeman","2026-07","Use per-id transfer archive..."
"jenkinsci","poll-mailbox-trigger-plugin",65,"https://github.com/jenkinsci/poll-mailbox-trigger-plugin/pull/65","OPEN","2026-07-23T10:18:28Z","","timja","2026-07","Modernise plugin"
"jenkinsci","ssh-agent-plugin",287,"https://github.com/jenkinsci/ssh-agent-plugin/pull/287","MERGED","2026-07-23T09:42:36Z","2026-07-23T12:26:03Z","ogulcanaydogan","2026-07","Bump Jenkins baseline to..."
"jenkinsci","configuration-as-code-plugin",2873,"https://github.com/jenkinsci/configuration-as-code-plugin/pull/2873","MERGED","2026-07-23T09:31:52Z","2026-07-23T21:13:12Z","somiljain2006","2026-07","Document SMTP password..."
"jenkinsci","docker-slaves-plugin",37,"https://github.com/jenkinsci/docker-slaves-plugin/pull/37","MERGED","2026-07-23T09:28:56Z","2026-07-24T21:49:48Z","timja","2026-07","Modernise plugin"
"jenkinsci","translation-plugin",27,"https://github.com/jenkinsci/translation-plugin/pull/27","CLOSED","2026-07-23T09:24:41Z","","timja","2026-07","Modernise plugin"
"jenkinsci","pipeline-aws-plugin",348,"https://github.com/jenkinsci/pipeline-aws-plugin/pull/348","OPEN","2026-07-23T07:44:15Z","","gbhat618","2026-07","Remove commons-lang2 usages"
"jenkinsci","xldeploy-plugin",108,"https://github.com/jenkinsci/xldeploy-plugin/pull/108","MERGED","2026-07-23T07:41:51Z","2026-08-06T13:53:10Z","rake-ai","2026-07","D-43470: Fix deploy failure..."
"jenkinsci","docker-workflow-plugin",749,"https://github.com/jenkinsci/docker-workflow-plugin/pull/749","MERGED","2026-07-23T07:25:56Z","2026-07-28T17:32:10Z","gbhat618","2026-07","Remove commons-lang2 usage"
"jenkinsci","aws-global-configuration-plugin",138,"https://github.com/jenkinsci/aws-global-configuration-plugin/pull/138","MERGED","2026-07-23T06:19:58Z","2026-07-23T19:48:15Z","gbhat618","2026-07","Remove commons-lang2 usages"
"jenkinsci","oracle-cloud-infrastructure-compute-plugin",11,"https://github.com/jenkinsci/oracle-cloud-infrastructure-compute-plugin/pull/11","MERGED","2026-07-23T06:10:05Z","2026-07-23T06:10:18Z","solanki-chetan","2026-07","Jun/Jul Drop"
"jenkinsci","bitbucket-branch-source-plugin",1237,"https://github.com/jenkinsci/bitbucket-branch-source-plugin/pull/1237","MERGED","2026-07-23T05:54:08Z","2026-07-23T10:44:59Z","gbhat618","2026-07","Move the one remaining lang2..."
"jenkinsci","jenkins",27136,"https://github.com/jenkinsci/jenkins/pull/27136","CLOSED","2026-07-23T05:40:09Z","","arimu1","2026-07","Fix Tab key not confirming..."
"jenkinsci","matlab-plugin",53,"https://github.com/jenkinsci/matlab-plugin/pull/53","MERGED","2026-07-23T04:11:57Z","2026-07-24T04:41:08Z","mw-kapilg","2026-07","Fix CSP compatibility by..."
"jenkinsci","jenkins",27135,"https://github.com/jenkinsci/jenkins/pull/27135","CLOSED","2026-07-23T04:05:48Z","","MakamSriyasaswini","2026-07","Increase Java memory..."
"jenkinsci","jenkins",27134,"https://github.com/jenkinsci/jenkins/pull/27134","CLOSED","2026-07-23T03:53:58Z","","MakamSriyasaswini","2026-07","Increase Java memory..."
"jenkinsci","JiraTestResultReporter-plugin",310,"https://github.com/jenkinsci/JiraTestResultReporter-plugin/pull/310","MERGED","2026-07-22T22:17:29Z","2026-08-08T13:45:10Z","chcg","2026-07","bearer token on..."
"jenkinsci","jenkins",27129,"https://github.com/jenkinsci/jenkins/pull/27129","MERGED","2026-07-22T21:11:52Z","2026-08-05T20:49:03Z","timja","2026-07","Remove remaining..."
"jenkinsci","role-strategy-plugin",765,"https://github.com/jenkinsci/role-strategy-plugin/pull/765","OPEN","2026-07-22T21:07:56Z","","timja","2026-07","Redesign manage roles page"
"jenkinsci","gradle-jpi-plugin",414,"https://github.com/jenkinsci/gradle-jpi-plugin/pull/414","MERGED","2026-07-22T20:37:38Z","2026-07-23T03:03:11Z","rahulsom","2026-07","fix(warnings): Fix gradle..."
"jenkinsci","lockable-resources-plugin",1068,"https://github.com/jenkinsci/lockable-resources-plugin/pull/1068","MERGED","2026-07-22T19:59:15Z","2026-08-08T08:09:51Z","mPokornyETM","2026-07","Prevent writeReplace NPE..."
"jenkinsci","anything-goes-formatter-plugin",31,"https://github.com/jenkinsci/anything-goes-formatter-plugin/pull/31","MERGED","2026-07-22T19:43:38Z","2026-07-25T08:39:57Z","mPokornyETM","2026-07","Refine PR review rules and..."
"jenkinsci","test-results-analyzer-plugin",158,"https://github.com/jenkinsci/test-results-analyzer-plugin/pull/158","OPEN","2026-07-22T19:35:29Z","","mPokornyETM","2026-07","Add Renovate with safe..."
"jenkinsci","auditflow-plugin",34,"https://github.com/jenkinsci/auditflow-plugin/pull/34","MERGED","2026-07-22T18:43:54Z","2026-07-23T02:44:36Z","harryofficial","2026-07","Restart logging bugfix"
"jenkinsci","s3-plugin",368,"https://github.com/jenkinsci/s3-plugin/pull/368","MERGED","2026-07-22T17:49:44Z","2026-07-31T09:52:55Z","gbhat618","2026-07","Remove commons-lang2 usage"
"jenkinsci","docker-agents",1263,"https://github.com/jenkinsci/docker-agents/pull/1263","MERGED","2026-07-22T17:42:31Z","2026-07-23T20:01:25Z","dduportal","2026-07","chore(windows): switch..."
"jenkinsci","kubernetes-plugin",2857,"https://github.com/jenkinsci/kubernetes-plugin/pull/2857","MERGED","2026-07-22T17:18:10Z","2026-07-23T12:54:20Z","jglick","2026-07","Remove timeout on..."
"jenkinsci","gradle-jpi-plugin",413,"https://github.com/jenkinsci/gradle-jpi-plugin/pull/413","MERGED","2026-07-22T16:46:17Z","2026-07-23T03:03:11Z","rahulsom","2026-07","refactor: Use Java 11..."
"jenkinsci","finite-state-analysis-plugin",10,"https://github.com/jenkinsci/finite-state-analysis-plugin/pull/10","MERGED","2026-07-22T13:44:10Z","2026-07-22T14:31:50Z","cpfarherFinitestate","2026-07","Re-cut release past burned..."
"jenkinsci","saml-plugin",779,"https://github.com/jenkinsci/saml-plugin/pull/779","MERGED","2026-07-22T13:35:55Z","2026-07-24T13:02:18Z","gbhat618","2026-07","Migrate Commons Lang from 2..."
"jenkinsci","kubernetes-plugin",2856,"https://github.com/jenkinsci/kubernetes-plugin/pull/2856","MERGED","2026-07-22T12:26:41Z","2026-07-22T13:56:09Z","gbhat618","2026-07","Remove commons-lang2 usage"
"jenkinsci","oic-auth-plugin",781,"https://github.com/jenkinsci/oic-auth-plugin/pull/781","MERGED","2026-07-22T11:14:06Z","2026-07-30T07:48:07Z","gbhat618","2026-07","Migrate commons-lang2 to..."
"jenkinsci","google-compute-engine-plugin",566,"https://github.com/jenkinsci/google-compute-engine-plugin/pull/566","MERGED","2026-07-22T10:49:27Z","2026-07-22T11:32:39Z","gbhat618","2026-07","Remove commons-lang2 usages"
"jenkinsci","parallels-devops-plugin",29,"https://github.com/jenkinsci/parallels-devops-plugin/pull/29","MERGED","2026-07-22T09:34:19Z","2026-07-22T10:23:43Z","sai-kumar-peddireddy","2026-07","fix: updated  rest api call..."
"jenkinsci","browserstack-integration-plugin",102,"https://github.com/jenkinsci/browserstack-integration-plugin/pull/102","CLOSED","2026-07-22T09:23:07Z","","KrishnaSuravarapu","2026-07","Add AI Agents promotion..."
"jenkinsci","configuration-as-code-plugin",2872,"https://github.com/jenkinsci/configuration-as-code-plugin/pull/2872","CLOSED","2026-07-22T08:52:46Z","","somiljain2006","2026-07","Suppress warnings for missing..."
"jenkinsci","perfpublisher-plugin",33,"https://github.com/jenkinsci/perfpublisher-plugin/pull/33","MERGED","2026-07-22T08:34:13Z","2026-07-22T08:34:31Z","mPokornyETM","2026-07","Add auto-approve workflow for..."
"jenkinsci","p4-plugin",279,"https://github.com/jenkinsci/p4-plugin/pull/279","MERGED","2026-07-22T08:26:33Z","2026-07-22T08:47:39Z","skumar7322","2026-07","Add pre clean step to delete..."
"jenkinsci","perfpublisher-plugin",32,"https://github.com/jenkinsci/perfpublisher-plugin/pull/32","MERGED","2026-07-22T08:24:27Z","2026-07-22T08:24:37Z","mPokornyETM","2026-07","Add Renovate with safe..."
"jenkinsci","resources-ai-chatbot-plugin",424,"https://github.com/jenkinsci/resources-ai-chatbot-plugin/pull/424","MERGED","2026-07-22T07:52:09Z","2026-08-01T12:31:47Z","arjun-713","2026-07","Document and clean up..."
"jenkinsci","configuration-as-code-plugin",2871,"https://github.com/jenkinsci/configuration-as-code-plugin/pull/2871","MERGED","2026-07-22T05:57:35Z","2026-07-22T08:00:39Z","somiljain2006","2026-07","Generate array schema for..."
"jenkinsci","gradle-jpi-plugin",412,"https://github.com/jenkinsci/gradle-jpi-plugin/pull/412","MERGED","2026-07-21T23:01:21Z","2026-07-22T15:51:38Z","rahulsom","2026-07","chore: Remove double testing"
"jenkinsci","blackduck-detect-plugin",79,"https://github.com/jenkinsci/blackduck-detect-plugin/pull/79","MERGED","2026-07-21T20:03:05Z","2026-07-23T15:07:13Z","bd-samratmuk","2026-07","chore(security): CVE..."
"jenkinsci","docker-agents",1260,"https://github.com/jenkinsci/docker-agents/pull/1260","CLOSED","2026-07-21T19:45:18Z","","dduportal","2026-07","chore(rhel/ubi9) switch jq..."
"jenkinsci","folder-properties-plugin",54,"https://github.com/jenkinsci/folder-properties-plugin/pull/54","MERGED","2026-07-21T19:15:07Z","2026-08-10T07:21:51Z","dgaya","2026-07","Fix folder properties in..."
"jenkinsci","finite-state-analysis-plugin",9,"https://github.com/jenkinsci/finite-state-analysis-plugin/pull/9","MERGED","2026-07-21T19:05:05Z","2026-07-21T20:02:20Z","cpfarherFinitestate","2026-07","Sync with upstream:..."
"jenkinsci","finite-state-analysis-plugin",8,"https://github.com/jenkinsci/finite-state-analysis-plugin/pull/8","CLOSED","2026-07-21T18:52:11Z","","cpfarherFinitestate","2026-07","Sync fork with upstream —..."
"jenkinsci","newrelic-deployment-notifier-plugin",21,"https://github.com/jenkinsci/newrelic-deployment-notifier-plugin/pull/21","OPEN","2026-07-21T18:20:17Z","","pphelps5","2026-07","Add browser app support for..."
"jenkinsci","gitlab-branch-source-plugin",767,"https://github.com/jenkinsci/gitlab-branch-source-plugin/pull/767","OPEN","2026-07-21T15:52:07Z","","rpaasche","2026-07","Fetch private project and..."
"jenkinsci","user-guide-ai-chatbot-plugin",22,"https://github.com/jenkinsci/user-guide-ai-chatbot-plugin/pull/22","MERGED","2026-07-21T15:43:14Z","2026-08-03T14:55:19Z","thatsdc","2026-07","5th PR: Implement agent logic"
"jenkinsci","ssh-agent-plugin",286,"https://github.com/jenkinsci/ssh-agent-plugin/pull/286","MERGED","2026-07-21T15:01:48Z","2026-07-22T10:06:14Z","ogulcanaydogan","2026-07","Make the agent command..."
"jenkinsci","atlassian-jira-software-cloud-plugin",139,"https://github.com/jenkinsci/atlassian-jira-software-cloud-plugin/pull/139","OPEN","2026-07-21T14:22:18Z","","samjrmartinez","2026-07","[JENKINS-76503] Fix..."
"jenkinsci","ownership-plugin",105,"https://github.com/jenkinsci/ownership-plugin/pull/105","MERGED","2026-07-21T13:56:57Z","2026-07-21T15:35:53Z","atai","2026-07","chore: enable Spotless..."
"jenkinsci","badge-plugin",369,"https://github.com/jenkinsci/badge-plugin/pull/369","MERGED","2026-07-21T13:12:20Z","2026-07-21T13:40:22Z","steelhead31","2026-07","Fix missing icons for legacy..."
"jenkinsci","jenkins",27127,"https://github.com/jenkinsci/jenkins/pull/27127","CLOSED","2026-07-21T11:58:00Z","","jeevaratnamputla","2026-07","Harden XML transformation..."
"jenkinsci","acceptance-test-harness",2808,"https://github.com/jenkinsci/acceptance-test-harness/pull/2808","MERGED","2026-07-21T11:50:15Z","2026-07-21T13:48:22Z","jtnord","2026-07","Delete..."
"jenkinsci","azure-ad-plugin",825,"https://github.com/jenkinsci/azure-ad-plugin/pull/825","MERGED","2026-07-21T11:48:24Z","2026-07-21T16:25:39Z","daniel-beck","2026-07","2024 is in the past now"
"jenkinsci","ownership-plugin",104,"https://github.com/jenkinsci/ownership-plugin/pull/104","MERGED","2026-07-21T11:46:41Z","2026-07-21T14:13:31Z","atai","2026-07","test/fix/refactor: coverage..."
"jenkinsci","active-directory-plugin",716,"https://github.com/jenkinsci/active-directory-plugin/pull/716","MERGED","2026-07-21T09:27:00Z","2026-07-21T14:58:52Z","aneveux","2026-07","Enable CD"
"jenkinsci","ownership-plugin",103,"https://github.com/jenkinsci/ownership-plugin/pull/103","MERGED","2026-07-21T08:38:37Z","2026-07-21T10:58:56Z","atai","2026-07","feat: Folder specific access..."
"jenkinsci","jenkins",27126,"https://github.com/jenkinsci/jenkins/pull/27126","CLOSED","2026-07-21T08:22:04Z","","jeevaratnamputla","2026-07","Harden XML transformation..."
"jenkinsci","flyway-api-plugin",276,"https://github.com/jenkinsci/flyway-api-plugin/pull/276","MERGED","2026-07-21T08:03:50Z","2026-07-21T08:19:44Z","jonesbusy","2026-07","Update to Flyway 13.0 that..."
"jenkinsci","akeyless-plugin",13,"https://github.com/jenkinsci/akeyless-plugin/pull/13","MERGED","2026-07-21T07:00:39Z","2026-07-21T08:01:50Z","baraka-akeyless","2026-07","Add JWT authentication for..."
"jenkinsci","qmetry-test-management-plugin",37,"https://github.com/jenkinsci/qmetry-test-management-plugin/pull/37","MERGED","2026-07-21T07:00:18Z","2026-07-21T07:00:44Z","dharminsolanki","2026-07","Version Number Correction"
"jenkinsci","resources-ai-chatbot-plugin",423,"https://github.com/jenkinsci/resources-ai-chatbot-plugin/pull/423","OPEN","2026-07-21T04:45:19Z","","arjun-713","2026-07","Integrate GraphRAG context..."
"jenkinsci","jenkins",27122,"https://github.com/jenkinsci/jenkins/pull/27122","CLOSED","2026-07-20T23:18:53Z","","MarkEWaite","2026-07","Use Jenkins test harness..."
"jenkinsci","coverage-model",314,"https://github.com/jenkinsci/coverage-model/pull/314","MERGED","2026-07-20T19:54:11Z","2026-07-24T20:24:44Z","mikelupo","2026-07","Handle large hit counts in..."
"jenkinsci","ownership-plugin",102,"https://github.com/jenkinsci/ownership-plugin/pull/102","MERGED","2026-07-20T18:58:58Z","2026-07-21T04:15:14Z","atai","2026-07","Enhance Ownership Plugin..."
"jenkinsci","workflow-cps-plugin",1809,"https://github.com/jenkinsci/workflow-cps-plugin/pull/1809","MERGED","2026-07-20T18:23:26Z","2026-07-21T11:40:55Z","jglick","2026-07","Update baseline, BOM"
"jenkinsci","artifactory-artifact-manager-plugin",181,"https://github.com/jenkinsci/artifactory-artifact-manager-plugin/pull/181","MERGED","2026-07-20T17:35:28Z","2026-07-21T09:40:27Z","DorianCzichotzki","2026-07","Add option to disable direct..."
"jenkinsci","coverage-plugin",789,"https://github.com/jenkinsci/coverage-plugin/pull/789","MERGED","2026-07-20T16:41:43Z","2026-08-07T14:18:55Z","akash-manna-sky","2026-07","Improve coverage table in..."
"jenkinsci","ec2-plugin",2026,"https://github.com/jenkinsci/ec2-plugin/pull/2026","MERGED","2026-07-20T14:53:12Z","2026-07-20T15:11:14Z","res0nance","2026-07","Fix build due to removal of..."
"jenkinsci","ownership-plugin",101,"https://github.com/jenkinsci/ownership-plugin/pull/101","MERGED","2026-07-20T14:00:06Z","2026-07-20T16:45:09Z","atai","2026-07","Migrate view to the design..."
"jenkinsci","hpe-application-automation-tools-plugin",1591,"https://github.com/jenkinsci/hpe-application-automation-tools-plugin/pull/1591","OPEN","2026-07-20T13:54:34Z","","dorin7bogdan","2026-07","CPE-2199068 - | 03327706 |..."
"jenkinsci","helm-charts",1716,"https://github.com/jenkinsci/helm-charts/pull/1716","MERGED","2026-07-20T12:53:24Z","2026-07-21T08:41:15Z","xoanmm","2026-07","fix(jenkins): evaluate tpl..."
"jenkinsci","hpe-application-automation-tools-plugin",1590,"https://github.com/jenkinsci/hpe-application-automation-tools-plugin/pull/1590","CLOSED","2026-07-20T12:13:02Z","","dorin7bogdan","2026-07","CPE-2199068 - | 03327706 |..."
"jenkinsci","lambdatest-automation-plugin",38,"https://github.com/jenkinsci/lambdatest-automation-plugin/pull/38","MERGED","2026-07-20T11:42:42Z","2026-07-20T11:43:17Z","rachit-lambdatest","2026-07","fix(docs): finish TestMu..."
"jenkinsci","ownership-plugin",100,"https://github.com/jenkinsci/ownership-plugin/pull/100","MERGED","2026-07-20T09:43:16Z","2026-07-20T10:30:14Z","atai","2026-07","fix: use..."
"jenkinsci","docker-commons-plugin",230,"https://github.com/jenkinsci/docker-commons-plugin/pull/230","MERGED","2026-07-20T09:33:50Z","2026-07-20T16:23:42Z","gbhat618","2026-07","Remove commons-lang2 usages"
"jenkinsci","helm-charts",1715,"https://github.com/jenkinsci/helm-charts/pull/1715","MERGED","2026-07-20T08:36:06Z","2026-07-20T10:26:59Z","xoanmm","2026-07","fix(jenkins): evaluate tpl..."
"jenkinsci","jenkins",27121,"https://github.com/jenkinsci/jenkins/pull/27121","OPEN","2026-07-20T07:42:22Z","","long76","2026-07","Add a read timeout for update..."
"jenkinsci","coverage-plugin",786,"https://github.com/jenkinsci/coverage-plugin/pull/786","MERGED","2026-07-20T07:34:56Z","2026-07-24T14:45:04Z","jeppeman","2026-07","Fix empty modified-lines REST..."
"jenkinsci","delivery-pipeline-plugin",47,"https://github.com/jenkinsci/delivery-pipeline-plugin/pull/47","MERGED","2026-07-20T05:59:18Z","2026-07-20T06:11:53Z","patbos","2026-07","Remove maintainers contact..."
"jenkinsci","jenkins",27120,"https://github.com/jenkinsci/jenkins/pull/27120","MERGED","2026-07-20T04:27:54Z","2026-07-21T02:24:34Z","thswlsqls","2026-07","Align GenericWhitespace..."
"jenkinsci","jenkins",27119,"https://github.com/jenkinsci/jenkins/pull/27119","MERGED","2026-07-20T04:26:46Z","2026-07-21T02:24:20Z","thswlsqls","2026-07","Fix self-referential Javadoc..."
"jenkinsci","jenkins",27117,"https://github.com/jenkinsci/jenkins/pull/27117","MERGED","2026-07-20T02:37:43Z","2026-07-21T02:24:00Z","arimu1","2026-07","Add expression examples to..."
"jenkinsci","bitbucket-branch-source-plugin",1236,"https://github.com/jenkinsci/bitbucket-branch-source-plugin/pull/1236","CLOSED","2026-07-19T22:24:28Z","","NickTheDevOpsGuy","2026-07","Bugfix/jenkins 76471"
"jenkinsci","multibranch-filter-plugin",30,"https://github.com/jenkinsci/multibranch-filter-plugin/pull/30","MERGED","2026-07-19T19:02:26Z","2026-07-20T10:57:49Z","ollehu","2026-07","Avoid per-branch fetches when..."
"jenkinsci","kubernetes-plugin",2855,"https://github.com/jenkinsci/kubernetes-plugin/pull/2855","OPEN","2026-07-19T19:01:31Z","","RajeshRajendiran","2026-07","[ISSUE-2830] Let yaml..."
"jenkinsci","resources-ai-chatbot-plugin",421,"https://github.com/jenkinsci/resources-ai-chatbot-plugin/pull/421","CLOSED","2026-07-19T17:19:22Z","","shashank-tomar0","2026-07","fix: prevent KeyError crash..."
"jenkinsci","bitbucket-branch-source-plugin",1235,"https://github.com/jenkinsci/bitbucket-branch-source-plugin/pull/1235","CLOSED","2026-07-19T15:55:02Z","","NickTheDevOpsGuy","2026-07","Bugfix/jenkins 76491"
"jenkinsci","bom",7102,"https://github.com/jenkinsci/bom/pull/7102","CLOSED","2026-07-19T15:31:39Z","","krisstern","2026-07","test: test lts 2.568.2..."
"jenkinsci","acceptance-test-harness",2806,"https://github.com/jenkinsci/acceptance-test-harness/pull/2806","CLOSED","2026-07-19T15:26:40Z","","krisstern","2026-07","test: test lts 2.568.2 rc..."
"jenkinsci","ec2-plugin",2025,"https://github.com/jenkinsci/ec2-plugin/pull/2025","OPEN","2026-07-19T15:08:07Z","","RajeshRajendiran","2026-07","Fix EC2 provisioning breaking..."
"jenkinsci","checkmarx-ast-scanner-plugin",432,"https://github.com/jenkinsci/checkmarx-ast-scanner-plugin/pull/432","OPEN","2026-07-19T13:58:39Z","","cx-atish-jadhav","2026-07","maintenance"
"jenkinsci","ssh-agent-plugin",285,"https://github.com/jenkinsci/ssh-agent-plugin/pull/285","MERGED","2026-07-19T13:31:05Z","2026-07-20T09:35:42Z","ogulcanaydogan","2026-07","feat: expose the credential..."
"jenkinsci","kubernetes-plugin",2854,"https://github.com/jenkinsci/kubernetes-plugin/pull/2854","OPEN","2026-07-19T12:30:18Z","","NoamGoren","2026-07","[JENKINS-67256] Integrate..."
"jenkinsci","multibranch-filter-plugin",29,"https://github.com/jenkinsci/multibranch-filter-plugin/pull/29","CLOSED","2026-07-19T11:37:13Z","","ollehu","2026-07","Avoid per-branch fetches when..."
"jenkinsci","koji-scm-plugin",22,"https://github.com/jenkinsci/koji-scm-plugin/pull/22","MERGED","2026-07-19T09:53:55Z","2026-07-19T10:12:45Z","judovana","2026-07","Bmped apache sshd to latest..."
"jenkinsci","akeyless-plugin",12,"https://github.com/jenkinsci/akeyless-plugin/pull/12","MERGED","2026-07-19T09:28:14Z","2026-07-19T10:07:32Z","alikdolg","2026-07","Fixed drafter"
"jenkinsci","koji-scm-plugin",21,"https://github.com/jenkinsci/koji-scm-plugin/pull/21","MERGED","2026-07-19T08:16:25Z","2026-07-19T09:29:28Z","judovana","2026-07","Bumped materials ui to v5+"
"jenkinsci","jenkins",27116,"https://github.com/jenkinsci/jenkins/pull/27116","OPEN","2026-07-19T07:16:09Z","","Piyush0049","2026-07","Optimize CLI and console..."
"jenkinsci","ai-agent-plugin",30,"https://github.com/jenkinsci/ai-agent-plugin/pull/30","MERGED","2026-07-19T06:36:21Z","2026-07-23T04:03:00Z","bvolpato","2026-07","[core] Harden agent execution..."
"jenkinsci","ansible-tower-plugin",47,"https://github.com/jenkinsci/ansible-tower-plugin/pull/47","MERGED","2026-07-19T02:48:41Z","2026-07-19T03:07:38Z","longhn0710","2026-07","Add Jenkins Security Scan..."
"jenkinsci","cloudbees-disk-usage-simple-plugin",192,"https://github.com/jenkinsci/cloudbees-disk-usage-simple-plugin/pull/192","MERGED","2026-07-18T21:07:09Z","2026-07-19T15:36:55Z","mawinter69","2026-07","Make compatible with new..."
"jenkinsci","build-monitor-plugin",1309,"https://github.com/jenkinsci/build-monitor-plugin/pull/1309","OPEN","2026-07-18T20:58:30Z","","darclander","2026-07","Introduce config parameter to..."
"jenkinsci","bitbucket-push-and-pull-request-plugin",391,"https://github.com/jenkinsci/bitbucket-push-and-pull-request-plugin/pull/391","MERGED","2026-07-18T18:38:02Z","2026-07-18T18:38:23Z","cdelmonte-zg","2026-07","refactor: own the HTTP..."
"jenkinsci","cloudbees-disk-usage-simple-plugin",191,"https://github.com/jenkinsci/cloudbees-disk-usage-simple-plugin/pull/191","MERGED","2026-07-18T16:52:21Z","2026-07-19T12:49:16Z","mawinter69","2026-07","Display disk usage human..."
"jenkinsci","bom",7101,"https://github.com/jenkinsci/bom/pull/7101","MERGED","2026-07-18T16:20:44Z","2026-07-18T18:24:15Z","darinpope","2026-07","Add Nimbus JOSE JWT API to..."
"jenkinsci","cloudbees-disk-usage-simple-plugin",190,"https://github.com/jenkinsci/cloudbees-disk-usage-simple-plugin/pull/190","MERGED","2026-07-18T15:55:57Z","2026-07-19T12:48:57Z","mawinter69","2026-07","Set data attribute to ensure..."
"jenkinsci","ec2-plugin",2024,"https://github.com/jenkinsci/ec2-plugin/pull/2024","OPEN","2026-07-18T15:29:46Z","","NoamGoren","2026-07","[JENKINS-55084] Integrate..."
"jenkinsci","bitbucket-branch-source-plugin",1234,"https://github.com/jenkinsci/bitbucket-branch-source-plugin/pull/1234","MERGED","2026-07-18T14:36:12Z","2026-07-18T16:42:02Z","nfalco79","2026-07","[JENKINS-76497] Add Modern..."
"jenkinsci","bitbucket-branch-source-plugin",1233,"https://github.com/jenkinsci/bitbucket-branch-source-plugin/pull/1233","CLOSED","2026-07-18T14:33:51Z","","nfalco79","2026-07","[JENKINS-76497] Add Modern..."
"jenkinsci","docker",2415,"https://github.com/jenkinsci/docker/pull/2415","OPEN","2026-07-18T09:09:38Z","","oleksii-tumanov","2026-07","Fix versionLT for wrapped CD..."
"jenkinsci","jenkins",27113,"https://github.com/jenkinsci/jenkins/pull/27113","MERGED","2026-07-18T00:04:47Z","2026-07-20T03:40:16Z","thswlsqls","2026-07","Fix missing shadow and blur..."
"jenkinsci","jenkins",27110,"https://github.com/jenkinsci/jenkins/pull/27110","MERGED","2026-07-17T23:32:45Z","2026-07-20T03:39:50Z","thswlsqls","2026-07","Fix PackedMap.values()..."
"jenkinsci","docker-agents",1258,"https://github.com/jenkinsci/docker-agents/pull/1258","MERGED","2026-07-17T23:18:50Z","2026-07-21T20:19:15Z","oleksii-tumanov","2026-07","docs: clarify Nano Server..."
"jenkinsci","gradle-jpi-plugin",411,"https://github.com/jenkinsci/gradle-jpi-plugin/pull/411","MERGED","2026-07-17T20:50:07Z","2026-07-21T16:38:43Z","rahulsom","2026-07","fix(jpi2): wire classpath..."
"jenkinsci","mcp-server-plugin",211,"https://github.com/jenkinsci/mcp-server-plugin/pull/211","OPEN","2026-07-17T19:49:58Z","","gitgryphon","2026-07","Enhance job and build SCM..."
"jenkinsci","git-plugin",3988,"https://github.com/jenkinsci/git-plugin/pull/3988","OPEN","2026-07-17T19:15:46Z","","jimklimov","2026-07","Troubles with local shallow..."
"jenkinsci","warnings-ng-plugin",3392,"https://github.com/jenkinsci/warnings-ng-plugin/pull/3392","OPEN","2026-07-17T17:09:51Z","","akash-manna-sky","2026-07","Add Grep Parsing capability..."
"jenkinsci","testingbot-plugin",12,"https://github.com/jenkinsci/testingbot-plugin/pull/12","MERGED","2026-07-17T16:08:12Z","2026-07-17T17:28:25Z","jochen-testingbot","2026-07","Embed the TestingBot mini..."
"jenkinsci","gradle-jpi-plugin",410,"https://github.com/jenkinsci/gradle-jpi-plugin/pull/410","MERGED","2026-07-17T16:07:04Z","2026-07-21T23:01:53Z","rahulsom","2026-07","test(windows): re-enable..."
"jenkinsci","bom",7095,"https://github.com/jenkinsci/bom/pull/7095","MERGED","2026-07-17T15:33:41Z","2026-07-17T15:33:51Z","lemeurherve","2026-07","chore(pipeline): revert to..."
"jenkinsci","bom",7094,"https://github.com/jenkinsci/bom/pull/7094","MERGED","2026-07-17T15:05:55Z","2026-07-17T15:06:21Z","lemeurherve","2026-07","chore(pipeline): remaining..."
"jenkinsci","google-compute-engine-plugin",565,"https://github.com/jenkinsci/google-compute-engine-plugin/pull/565","OPEN","2026-07-17T14:39:11Z","","jamesrobson-secondmind","2026-07","Remove agents that fail to..."
"jenkinsci","bitbucket-branch-source-plugin",1232,"https://github.com/jenkinsci/bitbucket-branch-source-plugin/pull/1232","CLOSED","2026-07-17T14:16:04Z","","NickTheDevOpsGuy","2026-07","Add Bitbucket Cloud..."
"jenkinsci","ssh-agent-plugin",284,"https://github.com/jenkinsci/ssh-agent-plugin/pull/284","MERGED","2026-07-17T13:59:32Z","2026-07-20T08:28:53Z","ogulcanaydogan","2026-07","fix: make ssh-agent..."
"jenkinsci","bom",7093,"https://github.com/jenkinsci/bom/pull/7093","MERGED","2026-07-17T13:30:35Z","2026-07-17T13:31:08Z","krisstern","2026-07","chore: set cron job time for..."
"jenkinsci","bom",7092,"https://github.com/jenkinsci/bom/pull/7092","CLOSED","2026-07-17T12:39:00Z","","lemeurherve","2026-07","chore(pipeline): rollback..."
"jenkinsci","bom",7091,"https://github.com/jenkinsci/bom/pull/7091","MERGED","2026-07-17T12:32:34Z","2026-07-17T12:59:43Z","lemeurherve","2026-07","chore(pipeline): rollback..."
"jenkinsci","bom",7090,"https://github.com/jenkinsci/bom/pull/7090","MERGED","2026-07-17T12:26:03Z","2026-07-17T12:58:45Z","lemeurherve","2026-07","chore(pipeline): rollback..."
"jenkinsci","bom",7089,"https://github.com/jenkinsci/bom/pull/7089","MERGED","2026-07-17T12:18:54Z","2026-07-17T12:57:58Z","lemeurherve","2026-07","chore(pipeline): rollback..."
"jenkinsci","proxmox-cloud-plugin",43,"https://github.com/jenkinsci/proxmox-cloud-plugin/pull/43","MERGED","2026-07-17T10:19:34Z","2026-07-17T11:23:36Z","aidanc","2026-07","Remove obsolete agent ignore..."
"jenkinsci","inodes-monitor-plugin",27,"https://github.com/jenkinsci/inodes-monitor-plugin/pull/27","OPEN","2026-07-17T10:14:31Z","","jimklimov","2026-07","Add SunOS/illumos, NetBSD and..."
"jenkinsci","bom",7088,"https://github.com/jenkinsci/bom/pull/7088","CLOSED","2026-07-17T09:47:30Z","","timja","2026-07","Test removing pre 2.0..."
"jenkinsci","acceptance-test-harness",2803,"https://github.com/jenkinsci/acceptance-test-harness/pull/2803","CLOSED","2026-07-17T09:46:57Z","","timja","2026-07","Test removing pre 2.0..."
"jenkinsci","ssh-agent-plugin",283,"https://github.com/jenkinsci/ssh-agent-plugin/pull/283","MERGED","2026-07-17T09:41:28Z","2026-07-17T12:06:57Z","ogulcanaydogan","2026-07","fix: include stderr and exit..."
"jenkinsci","publish-over-plugin",89,"https://github.com/jenkinsci/publish-over-plugin/pull/89","MERGED","2026-07-17T09:31:19Z","2026-07-31T14:01:02Z","Hsmyldk","2026-07","Add Serializable bound to..."
"jenkinsci","lambdatest-automation-plugin",37,"https://github.com/jenkinsci/lambdatest-automation-plugin/pull/37","MERGED","2026-07-17T09:20:59Z","2026-07-20T11:18:55Z","Delta456","2026-07","chore(docs): update..."
"jenkinsci","bom",7087,"https://github.com/jenkinsci/bom/pull/7087","OPEN","2026-07-17T09:03:01Z","","lemeurherve","2026-07","feat(pipeline): skip test ..."
"jenkinsci","sysdig-secure-plugin",164,"https://github.com/jenkinsci/sysdig-secure-plugin/pull/164","MERGED","2026-07-17T08:54:01Z","2026-07-17T09:07:52Z","tembleking","2026-07","docs: document IaC (Sysdig..."
"jenkinsci","jenkins",27108,"https://github.com/jenkinsci/jenkins/pull/27108","MERGED","2026-07-17T07:14:56Z","2026-07-19T12:15:21Z","shalinisudarsan","2026-07","Backporting for 2.568.2"
"jenkinsci","jenkins",27107,"https://github.com/jenkinsci/jenkins/pull/27107","CLOSED","2026-07-17T07:02:17Z","","shalinisudarsan","2026-07","Backporting for 2.568.2"
"jenkinsci","oic-auth-plugin",780,"https://github.com/jenkinsci/oic-auth-plugin/pull/780","OPEN","2026-07-17T04:51:54Z","","xykong","2026-07","Harden OIDC token refresh and..."
"jenkinsci","helm-charts",1713,"https://github.com/jenkinsci/helm-charts/pull/1713","MERGED","2026-07-17T04:37:44Z","2026-07-17T09:43:18Z","oleksii-tumanov","2026-07","Preserve zero user and group..."
"jenkinsci","helm-charts",1712,"https://github.com/jenkinsci/helm-charts/pull/1712","MERGED","2026-07-17T03:21:19Z","2026-07-17T20:34:03Z","oleksii-tumanov","2026-07","Allow overriding the..."
"jenkinsci","cvsclient",5,"https://github.com/jenkinsci/cvsclient/pull/5","OPEN","2026-07-17T03:13:21Z","","googol4u","2026-07","Fix null cvsroot cli"
"jenkinsci","proxmox-cloud-plugin",42,"https://github.com/jenkinsci/proxmox-cloud-plugin/pull/42","MERGED","2026-07-17T00:55:22Z","2026-07-17T01:20:44Z","aidanc","2026-07","Note bounded SSH connection..."
"jenkinsci","clover-plugin",115,"https://github.com/jenkinsci/clover-plugin/pull/115","MERGED","2026-07-16T23:45:51Z","2026-07-16T23:47:51Z","marek-parfianowicz","2026-07","OC-133: update screenshots on..."
"jenkinsci","proxmox-cloud-plugin",41,"https://github.com/jenkinsci/proxmox-cloud-plugin/pull/41","MERGED","2026-07-16T23:24:21Z","2026-07-16T23:37:31Z","aidanc","2026-07","Don't let orphan cleanup..."
"jenkinsci","bom",7086,"https://github.com/jenkinsci/bom/pull/7086","OPEN","2026-07-16T21:16:38Z","","lemeurherve","2026-07","feat(pipeline): split test..."
"jenkinsci","bom",7085,"https://github.com/jenkinsci/bom/pull/7085","MERGED","2026-07-16T21:16:28Z","2026-07-17T09:07:30Z","lemeurherve","2026-07","chore(pipeline): cleanup..."
"jenkinsci","azure-credentials-plugin",363,"https://github.com/jenkinsci/azure-credentials-plugin/pull/363","MERGED","2026-07-16T21:06:40Z","2026-07-16T21:35:26Z","timja","2026-07","Fix databinding for Managed..."
"jenkinsci","swarm-agents-cloud-plugin",31,"https://github.com/jenkinsci/swarm-agents-cloud-plugin/pull/31","MERGED","2026-07-16T19:42:27Z","2026-07-16T19:42:38Z","AronMav","2026-07","fix: pass a non-null..."
"jenkinsci","swarm-agents-cloud-plugin",30,"https://github.com/jenkinsci/swarm-agents-cloud-plugin/pull/30","MERGED","2026-07-16T19:31:31Z","2026-07-16T19:33:42Z","AronMav","2026-07","fix: run swarmAgent body on..."
"jenkinsci","jenkinsfile-runner",746,"https://github.com/jenkinsci/jenkinsfile-runner/pull/746","OPEN","2026-07-16T17:49:25Z","","thetelgote","2026-07","fix: improve WAR extraction..."
"jenkinsci","kubernetes-plugin",2853,"https://github.com/jenkinsci/kubernetes-plugin/pull/2853","MERGED","2026-07-16T16:26:12Z","2026-07-17T13:47:51Z","jglick","2026-07","Bump parent"
"jenkinsci","jenkins",27105,"https://github.com/jenkinsci/jenkins/pull/27105","OPEN","2026-07-16T16:07:08Z","","mandar1045","2026-07","Precompile regex patterns..."
"jenkinsci","pipeline-build-step-plugin",254,"https://github.com/jenkinsci/pipeline-build-step-plugin/pull/254","MERGED","2026-07-16T15:40:20Z","2026-07-20T12:22:10Z","jglick","2026-07","Exceptions from..."
"jenkinsci","bom",7084,"https://github.com/jenkinsci/bom/pull/7084","MERGED","2026-07-16T14:28:51Z","2026-07-16T14:52:30Z","krisstern","2026-07","chore: set cron job time for..."
"jenkinsci","cloudbees-disk-usage-simple-plugin",188,"https://github.com/jenkinsci/cloudbees-disk-usage-simple-plugin/pull/188","MERGED","2026-07-16T14:04:12Z","2026-07-16T15:41:39Z","StefanSpieker","2026-07","Added localization support..."
"jenkinsci","ansible-tower-plugin",46,"https://github.com/jenkinsci/ansible-tower-plugin/pull/46","CLOSED","2026-07-16T13:37:58Z","","longhn0710","2026-07","Fix importTowerLogs Job DSL..."
"jenkinsci","docker",2412,"https://github.com/jenkinsci/docker/pull/2412","OPEN","2026-07-16T13:14:40Z","","Piyush0049","2026-07","chore(windows): fortify build..."
"jenkinsci","cloudbees-disk-usage-simple-plugin",187,"https://github.com/jenkinsci/cloudbees-disk-usage-simple-plugin/pull/187","MERGED","2026-07-16T13:01:47Z","2026-07-16T13:59:47Z","StefanSpieker","2026-07","Replaced deprecated method..."
"jenkinsci","proxmox-cloud-plugin",40,"https://github.com/jenkinsci/proxmox-cloud-plugin/pull/40","MERGED","2026-07-16T12:37:39Z","2026-07-16T13:24:44Z","aidanc","2026-07","Give the Java auto-install..."
"jenkinsci","clover-plugin",114,"https://github.com/jenkinsci/clover-plugin/pull/114","MERGED","2026-07-16T12:12:21Z","2026-07-16T12:13:22Z","marek-parfianowicz","2026-07","OC-266: use..."
"jenkinsci","platformlabeler-plugin",2069,"https://github.com/jenkinsci/platformlabeler-plugin/pull/2069","MERGED","2026-07-16T11:13:44Z","2026-07-16T11:38:25Z","MarkEWaite","2026-07","Drop Debian 11"
"jenkinsci","proxmox-cloud-plugin",39,"https://github.com/jenkinsci/proxmox-cloud-plugin/pull/39","MERGED","2026-07-16T10:58:56Z","2026-07-16T11:42:44Z","aidanc","2026-07","Auto-detect the Windows agent..."
"jenkinsci","proxmox-cloud-plugin",38,"https://github.com/jenkinsci/proxmox-cloud-plugin/pull/38","MERGED","2026-07-16T09:36:48Z","2026-07-16T09:38:22Z","aidanc","2026-07","Support Windows PowerShell..."
"jenkinsci","secret-guard-plugin",40,"https://github.com/jenkinsci/secret-guard-plugin/pull/40","MERGED","2026-07-16T08:50:00Z","2026-07-16T16:13:56Z","donhui","2026-07","Refactor built-in secret..."
"jenkinsci","clover-plugin",113,"https://github.com/jenkinsci/clover-plugin/pull/113","MERGED","2026-07-16T08:26:28Z","2026-07-16T12:03:24Z","marek-parfianowicz","2026-07","OC-194 Upgrade to OpenClover..."
"jenkinsci","clover-plugin",112,"https://github.com/jenkinsci/clover-plugin/pull/112","MERGED","2026-07-16T08:22:40Z","2026-07-23T07:56:59Z","marek-parfianowicz","2026-07","OC-303: Present the..."
"jenkinsci","jenkins",27104,"https://github.com/jenkinsci/jenkins/pull/27104","MERGED","2026-07-16T07:19:49Z","2026-07-16T10:00:20Z","janfaracik","2026-07","Add a full stop to Appearance..."
"jenkinsci","ansible-tower-plugin",45,"https://github.com/jenkinsci/ansible-tower-plugin/pull/45","MERGED","2026-07-16T07:02:33Z","2026-07-16T11:27:05Z","longhn0710","2026-07","Improve build console..."
"jenkinsci","secret-guard-plugin",39,"https://github.com/jenkinsci/secret-guard-plugin/pull/39","MERGED","2026-07-16T06:38:09Z","2026-07-16T07:39:50Z","donhui","2026-07","Support stateless GitHub..."
"jenkinsci","gradle-jpi-plugin",409,"https://github.com/jenkinsci/gradle-jpi-plugin/pull/409","MERGED","2026-07-16T05:30:26Z","2026-07-17T04:01:16Z","rahulsom","2026-07","chore(ci): tune heap sizing..."
"jenkinsci","testcomplete-plugin",31,"https://github.com/jenkinsci/testcomplete-plugin/pull/31","OPEN","2026-07-16T05:12:44Z","","Shan-SmartBear","2026-07","Update README with version..."
"jenkinsci","atlassian-bitbucket-server-integration-plugin",493,"https://github.com/jenkinsci/atlassian-bitbucket-server-integration-plugin/pull/493","MERGED","2026-07-16T01:08:34Z","2026-07-23T03:33:47Z","stsymbal-atlassian","2026-07","Updating changelog for 6.0.1..."
"jenkinsci","jenkins",27100,"https://github.com/jenkinsci/jenkins/pull/27100","MERGED","2026-07-15T22:27:40Z","2026-07-20T03:39:30Z","timja","2026-07","Remove comments from..."
"jenkinsci","platformlabeler-plugin",2062,"https://github.com/jenkinsci/platformlabeler-plugin/pull/2062","MERGED","2026-07-15T21:42:47Z","2026-07-16T11:38:12Z","mawinter69","2026-07","Add a node monitor that shows..."
"jenkinsci","jenkins",27099,"https://github.com/jenkinsci/jenkins/pull/27099","MERGED","2026-07-15T21:19:28Z","2026-07-17T09:36:55Z","timja","2026-07","Reduce size of war by..."
"jenkinsci","jenkins",27098,"https://github.com/jenkinsci/jenkins/pull/27098","MERGED","2026-07-15T21:15:55Z","2026-07-20T03:38:54Z","timja","2026-07","Remove pre 2.0 detached..."
"jenkinsci","ansible-tower-plugin",44,"https://github.com/jenkinsci/ansible-tower-plugin/pull/44","MERGED","2026-07-15T20:32:33Z","2026-07-15T22:44:35Z","longhn0710","2026-07","Build: address PR #39 and #42..."
"jenkinsci","contrast-continuous-application-security-plugin",98,"https://github.com/jenkinsci/contrast-continuous-application-security-plugin/pull/98","MERGED","2026-07-15T18:46:47Z","2026-07-15T20:21:56Z","arturoespinoza15","2026-07","SCAN-6506: bump..."
"jenkinsci","auditflow-plugin",33,"https://github.com/jenkinsci/auditflow-plugin/pull/33","MERGED","2026-07-15T18:22:42Z","2026-07-15T18:48:59Z","harryofficial","2026-07","Fix plugin installation and..."
"jenkinsci","finite-state-analysis-plugin",7,"https://github.com/jenkinsci/finite-state-analysis-plugin/pull/7","MERGED","2026-07-15T17:51:20Z","2026-07-15T19:50:36Z","cpfarherFinitestate","2026-07","Add dual-transport support:..."
"jenkinsci","mailer-plugin",628,"https://github.com/jenkinsci/mailer-plugin/pull/628","OPEN","2026-07-15T17:33:23Z","","vijayhiremath01","2026-07","[JENKINS-75033] Add..."
"jenkinsci","maven-hpi-plugin",903,"https://github.com/jenkinsci/maven-hpi-plugin/pull/903","OPEN","2026-07-15T16:25:37Z","","akash-manna-sky","2026-07","`mvnd hpi:run` does not..."
"jenkinsci","testcomplete-plugin",30,"https://github.com/jenkinsci/testcomplete-plugin/pull/30","CLOSED","2026-07-15T14:56:53Z","","Shan-SmartBear","2026-07","Update README with version..."
"jenkinsci","dimensionsscm-plugin",107,"https://github.com/jenkinsci/dimensionsscm-plugin/pull/107","CLOSED","2026-07-15T13:31:03Z","","gbhat618","2026-07","Use XS_DATETIME_FORMATTER2"
"jenkinsci","proxmox-cloud-plugin",37,"https://github.com/jenkinsci/proxmox-cloud-plugin/pull/37","MERGED","2026-07-15T13:24:51Z","2026-07-15T13:38:04Z","aidanc","2026-07","Bound SSH connect/auth..."
"jenkinsci","ansible-tower-plugin",43,"https://github.com/jenkinsci/ansible-tower-plugin/pull/43","MERGED","2026-07-15T13:23:47Z","2026-07-15T15:39:08Z","longhn0710","2026-07","Improve plugin logging and..."
"jenkinsci","bom",7079,"https://github.com/jenkinsci/bom/pull/7079","MERGED","2026-07-15T12:45:04Z","2026-07-15T18:11:06Z","lemeurherve","2026-07","feat(pipeline): retrieve prep..."
"jenkinsci","bom",7078,"https://github.com/jenkinsci/bom/pull/7078","MERGED","2026-07-15T12:10:23Z","2026-07-15T22:11:40Z","lemeurherve","2026-07","chore(pipeline): collect more..."
"jenkinsci","bom",7077,"https://github.com/jenkinsci/bom/pull/7077","MERGED","2026-07-15T11:44:52Z","2026-07-15T19:53:55Z","lemeurherve","2026-07","feat(pipeline): allow to run..."
"jenkinsci","akeyless-plugin",11,"https://github.com/jenkinsci/akeyless-plugin/pull/11","MERGED","2026-07-15T11:05:06Z","2026-07-19T08:37:41Z","baraka-akeyless","2026-07","Add optional synced..."
"jenkinsci","ansible-tower-plugin",42,"https://github.com/jenkinsci/ansible-tower-plugin/pull/42","MERGED","2026-07-15T10:13:23Z","2026-07-15T10:20:30Z","longhn0710","2026-07","Lower minimum Jenkins version..."
"jenkinsci","configuration-as-code-plugin",2870,"https://github.com/jenkinsci/configuration-as-code-plugin/pull/2870","MERGED","2026-07-15T09:51:18Z","2026-07-15T10:29:01Z","KeremAR","2026-07","Update SonarQube scanner tool..."
"jenkinsci","build-token-trigger-plugin",7,"https://github.com/jenkinsci/build-token-trigger-plugin/pull/7","MERGED","2026-07-15T09:14:32Z","2026-07-15T12:37:27Z","zerlinpi","2026-07","Document Pipeline usage and..."
"jenkinsci","ansible-tower-plugin",41,"https://github.com/jenkinsci/ansible-tower-plugin/pull/41","MERGED","2026-07-15T08:56:03Z","2026-07-15T09:08:53Z","longhn0710","2026-07","feature: Encode JSON request..."
"jenkinsci","checkmarx-plugin",175,"https://github.com/jenkinsci/checkmarx-plugin/pull/175","MERGED","2026-07-15T08:53:28Z","2026-07-15T12:04:48Z","cx-atish-jadhav","2026-07","version change of classpath"
"jenkinsci","active-directory-plugin",713,"https://github.com/jenkinsci/active-directory-plugin/pull/713","CLOSED","2026-07-15T08:12:06Z","","aneveux","2026-07","Rely on jenkinsci..."
"jenkinsci","ansible-tower-plugin",40,"https://github.com/jenkinsci/ansible-tower-plugin/pull/40","MERGED","2026-07-15T08:10:24Z","2026-07-15T08:21:14Z","longhn0710","2026-07","fix: Retry transient gateway..."
"jenkinsci","ec2-plugin",2023,"https://github.com/jenkinsci/ec2-plugin/pull/2023","MERGED","2026-07-15T08:04:49Z","2026-07-20T12:56:50Z","gbhat618","2026-07","Remove Commons Lang 2 usage"
"jenkinsci","qmetry-test-management-plugin",34,"https://github.com/jenkinsci/qmetry-test-management-plugin/pull/34","MERGED","2026-07-15T07:42:15Z","2026-07-15T07:42:24Z","dharminsolanki","2026-07","version fix"
"jenkinsci","jenkins",27097,"https://github.com/jenkinsci/jenkins/pull/27097","OPEN","2026-07-15T07:34:26Z","","janfaracik","2026-07","Show a 'Success' banner on..."
"jenkinsci","dockerhub-notification-plugin",94,"https://github.com/jenkinsci/dockerhub-notification-plugin/pull/94","MERGED","2026-07-15T07:26:54Z","2026-07-20T13:43:06Z","gbhat618","2026-07","Remove Commons Lang 2 usage"
"jenkinsci","qmetry-test-management-plugin",33,"https://github.com/jenkinsci/qmetry-test-management-plugin/pull/33","MERGED","2026-07-15T07:12:12Z","2026-07-15T07:20:34Z","dharminsolanki","2026-07","Enable Jenkins Security Scan"
"jenkinsci","build-token-root-plugin",251,"https://github.com/jenkinsci/build-token-root-plugin/pull/251","MERGED","2026-07-15T07:09:55Z","2026-07-15T10:31:13Z","zerlinpi","2026-07","Use HTTPS for SCM checkout"
"jenkinsci","qmetry-test-management-plugin",30,"https://github.com/jenkinsci/qmetry-test-management-plugin/pull/30","MERGED","2026-07-15T06:55:30Z","2026-07-15T06:58:05Z","dharminsolanki","2026-07","Ignore for dependency-bump"
"jenkinsci","webhook-secret-credentials-provider-plugin",31,"https://github.com/jenkinsci/webhook-secret-credentials-provider-plugin/pull/31","MERGED","2026-07-15T05:20:19Z","2026-07-15T05:27:20Z","jonesbusy","2026-07","Ensure fixed-time comparison..."
"jenkinsci","junit-plugin",1242,"https://github.com/jenkinsci/junit-plugin/pull/1242","MERGED","2026-07-15T05:03:03Z","2026-07-15T12:54:13Z","mdealer","2026-07","Optimize the test history"
"jenkinsci","docker-ssh-agent",662,"https://github.com/jenkinsci/docker-ssh-agent/pull/662","OPEN","2026-07-15T04:51:19Z","","Piyush0049","2026-07","chore(tests): Migrate to..."
"jenkinsci","ansible-tower-plugin",39,"https://github.com/jenkinsci/ansible-tower-plugin/pull/39","MERGED","2026-07-15T03:32:55Z","2026-07-15T07:19:30Z","longhn0710","2026-07","Upgrade to JDK21 for CD..."
"jenkinsci","build-token-root-plugin",250,"https://github.com/jenkinsci/build-token-root-plugin/pull/250","MERGED","2026-07-15T03:27:11Z","2026-07-15T10:30:47Z","MarkEWaite","2026-07","Remove developers section..."
"jenkinsci","bom",7076,"https://github.com/jenkinsci/bom/pull/7076","MERGED","2026-07-15T02:34:45Z","2026-07-15T21:30:17Z","zerlinpi","2026-07","Add build-token-root to the..."
"jenkinsci","ansible-tower-plugin",38,"https://github.com/jenkinsci/ansible-tower-plugin/pull/38","MERGED","2026-07-15T00:49:48Z","2026-07-15T06:40:50Z","longhn0710","2026-07","Enable Jenkins Plugin CD..."
"jenkinsci","bom",7075,"https://github.com/jenkinsci/bom/pull/7075","CLOSED","2026-07-14T23:56:51Z","","MarkEWaite","2026-07","WIP: Test parallel user..."
"jenkinsci","gradle-jpi-plugin",408,"https://github.com/jenkinsci/gradle-jpi-plugin/pull/408","CLOSED","2026-07-14T23:32:35Z","","rahulsom","2026-07","chore(ci): Build on ARM"
"jenkinsci","acceptance-test-harness",2801,"https://github.com/jenkinsci/acceptance-test-harness/pull/2801","CLOSED","2026-07-14T23:19:26Z","","MarkEWaite","2026-07","WIP: Test parallel user..."
"jenkinsci","jenkins",27096,"https://github.com/jenkinsci/jenkins/pull/27096","CLOSED","2026-07-14T22:53:21Z","","MarkEWaite","2026-07","WIP: Test parallel user..."
"jenkinsci","ansible-tower-plugin",37,"https://github.com/jenkinsci/ansible-tower-plugin/pull/37","MERGED","2026-07-14T22:22:06Z","2026-07-14T22:30:54Z","longhn0710","2026-07","Prepare for release"
"jenkinsci","gerrit-trigger-plugin",1020,"https://github.com/jenkinsci/gerrit-trigger-plugin/pull/1020","OPEN","2026-07-14T20:43:57Z","","mawinter69","2026-07"," Use a dialog to remove..."
"jenkinsci","jenkins",27095,"https://github.com/jenkinsci/jenkins/pull/27095","MERGED","2026-07-14T19:38:17Z","2026-07-15T20:38:44Z","MarkEWaite","2026-07","Remove special characters..."
"jenkinsci","jenkins",27094,"https://github.com/jenkinsci/jenkins/pull/27094","MERGED","2026-07-14T18:02:51Z","2026-07-17T16:19:13Z","mawinter69","2026-07","Fix NPE after Jenkins restart..."
"jenkinsci","docker",2410,"https://github.com/jenkinsci/docker/pull/2410","MERGED","2026-07-14T17:18:26Z","2026-07-14T19:17:05Z","Piyush0049","2026-07","chore: remove obsolete..."
"jenkinsci","docker-agents",1253,"https://github.com/jenkinsci/docker-agents/pull/1253","MERGED","2026-07-14T17:03:27Z","2026-08-06T14:40:29Z","lemeurherve","2026-07","chore(windows/tests): allow..."
"jenkinsci","gradle-jpi-plugin",407,"https://github.com/jenkinsci/gradle-jpi-plugin/pull/407","MERGED","2026-07-14T17:02:09Z","2026-08-06T16:21:22Z","rahulsom","2026-07","feat: throttle concurrent..."
"jenkinsci","gradle-jpi-plugin",406,"https://github.com/jenkinsci/gradle-jpi-plugin/pull/406","OPEN","2026-07-14T17:01:55Z","","rahulsom","2026-07","fix: make testServer robust..."
"jenkinsci","docker",2409,"https://github.com/jenkinsci/docker/pull/2409","OPEN","2026-07-14T16:56:19Z","","lemeurherve","2026-07","chore(windows/tests): allow..."
"jenkinsci","script-security-plugin",923,"https://github.com/jenkinsci/script-security-plugin/pull/923","MERGED","2026-07-14T14:06:00Z","2026-07-20T18:00:06Z","jglick","2026-07","Cleaner `hashClasspathEntry`..."
"jenkinsci","simple-queue-plugin",37,"https://github.com/jenkinsci/simple-queue-plugin/pull/37","OPEN","2026-07-14T14:03:43Z","","jimklimov","2026-07","Optimize CPU churn +..."
"jenkinsci","docker",2405,"https://github.com/jenkinsci/docker/pull/2405","CLOSED","2026-07-14T12:57:32Z","","lemeurherve","2026-07","chore(pipeline): add retries..."
"jenkinsci","docker-agents",1252,"https://github.com/jenkinsci/docker-agents/pull/1252","MERGED","2026-07-14T11:25:26Z","2026-07-14T13:41:31Z","lemeurherve","2026-07","chore(pipeline): split Alpine..."
"jenkinsci","parallels-devops-plugin",20,"https://github.com/jenkinsci/parallels-devops-plugin/pull/20","MERGED","2026-07-14T10:27:59Z","2026-07-14T10:36:02Z","sai-kumar-peddireddy","2026-07","feat: update CI/CD workflows..."
"jenkinsci","checkmarx-plugin",174,"https://github.com/jenkinsci/checkmarx-plugin/pull/174","MERGED","2026-07-14T09:34:41Z","2026-07-15T05:52:17Z","cx-atish-jadhav","2026-07","2026 q1 integration branch"
"jenkinsci","p4-plugin",278,"https://github.com/jenkinsci/p4-plugin/pull/278","MERGED","2026-07-14T05:54:30Z","2026-07-26T12:33:34Z","hjain-perforce","2026-07","P4JENKINS-184: Fix sync -p..."
"jenkinsci","ec2-fleet-plugin",579,"https://github.com/jenkinsci/ec2-fleet-plugin/pull/579","MERGED","2026-07-13T22:39:47Z","2026-07-14T01:53:40Z","BradyShober","2026-07","Add ability to configure..."
"jenkinsci","gerrit-trigger-plugin",1019,"https://github.com/jenkinsci/gerrit-trigger-plugin/pull/1019","MERGED","2026-07-13T22:10:40Z","2026-07-21T10:49:55Z","mawinter69","2026-07","Avoid name clash with newer..."
"jenkinsci","matrix-auth-plugin",192,"https://github.com/jenkinsci/matrix-auth-plugin/pull/192","MERGED","2026-07-13T21:56:12Z","2026-07-14T08:17:21Z","daniel-beck","2026-07","Downgrade m-r-p to be able to..."
"jenkinsci","jenkins",27090,"https://github.com/jenkinsci/jenkins/pull/27090","MERGED","2026-07-13T21:07:46Z","2026-07-14T04:32:30Z","RealFakeAccount","2026-07","Fix HttpSessionListener..."
"jenkinsci","acceptance-test-harness",2800,"https://github.com/jenkinsci/acceptance-test-harness/pull/2800","CLOSED","2026-07-13T19:59:25Z","","MarkEWaite","2026-07","Test parallel user loading"
"jenkinsci","bom",7068,"https://github.com/jenkinsci/bom/pull/7068","CLOSED","2026-07-13T19:55:30Z","","MarkEWaite","2026-07","Test parallel user loading"
"jenkinsci","jenkins",27089,"https://github.com/jenkinsci/jenkins/pull/27089","CLOSED","2026-07-13T19:24:58Z","","MarkEWaite","2026-07","Test parallel user loading..."
"jenkinsci","gerrit-trigger-plugin",1018,"https://github.com/jenkinsci/gerrit-trigger-plugin/pull/1018","MERGED","2026-07-13T19:09:31Z","2026-07-21T10:45:33Z","mawinter69","2026-07","Refine table with gerrit..."
"jenkinsci","plugin-pom",1416,"https://github.com/jenkinsci/plugin-pom/pull/1416","MERGED","2026-07-13T19:00:51Z","2026-07-13T19:10:30Z","jglick","2026-07","Suppress new..."
"jenkinsci","matrix-auth-plugin",191,"https://github.com/jenkinsci/matrix-auth-plugin/pull/191","MERGED","2026-07-13T18:45:28Z","2026-07-13T20:48:33Z","daniel-beck","2026-07","Update parent pom and bom"
"jenkinsci","contrast-continuous-application-security-plugin",97,"https://github.com/jenkinsci/contrast-continuous-application-security-plugin/pull/97","OPEN","2026-07-13T17:59:53Z","","nbuckwalt","2026-07","Security: add @RequirePOST..."
"jenkinsci","contrast-continuous-application-security-plugin",96,"https://github.com/jenkinsci/contrast-continuous-application-security-plugin/pull/96","OPEN","2026-07-13T17:59:32Z","","nbuckwalt","2026-07","Security: add permission..."
"jenkinsci","jenkins",27088,"https://github.com/jenkinsci/jenkins/pull/27088","OPEN","2026-07-13T17:02:43Z","","Siddhartha-singh01","2026-07","Limit job RSS changelog feed..."
"jenkinsci","ec2-fleet-plugin",577,"https://github.com/jenkinsci/ec2-fleet-plugin/pull/577","CLOSED","2026-07-13T16:38:56Z","","ZillaG","2026-07","Fix: busy agent terminated..."
"jenkinsci","parallels-devops-plugin",19,"https://github.com/jenkinsci/parallels-devops-plugin/pull/19","MERGED","2026-07-13T16:21:47Z","2026-07-13T16:28:49Z","sai-kumar-peddireddy","2026-07","Release pipeline"
"jenkinsci","jenkins",27087,"https://github.com/jenkinsci/jenkins/pull/27087","MERGED","2026-07-13T16:21:44Z","2026-07-17T16:18:55Z","Piyush0049","2026-07","Refactor Security3630Test to..."
"jenkinsci","analysis-model",1551,"https://github.com/jenkinsci/analysis-model/pull/1551","CLOSED","2026-07-13T15:47:20Z","","akash-manna-sky","2026-07","MSBuild parser skipping tool..."
"jenkinsci","build-token-trigger-plugin",6,"https://github.com/jenkinsci/build-token-trigger-plugin/pull/6","MERGED","2026-07-13T15:34:53Z","2026-07-15T15:59:03Z","zerlinpi","2026-07","Modernize plugin build and..."
"jenkinsci","ghprb-plugin",870,"https://github.com/jenkinsci/ghprb-plugin/pull/870","OPEN","2026-07-13T15:08:40Z","","omer-za","2026-07","Trigger builds on..."
"jenkinsci","hpe-application-automation-tools-plugin",1589,"https://github.com/jenkinsci/hpe-application-automation-tools-plugin/pull/1589","MERGED","2026-07-13T14:13:53Z","2026-07-30T08:33:55Z","andreidumitras","2026-07","D2251242 - Tooltip update for..."
"jenkinsci","junit-plugin",1241,"https://github.com/jenkinsci/junit-plugin/pull/1241","MERGED","2026-07-13T14:07:02Z","2026-07-21T09:56:36Z","arnaudsjs","2026-07","Added support for the..."
"jenkinsci","parallels-devops-plugin",18,"https://github.com/jenkinsci/parallels-devops-plugin/pull/18","MERGED","2026-07-13T11:53:54Z","2026-07-13T12:05:04Z","sai-kumar-peddireddy","2026-07","Release pipeline"
"jenkinsci","acceptance-test-harness",2799,"https://github.com/jenkinsci/acceptance-test-harness/pull/2799","CLOSED","2026-07-13T11:22:25Z","","MarkEWaite","2026-07","WIP: Test weekly 2.573..."
"jenkinsci","bom",7066,"https://github.com/jenkinsci/bom/pull/7066","CLOSED","2026-07-13T11:18:08Z","","MarkEWaite","2026-07","WIP: Test master branch..."
"jenkinsci","parallels-devops-plugin",17,"https://github.com/jenkinsci/parallels-devops-plugin/pull/17","MERGED","2026-07-13T10:49:31Z","2026-07-13T10:58:36Z","sai-kumar-peddireddy","2026-07","feat: enhance release..."
"jenkinsci","jenkins",27086,"https://github.com/jenkinsci/jenkins/pull/27086","CLOSED","2026-07-13T10:24:33Z","","MarkEWaite","2026-07","WIP: Test master branch with..."
"jenkinsci","resources-ai-chatbot-plugin",419,"https://github.com/jenkinsci/resources-ai-chatbot-plugin/pull/419","OPEN","2026-07-13T06:07:49Z","","arjun-713","2026-07","Add GraphRAG query parsing..."
"jenkinsci","ai-agent-plugin",27,"https://github.com/jenkinsci/ai-agent-plugin/pull/27","MERGED","2026-07-13T05:19:20Z","2026-07-13T11:47:52Z","bvolpato","2026-07","[build] Update parent POM and..."
"jenkinsci","qmetry-test-management-plugin",24,"https://github.com/jenkinsci/qmetry-test-management-plugin/pull/24","MERGED","2026-07-13T05:18:03Z","2026-07-15T06:45:07Z","dharminsolanki","2026-07","[QTM8-23828] : Custom..."
"jenkinsci","webhook-secret-credentials-provider-plugin",29,"https://github.com/jenkinsci/webhook-secret-credentials-provider-plugin/pull/29","MERGED","2026-07-13T04:47:10Z","2026-07-13T05:12:48Z","jonesbusy","2026-07","Fix..."
"jenkinsci","matlab-plugin",51,"https://github.com/jenkinsci/matlab-plugin/pull/51","MERGED","2026-07-13T04:34:33Z","2026-07-24T04:37:45Z","mw-kapilg","2026-07","Remove MATLAB Test license..."
"jenkinsci","byte-buddy-api-plugin",135,"https://github.com/jenkinsci/byte-buddy-api-plugin/pull/135","MERGED","2026-07-13T04:34:04Z","2026-07-13T04:45:48Z","jonesbusy","2026-07","Exclude byte-buddy versions..."
"jenkinsci","jenkins",27084,"https://github.com/jenkinsci/jenkins/pull/27084","CLOSED","2026-07-12T23:28:40Z","","MarkEWaite","2026-07","WIP: Test several pull..."
"jenkinsci","jenkins",27083,"https://github.com/jenkinsci/jenkins/pull/27083","OPEN","2026-07-12T21:19:54Z","","umbertocicciaa","2026-07","[JENKINS-27993] Return useful..."
"jenkinsci","ai-agent-plugin",25,"https://github.com/jenkinsci/ai-agent-plugin/pull/25","MERGED","2026-07-12T21:14:15Z","2026-07-13T04:56:20Z","bvolpato","2026-07","[opencode] Fix Jenkins..."
"jenkinsci","jenkins",27082,"https://github.com/jenkinsci/jenkins/pull/27082","CLOSED","2026-07-12T20:01:50Z","","MarkEWaite","2026-07","WIP: Test several pull..."
"jenkinsci","user-guide-ai-chatbot-plugin",20,"https://github.com/jenkinsci/user-guide-ai-chatbot-plugin/pull/20","MERGED","2026-07-12T19:43:44Z","2026-07-26T06:48:00Z","thatsdc","2026-07","4th PR: Implement upload..."
"jenkinsci","jenkins",27081,"https://github.com/jenkinsci/jenkins/pull/27081","CLOSED","2026-07-12T15:09:10Z","","MarkEWaite","2026-07","WIP: Test several pull..."
"jenkinsci","jenkins",27080,"https://github.com/jenkinsci/jenkins/pull/27080","MERGED","2026-07-12T13:55:42Z","2026-07-13T10:02:56Z","Piyush0049","2026-07","Fix flaky..."
"jenkinsci","jenkins",27079,"https://github.com/jenkinsci/jenkins/pull/27079","OPEN","2026-07-12T13:05:07Z","","janfaracik","2026-07","Show build progress in..."
"jenkinsci","gruvbox-theme-plugin",5,"https://github.com/jenkinsci/gruvbox-theme-plugin/pull/5","MERGED","2026-07-12T09:29:57Z","2026-07-13T17:14:35Z","janfaracik","2026-07","Update colours for increased..."
"jenkinsci","bom",7065,"https://github.com/jenkinsci/bom/pull/7065","CLOSED","2026-07-12T01:27:41Z","","MarkEWaite","2026-07","WIP: Test several pull..."
"jenkinsci","acceptance-test-harness",2797,"https://github.com/jenkinsci/acceptance-test-harness/pull/2797","CLOSED","2026-07-12T01:23:34Z","","MarkEWaite","2026-07","WIP: Test several pull..."
"jenkinsci","jenkinsfilelint",50,"https://github.com/jenkinsci/jenkinsfilelint/pull/50","MERGED","2026-07-11T22:57:22Z","2026-07-11T22:58:22Z","shenxianpeng","2026-07","chore: add OCI index..."
"jenkinsci","jenkinsfilelint",49,"https://github.com/jenkinsci/jenkinsfilelint/pull/49","MERGED","2026-07-11T22:52:26Z","2026-07-11T22:54:29Z","shenxianpeng","2026-07","chore: set..."
"jenkinsci","jenkins",27077,"https://github.com/jenkinsci/jenkins/pull/27077","CLOSED","2026-07-11T22:52:26Z","","MarkEWaite","2026-07","WIP: Test several pull..."
"jenkinsci","jenkinsfilelint",48,"https://github.com/jenkinsci/jenkinsfilelint/pull/48","MERGED","2026-07-11T22:26:55Z","2026-07-11T22:35:33Z","shenxianpeng","2026-07","chore: add version-resolver..."
"jenkinsci","jenkinsfilelint",47,"https://github.com/jenkinsci/jenkinsfilelint/pull/47","CLOSED","2026-07-11T22:07:20Z","","shenxianpeng","2026-07","fix: add version-resolver..."
"jenkinsci","jenkinsfilelint",46,"https://github.com/jenkinsci/jenkinsfilelint/pull/46","MERGED","2026-07-11T21:57:24Z","2026-07-11T21:58:13Z","shenxianpeng","2026-07","chore: use RESOLVED_VERSION..."
"jenkinsci","jenkinsfilelint",45,"https://github.com/jenkinsci/jenkinsfilelint/pull/45","MERGED","2026-07-11T21:52:48Z","2026-07-11T21:53:27Z","shenxianpeng","2026-07","chore: add v prefix to..."
"jenkinsci","jenkinsfilelint",44,"https://github.com/jenkinsci/jenkinsfilelint/pull/44","MERGED","2026-07-11T21:10:41Z","2026-07-11T21:47:35Z","shenxianpeng","2026-07","chore: simplify README to..."
"jenkinsci","jenkinsfilelint",43,"https://github.com/jenkinsci/jenkinsfilelint/pull/43","MERGED","2026-07-11T21:01:50Z","2026-07-11T21:03:59Z","shenxianpeng","2026-07","chore: add hadolint..."
"jenkinsci","jenkinsfilelint",42,"https://github.com/jenkinsci/jenkinsfilelint/pull/42","MERGED","2026-07-11T20:50:48Z","2026-07-11T20:55:40Z","shenxianpeng","2026-07","docs: correct _run docstring"
"jenkinsci","jenkinsfilelint",41,"https://github.com/jenkinsci/jenkinsfilelint/pull/41","MERGED","2026-07-11T19:57:39Z","2026-07-11T20:46:05Z","shenxianpeng","2026-07","test: add Docker integration..."
"jenkinsci","jenkinsfilelint",40,"https://github.com/jenkinsci/jenkinsfilelint/pull/40","MERGED","2026-07-11T19:44:57Z","2026-07-11T19:53:21Z","shenxianpeng","2026-07","fix: prevent container name..."
"jenkinsci","jenkinsfilelint",39,"https://github.com/jenkinsci/jenkinsfilelint/pull/39","MERGED","2026-07-11T19:35:46Z","2026-07-11T19:40:41Z","shenxianpeng","2026-07","fix: add explicit docker pull..."
"jenkinsci","git-parameter-plugin",340,"https://github.com/jenkinsci/git-parameter-plugin/pull/340","OPEN","2026-07-11T16:30:59Z","","MarkEWaite","2026-07","Do not write stack trace to..."
"jenkinsci","git-forensics-plugin",1272,"https://github.com/jenkinsci/git-forensics-plugin/pull/1272","OPEN","2026-07-11T15:19:09Z","","akash-manna-sky","2026-07","Indentation Level metric"
"jenkinsci","workflow-job-plugin",776,"https://github.com/jenkinsci/workflow-job-plugin/pull/776","MERGED","2026-07-11T15:16:10Z","2026-07-14T21:12:21Z","janfaracik","2026-07","Use 'Changes' UI from core"
"jenkinsci","gerrit-checks-api-plugin",19,"https://github.com/jenkinsci/gerrit-checks-api-plugin/pull/19","MERGED","2026-07-11T15:16:03Z","2026-07-11T15:24:11Z","panicking","2026-07","Add rerun action for..."
"jenkinsci","jenkinsfilelint",38,"https://github.com/jenkinsci/jenkinsfilelint/pull/38","MERGED","2026-07-11T14:58:20Z","2026-07-11T16:21:14Z","shenxianpeng","2026-07","feat: add local Docker-based..."
"jenkinsci","docker",2402,"https://github.com/jenkinsci/docker/pull/2402","MERGED","2026-07-11T14:46:10Z","2026-07-14T14:30:32Z","Piyush0049","2026-07","chore(pipeline): add retries..."
"jenkinsci","priority-sorter-plugin",665,"https://github.com/jenkinsci/priority-sorter-plugin/pull/665","OPEN","2026-07-11T13:04:43Z","","somiljain2006","2026-07","Support prioritizing parallel..."
"jenkinsci","docker",2401,"https://github.com/jenkinsci/docker/pull/2401","CLOSED","2026-07-11T06:44:41Z","","dynhsn","2026-07","latest version"
"jenkinsci","configuration-as-code-plugin",2867,"https://github.com/jenkinsci/configuration-as-code-plugin/pull/2867","MERGED","2026-07-11T06:06:55Z","2026-07-11T11:25:01Z","somiljain2006","2026-07","Preserve setter generic..."
"jenkinsci","durable-task-plugin",569,"https://github.com/jenkinsci/durable-task-plugin/pull/569","MERGED","2026-07-10T22:33:18Z","2026-07-10T22:42:33Z","jglick","2026-07","Revert 'Merge pull request..."
"jenkinsci","durable-task-plugin",568,"https://github.com/jenkinsci/durable-task-plugin/pull/568","CLOSED","2026-07-10T22:11:05Z","","jglick","2026-07","Revert 'Improved..."
"jenkinsci","scriptler-plugin",195,"https://github.com/jenkinsci/scriptler-plugin/pull/195","OPEN","2026-07-10T17:09:09Z","","somiljain2006","2026-07","Resolve obsolete TODOs in..."
"jenkinsci","job-dsl-plugin",2622,"https://github.com/jenkinsci/job-dsl-plugin/pull/2622","OPEN","2026-07-10T16:40:30Z","","hjhafner","2026-07","JENKINS-38741 - Avoid..."
"jenkinsci","jenkins",27069,"https://github.com/jenkinsci/jenkins/pull/27069","OPEN","2026-07-10T15:18:38Z","","bhumika-aga","2026-07","Move PATH_TRAVERSAL_IN, REDOS..."
"jenkinsci","ec2-plugin",2021,"https://github.com/jenkinsci/ec2-plugin/pull/2021","MERGED","2026-07-10T14:49:48Z","2026-07-20T12:56:59Z","boyadzhievb","2026-07","Fixed spot instance tagging..."
"jenkinsci","xunit-plugin",194,"https://github.com/jenkinsci/xunit-plugin/pull/194","MERGED","2026-07-10T13:53:09Z","2026-07-10T19:38:01Z","nfalco79","2026-07","[JENKINS-76500] BoostTest..."
"jenkinsci","jenkins",27067,"https://github.com/jenkinsci/jenkins/pull/27067","OPEN","2026-07-10T13:42:38Z","","BobDu","2026-07","Add a password visibility..."
"jenkinsci","git-plugin",3987,"https://github.com/jenkinsci/git-plugin/pull/3987","OPEN","2026-07-10T13:24:16Z","","serianox","2026-07","[JENKINS-70094] Add UI for..."
"jenkinsci","git-client-plugin",1777,"https://github.com/jenkinsci/git-client-plugin/pull/1777","OPEN","2026-07-10T13:09:33Z","","serianox","2026-07","[JENKINS-70094] Add support..."
"jenkinsci","bom",7059,"https://github.com/jenkinsci/bom/pull/7059","MERGED","2026-07-10T12:20:20Z","2026-07-10T12:45:54Z","alecharp","2026-07","Rotate @alecharp release..."
"jenkinsci","kubernetes-plugin",2851,"https://github.com/jenkinsci/kubernetes-plugin/pull/2851","MERGED","2026-07-10T10:55:31Z","2026-07-14T17:15:52Z","RanjitCS","2026-07","Wait for pod template on..."
"jenkinsci","jenkins",27066,"https://github.com/jenkinsci/jenkins/pull/27066","CLOSED","2026-07-10T09:32:37Z","","AmariahAK","2026-07","Add `java.util.Map$Entry` to..."
"jenkinsci","ec2-plugin",2020,"https://github.com/jenkinsci/ec2-plugin/pull/2020","MERGED","2026-07-10T08:20:28Z","2026-07-14T09:55:28Z","gbhat618","2026-07","Only reconnect offline agent..."
"jenkinsci","docker-plugin",1355,"https://github.com/jenkinsci/docker-plugin/pull/1355","OPEN","2026-07-10T08:08:31Z","","janfaracik","2026-07","Update for experimental..."
"jenkinsci","jenkins",27065,"https://github.com/jenkinsci/jenkins/pull/27065","OPEN","2026-07-10T07:57:29Z","","U-S-jun","2026-07","[JENKINS-75310] Fix log..."
"jenkinsci","ec2-fleet-plugin",572,"https://github.com/jenkinsci/ec2-fleet-plugin/pull/572","MERGED","2026-07-10T05:39:35Z","2026-07-13T22:01:01Z","BradyShober","2026-07","Update status widget to..."
"jenkinsci","docker-workflow-plugin",748,"https://github.com/jenkinsci/docker-workflow-plugin/pull/748","OPEN","2026-07-10T00:23:08Z","","mzalgaonker","2026-07","Handle noisy docker run..."
"jenkinsci","JiraTestResultReporter-plugin",305,"https://github.com/jenkinsci/JiraTestResultReporter-plugin/pull/305","CLOSED","2026-07-09T22:28:34Z","","chcg","2026-07","try to build against java 17..."
"jenkinsci","bom",7056,"https://github.com/jenkinsci/bom/pull/7056","MERGED","2026-07-09T21:52:50Z","2026-07-09T22:20:28Z","MarkEWaite","2026-07","Use Jenkins 2.568.1 for..."
"jenkinsci","lib-file-leak-detector",244,"https://github.com/jenkinsci/lib-file-leak-detector/pull/244","MERGED","2026-07-09T21:06:36Z","2026-07-09T21:14:04Z","timja","2026-07","Support socket detection on..."
"jenkinsci","bom",7055,"https://github.com/jenkinsci/bom/pull/7055","OPEN","2026-07-09T20:50:16Z","","timja","2026-07","Test `Enable new Manage..."
"jenkinsci","acceptance-test-harness",2792,"https://github.com/jenkinsci/acceptance-test-harness/pull/2792","OPEN","2026-07-09T20:47:27Z","","timja","2026-07","Test `Enable new Manage..."
"jenkinsci","jenkins",27064,"https://github.com/jenkinsci/jenkins/pull/27064","CLOSED","2026-07-09T20:17:09Z","","rajat315315","2026-07","perf: parallelize plugin..."
"jenkinsci","jenkins",27063,"https://github.com/jenkinsci/jenkins/pull/27063","OPEN","2026-07-09T20:11:13Z","","rajat315315","2026-07","perf: parallelize user..."
"jenkinsci","jenkins",27062,"https://github.com/jenkinsci/jenkins/pull/27062","CLOSED","2026-07-09T19:58:35Z","","rajat315315","2026-07","perf: parallelize plugin..."
"jenkinsci","pipeline-agent-build-history-plugin",163,"https://github.com/jenkinsci/pipeline-agent-build-history-plugin/pull/163","MERGED","2026-07-09T19:50:15Z","2026-07-09T20:44:28Z","mawinter69","2026-07","Don't recreate the index..."
"jenkinsci","pipeline-agent-build-history-plugin",162,"https://github.com/jenkinsci/pipeline-agent-build-history-plugin/pull/162","MERGED","2026-07-09T19:50:02Z","2026-07-09T20:38:29Z","mawinter69","2026-07","Fix pagination on agent..."
"jenkinsci","jenkins",27060,"https://github.com/jenkinsci/jenkins/pull/27060","CLOSED","2026-07-09T19:42:29Z","","rajat315315","2026-07","perf: parallelize user..."
"jenkinsci","pipeline-agent-build-history-plugin",161,"https://github.com/jenkinsci/pipeline-agent-build-history-plugin/pull/161","MERGED","2026-07-09T19:37:10Z","2026-07-09T20:21:43Z","mawinter69","2026-07","Don't create index file for..."
"jenkinsci","jenkins",27058,"https://github.com/jenkinsci/jenkins/pull/27058","OPEN","2026-07-09T18:12:18Z","","AbdelHamdyGhanem","2026-07","[JENKINS-75944] Clarify the..."
"jenkinsci","ec2-plugin",2018,"https://github.com/jenkinsci/ec2-plugin/pull/2018","MERGED","2026-07-09T17:02:05Z","2026-07-14T09:54:31Z","its-dave","2026-07","Fix typo and confusing..."
"jenkinsci","ssh-agent-plugin",282,"https://github.com/jenkinsci/ssh-agent-plugin/pull/282","MERGED","2026-07-09T16:51:33Z","2026-07-15T18:10:47Z","ogulcanaydogan","2026-07","fix: include stderr and exit..."
"jenkinsci","ssh-agent-plugin",281,"https://github.com/jenkinsci/ssh-agent-plugin/pull/281","MERGED","2026-07-09T16:49:30Z","2026-07-15T18:10:17Z","ogulcanaydogan","2026-07","fix: guard ssh-agent env..."
"jenkinsci","explain-error-plugin",211,"https://github.com/jenkinsci/explain-error-plugin/pull/211","MERGED","2026-07-09T16:18:24Z","2026-07-10T15:43:18Z","shenxianpeng","2026-07","docs: clarify that AWS..."
"jenkinsci","jenkins",27056,"https://github.com/jenkinsci/jenkins/pull/27056","OPEN","2026-07-09T15:18:59Z","","janfaracik","2026-07","Use dialog for Cloud creation"
"jenkinsci","oic-auth-plugin",774,"https://github.com/jenkinsci/oic-auth-plugin/pull/774","MERGED","2026-07-09T14:57:12Z","2026-07-09T15:41:12Z","jtnord","2026-07","Revert pac4j upgrade"
"jenkinsci","jenkins",27055,"https://github.com/jenkinsci/jenkins/pull/27055","MERGED","2026-07-09T14:41:49Z","2026-07-09T20:37:54Z","janfaracik","2026-07","Fix 'Sure' text for..."
"jenkinsci","jenkins",27054,"https://github.com/jenkinsci/jenkins/pull/27054","CLOSED","2026-07-09T13:36:42Z","","Aarav-Singh2007","2026-07","Restrict ClientHttpRedirect..."
"jenkinsci","jenkins",27051,"https://github.com/jenkinsci/jenkins/pull/27051","OPEN","2026-07-09T12:58:04Z","","KartikSuryavanshi","2026-07","[JENKINS-60117] Rework..."
"jenkinsci","kubernetes-operator",1183,"https://github.com/jenkinsci/kubernetes-operator/pull/1183","OPEN","2026-07-09T12:50:47Z","","crossRT","2026-07","fixed operator failed to..."
"jenkinsci","jenkins",27050,"https://github.com/jenkinsci/jenkins/pull/27050","CLOSED","2026-07-09T12:40:15Z","","KartikSuryavanshi","2026-07","[JENKINS-60117] Rework..."
"jenkinsci","junit-plugin",1239,"https://github.com/jenkinsci/junit-plugin/pull/1239","OPEN","2026-07-09T12:13:58Z","","mdealer","2026-07","Optimize the test history..."
"jenkinsci","jenkins",27049,"https://github.com/jenkinsci/jenkins/pull/27049","CLOSED","2026-07-09T11:55:25Z","","Akshat005Chaudhary","2026-07","Whitelist java.util.Map$Entry..."
"jenkinsci","appscan-plugin",289,"https://github.com/jenkinsci/appscan-plugin/pull/289","MERGED","2026-07-09T11:39:52Z","2026-07-09T11:51:42Z","mattmurp","2026-07","replace depracated methods"
"jenkinsci","sysdig-secure-plugin",163,"https://github.com/jenkinsci/sysdig-secure-plugin/pull/163","MERGED","2026-07-09T11:18:31Z","2026-07-09T11:24:18Z","tembleking","2026-07","chore: Address..."
"jenkinsci","sysdig-secure-plugin",162,"https://github.com/jenkinsci/sysdig-secure-plugin/pull/162","MERGED","2026-07-09T10:46:03Z","2026-07-09T11:15:01Z","tembleking","2026-07","feat: track newest and..."
"jenkinsci","pipeline-agent-build-history-plugin",160,"https://github.com/jenkinsci/pipeline-agent-build-history-plugin/pull/160","MERGED","2026-07-09T10:25:23Z","2026-07-09T10:32:49Z","mawinter69","2026-07","don't log each pipeline run..."
"jenkinsci","pipeline-agent-build-history-plugin",159,"https://github.com/jenkinsci/pipeline-agent-build-history-plugin/pull/159","MERGED","2026-07-09T10:24:37Z","2026-07-09T10:32:29Z","mawinter69","2026-07","update baseline to 2.528.3"
"jenkinsci","blackduck-security-scan-plugin",108,"https://github.com/jenkinsci/blackduck-security-scan-plugin/pull/108","MERGED","2026-07-09T08:30:50Z","2026-07-09T09:08:03Z","jahid1209","2026-07","Sync 2.9.0 release branch..."
"jenkinsci","blackduck-security-scan-plugin",107,"https://github.com/jenkinsci/blackduck-security-scan-plugin/pull/107","MERGED","2026-07-09T07:33:49Z","2026-07-16T06:47:08Z","zaman-akib","2026-07","Remove quality gate status as..."
"jenkinsci","oras-parameters-plugin",25,"https://github.com/jenkinsci/oras-parameters-plugin/pull/25","MERGED","2026-07-09T07:11:04Z","2026-07-09T07:18:46Z","jonesbusy","2026-07","Use container policy by..."
"jenkinsci","jobcacher-oras-storage-plugin",96,"https://github.com/jenkinsci/jobcacher-oras-storage-plugin/pull/96","MERGED","2026-07-09T07:05:26Z","2026-07-09T07:11:10Z","jonesbusy","2026-07","Bump ORAS and use push..."
"jenkinsci","pipeline-lib-oras-plugin",65,"https://github.com/jenkinsci/pipeline-lib-oras-plugin/pull/65","MERGED","2026-07-09T07:00:50Z","2026-07-09T07:09:36Z","jonesbusy","2026-07","Bump ORAS and use pull..."
"jenkinsci","pipeline-cps-oras-plugin",67,"https://github.com/jenkinsci/pipeline-cps-oras-plugin/pull/67","MERGED","2026-07-09T06:53:58Z","2026-07-09T07:05:33Z","jonesbusy","2026-07","Bump ORAS and use pull..."
"jenkinsci","allure-plugin",465,"https://github.com/jenkinsci/allure-plugin/pull/465","OPEN","2026-07-09T06:50:14Z","","long76","2026-07","fix: prefer allure 3 if tool..."
"jenkinsci","helm-charts",1703,"https://github.com/jenkinsci/helm-charts/pull/1703","CLOSED","2026-07-09T02:51:54Z","","daitiantian001","2026-07","chore: add `yes n |` to cp..."
"jenkinsci","JiraTestResultReporter-plugin",304,"https://github.com/jenkinsci/JiraTestResultReporter-plugin/pull/304","MERGED","2026-07-08T23:21:32Z","2026-07-09T22:16:35Z","chcg","2026-07","try to fix CodeOwners issue"
"jenkinsci","JiraTestResultReporter-plugin",302,"https://github.com/jenkinsci/JiraTestResultReporter-plugin/pull/302","MERGED","2026-07-08T23:05:38Z","2026-07-16T19:07:05Z","chcg","2026-07","fix further compiler warnings"
"jenkinsci","lib-file-leak-detector",243,"https://github.com/jenkinsci/lib-file-leak-detector/pull/243","MERGED","2026-07-08T21:44:43Z","2026-07-09T20:31:15Z","timja","2026-07","Support Java 25"
"jenkinsci","lib-file-leak-detector",242,"https://github.com/jenkinsci/lib-file-leak-detector/pull/242","MERGED","2026-07-08T21:22:55Z","2026-07-08T21:36:39Z","timja","2026-07","Exclude module-info to..."
"jenkinsci","lib-file-leak-detector",241,"https://github.com/jenkinsci/lib-file-leak-detector/pull/241","MERGED","2026-07-08T21:16:13Z","2026-07-08T21:28:07Z","timja","2026-07","Fix mockito error"
"jenkinsci","cloudevents-plugin",27,"https://github.com/jenkinsci/cloudevents-plugin/pull/27","OPEN","2026-07-08T21:15:01Z","","slayton","2026-07","Fix build event payload..."
"jenkinsci","jenkins",27048,"https://github.com/jenkinsci/jenkins/pull/27048","MERGED","2026-07-08T20:39:56Z","2026-07-14T04:32:15Z","AbdelHamdyGhanem","2026-07","[JENKINS-75134] Clarify..."
"jenkinsci","kubernetes-plugin",2850,"https://github.com/jenkinsci/kubernetes-plugin/pull/2850","OPEN","2026-07-08T20:27:52Z","","amarkdotdev","2026-07","Merge supplementalGroups when..."
"jenkinsci","credentials-binding-plugin",534,"https://github.com/jenkinsci/credentials-binding-plugin/pull/534","MERGED","2026-07-08T19:52:50Z","2026-07-09T19:39:23Z","jglick","2026-07","Bind secret files to random..."
"jenkinsci","jenkins",27047,"https://github.com/jenkinsci/jenkins/pull/27047","OPEN","2026-07-08T16:56:04Z","","AbdelHamdyGhanem","2026-07","JENKINS-71211 Fix..."
"jenkinsci","credentials-binding-plugin",533,"https://github.com/jenkinsci/credentials-binding-plugin/pull/533","CLOSED","2026-07-08T14:45:23Z","","Kevin-CB","2026-07","Restrict file location for..."
"jenkinsci","ec2-fleet-plugin",571,"https://github.com/jenkinsci/ec2-fleet-plugin/pull/571","MERGED","2026-07-08T14:29:50Z","2026-07-09T13:10:05Z","BradyShober","2026-07","Update minimum jenkins..."
"jenkinsci","appcircle-publish-plugin",1,"https://github.com/jenkinsci/appcircle-publish-plugin/pull/1","MERGED","2026-07-08T12:55:10Z","2026-07-08T12:55:22Z","BrkYld","2026-07","feature: restore appPath..."
"jenkinsci","warnings-ng-plugin",3382,"https://github.com/jenkinsci/warnings-ng-plugin/pull/3382","MERGED","2026-07-08T10:44:01Z","2026-07-21T20:48:43Z","jtnord","2026-07","Remove obsolete incremental..."
"jenkinsci","jenkins",27046,"https://github.com/jenkinsci/jenkins/pull/27046","MERGED","2026-07-08T10:13:10Z","2026-07-19T08:17:32Z","janfaracik","2026-07","Standardise Jenkins branding..."
"jenkinsci","docker",2400,"https://github.com/jenkinsci/docker/pull/2400","MERGED","2026-07-08T08:37:51Z","2026-07-08T09:23:25Z","lemeurherve","2026-07","chore(updatecli): remove..."
"jenkinsci","azure-artifact-manager-plugin",223,"https://github.com/jenkinsci/azure-artifact-manager-plugin/pull/223","OPEN","2026-07-08T08:27:37Z","","hrmohr","2026-07","fix: Support use with..."
"jenkinsci","active-choices-plugin",991,"https://github.com/jenkinsci/active-choices-plugin/pull/991","MERGED","2026-07-08T07:04:45Z","2026-08-01T21:24:07Z","krrrr38","2026-07","feat: make the default value..."
"jenkinsci","sysdig-secure-plugin",161,"https://github.com/jenkinsci/sysdig-secure-plugin/pull/161","MERGED","2026-07-08T06:55:12Z","2026-07-08T07:06:30Z","tembleking","2026-07","chore: organize justfile into..."
"jenkinsci","google-compute-engine-plugin",563,"https://github.com/jenkinsci/google-compute-engine-plugin/pull/563","OPEN","2026-07-08T04:47:55Z","","sombraSoft","2026-07","Fix IllegalArgumentException..."
"jenkinsci","google-compute-engine-plugin",562,"https://github.com/jenkinsci/google-compute-engine-plugin/pull/562","OPEN","2026-07-08T04:47:46Z","","sombraSoft","2026-07","Fix launch timeout being..."
"jenkinsci","p4-plugin",277,"https://github.com/jenkinsci/p4-plugin/pull/277","MERGED","2026-07-08T01:17:28Z","2026-07-08T10:45:20Z","ajindal-mdx","2026-07","Md5 check with updated p4..."
"jenkinsci","kubernetes-plugin",2848,"https://github.com/jenkinsci/kubernetes-plugin/pull/2848","MERGED","2026-07-07T23:31:29Z","2026-07-10T14:45:46Z","jglick","2026-07","Update Windows tests from..."
"jenkinsci","jenkins",27043,"https://github.com/jenkinsci/jenkins/pull/27043","OPEN","2026-07-07T21:16:37Z","","Anexus5919","2026-07","fix: allow deleting folders..."
"jenkinsci","azure-ad-plugin",820,"https://github.com/jenkinsci/azure-ad-plugin/pull/820","MERGED","2026-07-07T21:04:45Z","2026-07-07T21:26:08Z","timja","2026-07","Leverage library functions..."
"jenkinsci","resources-ai-chatbot-plugin",417,"https://github.com/jenkinsci/resources-ai-chatbot-plugin/pull/417","OPEN","2026-07-07T18:50:12Z","","arjun-713","2026-07","Build Deterministic Graph..."
"jenkinsci","docker",2399,"https://github.com/jenkinsci/docker/pull/2399","MERGED","2026-07-07T18:43:17Z","2026-07-14T16:27:15Z","lemeurherve","2026-07","fix(windows): use `gpgv`..."
"jenkinsci","resources-ai-chatbot-plugin",416,"https://github.com/jenkinsci/resources-ai-chatbot-plugin/pull/416","OPEN","2026-07-07T18:00:07Z","","arjun-713","2026-07","Fix plugins.io page content..."
"jenkinsci","docker",2398,"https://github.com/jenkinsci/docker/pull/2398","MERGED","2026-07-07T17:54:35Z","2026-07-08T07:58:15Z","lemeurherve","2026-07","chore(pipeline): cleanup"
"jenkinsci","email-ext-plugin",1597,"https://github.com/jenkinsci/email-ext-plugin/pull/1597","OPEN","2026-07-07T17:52:00Z","","akash-manna-sky","2026-07","Add test coverage for..."
"jenkinsci","docker",2395,"https://github.com/jenkinsci/docker/pull/2395","MERGED","2026-07-07T16:58:09Z","2026-07-16T10:08:59Z","lemeurherve","2026-07","chore(pipeline): build all..."
"jenkinsci","docker",2394,"https://github.com/jenkinsci/docker/pull/2394","MERGED","2026-07-07T15:55:34Z","2026-07-07T19:34:10Z","lemeurherve","2026-07","Backport of `master` into..."
"jenkinsci","bitbucket-branch-source-plugin",1228,"https://github.com/jenkinsci/bitbucket-branch-source-plugin/pull/1228","CLOSED","2026-07-07T14:43:56Z","","aaronwalker","2026-07","[JENKINS-76497] add Modern..."
"jenkinsci","jenkins",27042,"https://github.com/jenkinsci/jenkins/pull/27042","CLOSED","2026-07-07T14:40:24Z","","AbdelHamdyGhanem","2026-07","[JENKINS-74862] Use..."
"jenkinsci","configuration-as-code-plugin",2865,"https://github.com/jenkinsci/configuration-as-code-plugin/pull/2865","MERGED","2026-07-07T14:01:46Z","2026-08-03T08:08:25Z","somiljain2006","2026-07","Introduce extensible..."
"jenkinsci","docker",2392,"https://github.com/jenkinsci/docker/pull/2392","MERGED","2026-07-07T13:59:31Z","2026-07-07T15:34:41Z","lemeurherve","2026-07","chore(pipeline): build JDKs..."
"jenkinsci","saml-plugin",776,"https://github.com/jenkinsci/saml-plugin/pull/776","MERGED","2026-07-07T13:49:38Z","2026-07-08T20:57:07Z","jtnord","2026-07","Remove joda time"
"jenkinsci","qmetry-test-management-plugin",23,"https://github.com/jenkinsci/qmetry-test-management-plugin/pull/23","MERGED","2026-07-07T12:56:50Z","2026-07-07T12:57:04Z","dharminsolanki","2026-07","Health Score Boost + Custom..."
"jenkinsci","bitbucket-branch-source-plugin",1227,"https://github.com/jenkinsci/bitbucket-branch-source-plugin/pull/1227","MERGED","2026-07-07T12:54:05Z","2026-07-10T12:57:01Z","nfalco79","2026-07","[JENKINS-76496] Webhooks..."
"jenkinsci","sysdig-secure-plugin",160,"https://github.com/jenkinsci/sysdig-secure-plugin/pull/160","MERGED","2026-07-07T12:45:00Z","2026-07-07T13:21:35Z","tembleking","2026-07","feat: expose fpkev and CVSS..."
"jenkinsci","sectioned-view-plugin",89,"https://github.com/jenkinsci/sectioned-view-plugin/pull/89","MERGED","2026-07-07T12:02:45Z","2026-07-30T07:32:12Z","MeyerhoeferNicolai","2026-07","Feature JENKINS-59551: Added..."
"jenkinsci","google-kubernetes-engine-plugin",454,"https://github.com/jenkinsci/google-kubernetes-engine-plugin/pull/454","OPEN","2026-07-07T11:34:34Z","","ViliusS","2026-07","Remove custom role in favour..."
"jenkinsci","armorcode-release-gate-plugin",5,"https://github.com/jenkinsci/armorcode-release-gate-plugin/pull/5","OPEN","2026-07-07T10:54:55Z","","ac-deepanshurawat","2026-07","chore: adding more developers..."
"jenkinsci","credentials-binding-plugin",530,"https://github.com/jenkinsci/credentials-binding-plugin/pull/530","CLOSED","2026-07-07T09:48:35Z","","wuhuizuo","2026-07","Skip credentials cleanup when..."
"jenkinsci","secret-guard-plugin",37,"https://github.com/jenkinsci/secret-guard-plugin/pull/37","MERGED","2026-07-07T08:29:13Z","2026-07-08T02:21:06Z","donhui","2026-07","Add MySQL CLI password..."
"jenkinsci","hpe-application-automation-tools-plugin",1588,"https://github.com/jenkinsci/hpe-application-automation-tools-plugin/pull/1588","MERGED","2026-07-07T08:27:54Z","2026-07-07T09:01:12Z","tudordecea","2026-07","Updated Documentation and..."
"jenkinsci","bitbucket-branch-source-plugin",1226,"https://github.com/jenkinsci/bitbucket-branch-source-plugin/pull/1226","MERGED","2026-07-07T08:16:18Z","2026-07-07T09:35:55Z","nfalco79","2026-07","[JENKINS-76494] Repository..."
"jenkinsci","oras-java-api-plugin",122,"https://github.com/jenkinsci/oras-java-api-plugin/pull/122","MERGED","2026-07-07T06:31:10Z","2026-07-07T06:37:27Z","jonesbusy","2026-07","Bump ORAS to 0.8.0"
"jenkinsci","git-plugin",3985,"https://github.com/jenkinsci/git-plugin/pull/3985","OPEN","2026-07-07T04:58:58Z","","NickTheDevOpsGuy","2026-07","Feature/oauth bit bucket"
"jenkinsci","git-plugin",3984,"https://github.com/jenkinsci/git-plugin/pull/3984","CLOSED","2026-07-07T04:41:23Z","","NickTheDevOpsGuy","2026-07","Feature/oauth bit bucket"
"jenkinsci","git-plugin",3983,"https://github.com/jenkinsci/git-plugin/pull/3983","CLOSED","2026-07-07T04:36:34Z","","NickTheDevOpsGuy","2026-07","Feature/adding oauth for bit..."
"jenkinsci","jenkins",27038,"https://github.com/jenkinsci/jenkins/pull/27038","MERGED","2026-07-07T04:13:16Z","2026-07-14T04:31:59Z","cytrock","2026-07","[JENKINS-69789] Address..."
"jenkinsci","smart-retry-plugin",14,"https://github.com/jenkinsci/smart-retry-plugin/pull/14","MERGED","2026-07-07T02:50:41Z","2026-07-08T07:21:29Z","donhui","2026-07","Clarify retry conditions..."
"jenkinsci","git-plugin",3982,"https://github.com/jenkinsci/git-plugin/pull/3982","CLOSED","2026-07-07T02:15:12Z","","NickTheDevOpsGuy","2026-07","feat: add OAuth support for..."
"jenkinsci","scriptler-plugin",194,"https://github.com/jenkinsci/scriptler-plugin/pull/194","MERGED","2026-07-06T22:04:03Z","2026-07-10T14:13:28Z","somiljain2006","2026-07","Resolve TODOs and improve..."
"jenkinsci","jenkins",27036,"https://github.com/jenkinsci/jenkins/pull/27036","OPEN","2026-07-06T21:10:08Z","","AbdelHamdyGhanem","2026-07","JENKINS-73557: Warn on..."
"jenkinsci","configuration-as-code-plugin",2864,"https://github.com/jenkinsci/configuration-as-code-plugin/pull/2864","MERGED","2026-07-06T17:36:49Z","2026-07-07T08:10:42Z","somiljain2006","2026-07","Return configuration reload..."
"jenkinsci","scm-manager-plugin",79,"https://github.com/jenkinsci/scm-manager-plugin/pull/79","MERGED","2026-07-06T17:16:57Z","2026-07-20T08:16:25Z","pfeuffer","2026-07","Add option to skip pull..."
"jenkinsci","email-ext-plugin",1596,"https://github.com/jenkinsci/email-ext-plugin/pull/1596","OPEN","2026-07-06T17:09:26Z","","akash-manna-sky","2026-07","Add test coverage for..."
"jenkinsci","pipeline-graph-view-plugin",1372,"https://github.com/jenkinsci/pipeline-graph-view-plugin/pull/1372","MERGED","2026-07-06T17:01:25Z","2026-07-06T20:36:32Z","janfaracik","2026-07","Use Jenkins core variables..."
"jenkinsci","scm-manager-plugin",78,"https://github.com/jenkinsci/scm-manager-plugin/pull/78","OPEN","2026-07-06T16:43:50Z","","pfeuffer","2026-07","Inject labels from pull..."
"jenkinsci","jenkins",27035,"https://github.com/jenkinsci/jenkins/pull/27035","MERGED","2026-07-06T14:56:34Z","2026-07-09T11:36:17Z","AbdelHamdyGhanem","2026-07","[JENKINS-1963] Poll scm..."
"jenkinsci","jenkins",27034,"https://github.com/jenkinsci/jenkins/pull/27034","CLOSED","2026-07-06T14:49:46Z","","AbdelHamdyGhanem","2026-07","Fix/jenkins 1963 poll scm..."
"jenkinsci","bitbucket-branch-source-plugin",1225,"https://github.com/jenkinsci/bitbucket-branch-source-plugin/pull/1225","CLOSED","2026-07-06T14:48:10Z","","gbhat618","2026-07","Test if legacy-id ends up..."
"jenkinsci","jenkins-infra-test-plugin",222,"https://github.com/jenkinsci/jenkins-infra-test-plugin/pull/222","MERGED","2026-07-06T14:06:32Z","2026-07-06T14:16:08Z","jayfranco999","2026-07","edit README description for..."
"jenkinsci","branch-api-plugin",822,"https://github.com/jenkinsci/branch-api-plugin/pull/822","OPEN","2026-07-06T13:59:37Z","","gbhat618","2026-07","Spurious builds when source's..."
"jenkinsci","hpe-application-automation-tools-plugin",1587,"https://github.com/jenkinsci/hpe-application-automation-tools-plugin/pull/1587","MERGED","2026-07-06T12:57:58Z","2026-07-06T13:24:07Z","tudordecea","2026-07","Updated copyright end year"
"jenkinsci","jenkins-infra-test-plugin",221,"https://github.com/jenkinsci/jenkins-infra-test-plugin/pull/221","MERGED","2026-07-06T12:51:27Z","2026-07-06T13:14:03Z","jayfranco999","2026-07","Clarify README description..."
"jenkinsci","configuration-as-code-plugin",2863,"https://github.com/jenkinsci/configuration-as-code-plugin/pull/2863","MERGED","2026-07-06T07:33:16Z","2026-07-06T12:33:00Z","somiljain2006","2026-07","Clarify use of readFile for..."
"jenkinsci","azure-ad-plugin",819,"https://github.com/jenkinsci/azure-ad-plugin/pull/819","MERGED","2026-07-06T07:05:31Z","2026-07-06T08:24:49Z","timja","2026-07","Upgrade Entra SDK to Kiota..."
"jenkinsci","secret-guard-plugin",36,"https://github.com/jenkinsci/secret-guard-plugin/pull/36","MERGED","2026-07-06T06:42:35Z","2026-07-06T09:56:53Z","donhui","2026-07","Add configurable custom..."
"jenkinsci","secret-guard-plugin",35,"https://github.com/jenkinsci/secret-guard-plugin/pull/35","MERGED","2026-07-06T02:54:47Z","2026-07-06T03:21:38Z","donhui","2026-07","Avoid duplicate high-entropy..."
"jenkinsci","jenkins",27033,"https://github.com/jenkinsci/jenkins/pull/27033","CLOSED","2026-07-05T22:15:27Z","","AbdelHamdyGhanem","2026-07","[JENKINS-1963] Clarify time..."
"jenkinsci","microsoft-graph-api-plugin",2,"https://github.com/jenkinsci/microsoft-graph-api-plugin/pull/2","MERGED","2026-07-05T20:59:10Z","2026-07-05T21:30:30Z","timja","2026-07","Reduce size of SDK even more"
"jenkinsci","acceptance-test-harness",2787,"https://github.com/jenkinsci/acceptance-test-harness/pull/2787","MERGED","2026-07-05T19:52:53Z","2026-07-05T20:56:32Z","dduportal","2026-07","chore(Jenkinsfile) update..."
"jenkinsci","dependency-track-plugin",443,"https://github.com/jenkinsci/dependency-track-plugin/pull/443","MERGED","2026-07-05T18:20:17Z","2026-07-06T18:55:04Z","sephiroth-j","2026-07","Support Dependency-Track v5"
"jenkinsci","url-filter-plugin",4,"https://github.com/jenkinsci/url-filter-plugin/pull/4","MERGED","2026-07-05T16:13:14Z","2026-07-05T16:48:46Z","aytuncbeken","2026-07","Enabling incrementify"
"jenkinsci","configuration-as-code-plugin",2861,"https://github.com/jenkinsci/configuration-as-code-plugin/pull/2861","MERGED","2026-07-05T13:26:11Z","2026-07-06T06:57:07Z","somiljain2006","2026-07","Document how to create..."
"jenkinsci","jenkins",27032,"https://github.com/jenkinsci/jenkins/pull/27032","OPEN","2026-07-05T09:59:26Z","","thswlsqls","2026-07","Fix sortable date column..."
"jenkinsci","url-filter-plugin",3,"https://github.com/jenkinsci/url-filter-plugin/pull/3","MERGED","2026-07-05T09:57:26Z","2026-07-19T09:51:33Z","aytuncbeken","2026-07","Enabling Github Release Flow"
"jenkinsci","configuration-as-code-plugin",2860,"https://github.com/jenkinsci/configuration-as-code-plugin/pull/2860","MERGED","2026-07-05T04:28:05Z","2026-07-05T12:12:46Z","somiljain2006","2026-07","Add opt-in anonymous access..."
"jenkinsci","rebuild-plugin",249,"https://github.com/jenkinsci/rebuild-plugin/pull/249","OPEN","2026-07-04T23:49:32Z","","mawinter69","2026-07","[JENKINS-41591] proper..."
"jenkinsci","rebuild-plugin",248,"https://github.com/jenkinsci/rebuild-plugin/pull/248","OPEN","2026-07-04T22:25:54Z","","mawinter69","2026-07","fix rebuild action for new..."
"jenkinsci","pipeline-graph-view-plugin",1366,"https://github.com/jenkinsci/pipeline-graph-view-plugin/pull/1366","MERGED","2026-07-04T21:25:33Z","2026-07-04T22:13:07Z","das7pad","2026-07","Add support for displaying..."
"jenkinsci","azure-ad-plugin",816,"https://github.com/jenkinsci/azure-ad-plugin/pull/816","MERGED","2026-07-04T21:17:31Z","2026-07-04T21:23:19Z","timja","2026-07","Switch to vite + optimise..."
"jenkinsci","explain-error-plugin",209,"https://github.com/jenkinsci/explain-error-plugin/pull/209","MERGED","2026-07-04T19:59:42Z","2026-07-05T07:40:12Z","shenxianpeng","2026-07","feat: add optional API key..."
"jenkinsci","reqtify-plugin",22,"https://github.com/jenkinsci/reqtify-plugin/pull/22","OPEN","2026-07-04T18:20:23Z","","Arunava-27","2026-07","Migrate documentation from..."
"jenkinsci","pipeline-graph-view-plugin",1365,"https://github.com/jenkinsci/pipeline-graph-view-plugin/pull/1365","MERGED","2026-07-04T16:26:47Z","2026-07-04T20:35:22Z","das7pad","2026-07","Mirror trigger for displaying..."
"jenkinsci","pipeline-graph-view-plugin",1364,"https://github.com/jenkinsci/pipeline-graph-view-plugin/pull/1364","MERGED","2026-07-04T16:24:52Z","2026-07-04T22:10:32Z","das7pad","2026-07","Show fallback UI for build..."
"jenkinsci","gerrit-checks-api-plugin",18,"https://github.com/jenkinsci/gerrit-checks-api-plugin/pull/18","MERGED","2026-07-04T15:15:28Z","2026-07-04T15:26:00Z","panicking","2026-07","Document downstream build..."
"jenkinsci","jenkins",27031,"https://github.com/jenkinsci/jenkins/pull/27031","OPEN","2026-07-04T15:04:58Z","","Sonaliparte","2026-07","Fix JSON API doesn't return..."
"jenkinsci","gerrit-checks-api-plugin",17,"https://github.com/jenkinsci/gerrit-checks-api-plugin/pull/17","MERGED","2026-07-04T15:03:22Z","2026-07-04T15:11:54Z","panicking","2026-07","Feat/add upstream downstream..."
"jenkinsci","bitbucket-branch-source-plugin",1223,"https://github.com/jenkinsci/bitbucket-branch-source-plugin/pull/1223","MERGED","2026-07-04T13:52:34Z","2026-07-07T07:59:16Z","nfalco79","2026-07","[JENKINS-76425] Valid..."
"jenkinsci","auditflow-plugin",27,"https://github.com/jenkinsci/auditflow-plugin/pull/27","MERGED","2026-07-04T10:28:36Z","2026-07-05T12:08:13Z","harryofficial","2026-07","Merge phase1 code changes for..."
"jenkinsci","bitbucket-branch-source-plugin",1222,"https://github.com/jenkinsci/bitbucket-branch-source-plugin/pull/1222","CLOSED","2026-07-04T10:13:24Z","","apuig","2026-07","Fix thread explosion and..."
"jenkinsci","customizable-header-plugin",349,"https://github.com/jenkinsci/customizable-header-plugin/pull/349","OPEN","2026-07-04T10:02:11Z","","janfaracik","2026-07","Adapt Customizable Header..."
"jenkinsci","jenkins",27029,"https://github.com/jenkinsci/jenkins/pull/27029","MERGED","2026-07-04T09:29:37Z","2026-08-05T20:48:42Z","KetanHegde","2026-07","Fix hover area overlap for..."
"jenkinsci","proxmox-cloud-plugin",35,"https://github.com/jenkinsci/proxmox-cloud-plugin/pull/35","MERGED","2026-07-04T01:27:49Z","2026-07-04T02:03:16Z","aidanc","2026-07","Name cloud-stats activities..."
"jenkinsci","proxmox-cloud-plugin",34,"https://github.com/jenkinsci/proxmox-cloud-plugin/pull/34","MERGED","2026-07-04T01:27:46Z","2026-07-04T02:03:30Z","aidanc","2026-07","Count agent uses on task..."
"jenkinsci","email-ext-plugin",1595,"https://github.com/jenkinsci/email-ext-plugin/pull/1595","OPEN","2026-07-04T00:44:33Z","","slide","2026-07","Migrate settings to a..."
"jenkinsci","email-ext-plugin",1594,"https://github.com/jenkinsci/email-ext-plugin/pull/1594","MERGED","2026-07-03T17:58:00Z","2026-07-06T14:53:41Z","akash-manna-sky","2026-07","Add test coverage for..."
"jenkinsci","azure-keyvault-plugin",374,"https://github.com/jenkinsci/azure-keyvault-plugin/pull/374","MERGED","2026-07-03T16:11:39Z","2026-07-06T10:59:51Z","ysmaoui","2026-07","Add support for GitHub App..."
"jenkinsci","publish-over-cifs-plugin",171,"https://github.com/jenkinsci/publish-over-cifs-plugin/pull/171","OPEN","2026-07-03T15:11:51Z","","dshvedchenko","2026-07","bugfix: Modernize checkUrl..."
"jenkinsci","hpe-application-automation-tools-plugin",1586,"https://github.com/jenkinsci/hpe-application-automation-tools-plugin/pull/1586","MERGED","2026-07-03T14:34:08Z","2026-07-06T12:56:25Z","razvan-barbura-opentext","2026-07","defect #3126195 - Fix bouncy..."
"jenkinsci","bom",7037,"https://github.com/jenkinsci/bom/pull/7037","OPEN","2026-07-03T13:45:52Z","","lemeurherve","2026-07","wip: costs reduction"
"jenkinsci","proxmox-cloud-plugin",33,"https://github.com/jenkinsci/proxmox-cloud-plugin/pull/33","MERGED","2026-07-03T13:41:00Z","2026-07-03T14:00:05Z","aidanc","2026-07","Update..."
"jenkinsci","proxmox-cloud-plugin",32,"https://github.com/jenkinsci/proxmox-cloud-plugin/pull/32","MERGED","2026-07-03T13:25:17Z","2026-07-03T13:34:54Z","aidanc","2026-07","Add permission guards to the..."
"jenkinsci","proxmox-cloud-plugin",31,"https://github.com/jenkinsci/proxmox-cloud-plugin/pull/31","MERGED","2026-07-03T12:58:15Z","2026-07-03T13:19:07Z","aidanc","2026-07","Add dynamic template..."
"jenkinsci","hetzner-cloud-plugin",117,"https://github.com/jenkinsci/hetzner-cloud-plugin/pull/117","MERGED","2026-07-03T11:27:05Z","2026-07-04T05:07:35Z","rkosegi","2026-07","Eliminate use of datacenter...."
"jenkinsci","declarative-pipeline-migration-assistant-plugin",358,"https://github.com/jenkinsci/declarative-pipeline-migration-assistant-plugin/pull/358","MERGED","2026-07-03T10:50:30Z","2026-07-30T05:49:35Z","gbhat618","2026-07","[BEE-69470] Migrate..."
"jenkinsci","proxmox-cloud-plugin",30,"https://github.com/jenkinsci/proxmox-cloud-plugin/pull/30","MERGED","2026-07-03T10:12:45Z","2026-07-03T11:13:45Z","aidanc","2026-07","Reject Windows templates with..."
"jenkinsci","proxmox-cloud-plugin",28,"https://github.com/jenkinsci/proxmox-cloud-plugin/pull/28","MERGED","2026-07-03T09:49:44Z","2026-07-03T09:56:30Z","aidanc","2026-07","Restructure and align..."
"jenkinsci","jenkins",27028,"https://github.com/jenkinsci/jenkins/pull/27028","MERGED","2026-07-03T08:22:29Z","2026-07-04T09:40:06Z","oleksii-tumanov","2026-07","Keep modal dialogs fixed to..."
"jenkinsci","proxmox-cloud-plugin",27,"https://github.com/jenkinsci/proxmox-cloud-plugin/pull/27","MERGED","2026-07-03T06:30:22Z","2026-07-03T06:54:20Z","aidanc","2026-07","Add explicit support for..."
"jenkinsci","proxmox-cloud-plugin",26,"https://github.com/jenkinsci/proxmox-cloud-plugin/pull/26","CLOSED","2026-07-03T06:25:00Z","","aidanc","2026-07","Add OS type selector to..."
"jenkinsci","checkmarx-plugin",173,"https://github.com/jenkinsci/checkmarx-plugin/pull/173","MERGED","2026-07-03T05:46:10Z","2026-07-03T05:47:37Z","cx-atish-jadhav","2026-07","Plug 2869 remove password..."
"jenkinsci","proxmox-cloud-plugin",25,"https://github.com/jenkinsci/proxmox-cloud-plugin/pull/25","MERGED","2026-07-03T03:46:07Z","2026-07-03T06:30:06Z","aidanc","2026-07","Support Windows agents: fix..."
"jenkinsci","anka-build-plugin",77,"https://github.com/jenkinsci/anka-build-plugin/pull/77","MERGED","2026-07-03T02:04:52Z","2026-07-06T21:43:19Z","NorseGaud","2026-07","release/v3.1.0"
"jenkinsci","workflow-cps-plugin",1802,"https://github.com/jenkinsci/workflow-cps-plugin/pull/1802","CLOSED","2026-07-03T00:26:26Z","","NickTheDevOpsGuy","2026-07","Adding in OAUTH login"
"jenkinsci","bom",7036,"https://github.com/jenkinsci/bom/pull/7036","CLOSED","2026-07-02T22:08:48Z","","MarkEWaite","2026-07","Test master branch and..."
"jenkinsci","acceptance-test-harness",2784,"https://github.com/jenkinsci/acceptance-test-harness/pull/2784","CLOSED","2026-07-02T22:00:59Z","","MarkEWaite","2026-07","Test master branch and..."
"jenkinsci","jenkins",27026,"https://github.com/jenkinsci/jenkins/pull/27026","CLOSED","2026-07-02T21:42:15Z","","MarkEWaite","2026-07","Test several pull requests"
"jenkinsci","mixing-security-realm-plugin",3,"https://github.com/jenkinsci/mixing-security-realm-plugin/pull/3","OPEN","2026-07-02T20:24:04Z","","BradyShober","2026-07","Update for newer Jenkins..."
"jenkinsci","scriptler-plugin",193,"https://github.com/jenkinsci/scriptler-plugin/pull/193","MERGED","2026-07-02T19:08:25Z","2026-07-06T18:54:44Z","somiljain2006","2026-07","Add Configuration as Code..."
"jenkinsci","blackduck-security-scan-plugin",106,"https://github.com/jenkinsci/blackduck-security-scan-plugin/pull/106","MERGED","2026-07-02T14:39:15Z","2026-07-03T07:01:22Z","smohanty0804","2026-07","SIGINT-5928: CI products doc..."
"jenkinsci","p4-plugin",276,"https://github.com/jenkinsci/p4-plugin/pull/276","OPEN","2026-07-02T12:37:08Z","","hjain-perforce","2026-07","Fix comment formatting in..."
"jenkinsci","bom",7033,"https://github.com/jenkinsci/bom/pull/7033","MERGED","2026-07-02T12:08:52Z","2026-07-03T11:55:03Z","lemeurherve","2026-07","Record elapsed time per..."
"jenkinsci","resources-ai-chatbot-plugin",412,"https://github.com/jenkinsci/resources-ai-chatbot-plugin/pull/412","MERGED","2026-07-02T11:07:46Z","2026-07-27T07:16:09Z","arjun-713","2026-07","  Add GraphRAG schema and..."
"jenkinsci","bitbucket-branch-source-plugin",1221,"https://github.com/jenkinsci/bitbucket-branch-source-plugin/pull/1221","OPEN","2026-07-02T08:08:47Z","","margus","2026-07","Add system property to skip..."
"jenkinsci","qualys-cs-plugin",67,"https://github.com/jenkinsci/qualys-cs-plugin/pull/67","MERGED","2026-07-02T07:59:28Z","2026-07-02T07:59:47Z","Bhagyashri-Sapnar","2026-07","Changes for serialization..."
"jenkinsci","bom",7032,"https://github.com/jenkinsci/bom/pull/7032","CLOSED","2026-07-02T07:48:34Z","","lemeurherve","2026-07","chore: batch tests"
"jenkinsci","signpath-plugin",56,"https://github.com/jenkinsci/signpath-plugin/pull/56","MERGED","2026-07-02T07:47:43Z","2026-07-02T10:38:43Z","SalehAhmadi","2026-07","SIGN-8637 Update Plugin to..."
"jenkinsci","resources-ai-chatbot-plugin",411,"https://github.com/jenkinsci/resources-ai-chatbot-plugin/pull/411","CLOSED","2026-07-02T07:02:07Z","","codeWithkrish123","2026-07","Fix/critical security and..."
"jenkinsci","p4-plugin",275,"https://github.com/jenkinsci/p4-plugin/pull/275","MERGED","2026-07-02T02:06:04Z","2026-07-02T02:44:35Z","skumar7322","2026-07","Fix Flaky PollingTest"
"jenkinsci","docker",2390,"https://github.com/jenkinsci/docker/pull/2390","MERGED","2026-07-01T21:47:57Z","2026-07-08T07:59:13Z","nohwnd","2026-07","Also fail on Pester..."
"jenkinsci","wiz-scanner-plugin",21,"https://github.com/jenkinsci/wiz-scanner-plugin/pull/21","OPEN","2026-07-01T16:58:47Z","","Richard-Barrett","2026-07","Fix v1 CLI scan result..."
"jenkinsci","hashicorp-vault-plugin",375,"https://github.com/jenkinsci/hashicorp-vault-plugin/pull/375","OPEN","2026-07-01T15:58:44Z","","marcogomiero","2026-07","fix: resolve AWS region..."
"jenkinsci","jenkins",27022,"https://github.com/jenkinsci/jenkins/pull/27022","CLOSED","2026-07-01T15:52:26Z","","dduportal","2026-07","dummy test to check new..."
"jenkinsci","analysis-model",1549,"https://github.com/jenkinsci/analysis-model/pull/1549","MERGED","2026-07-01T15:27:12Z","2026-08-02T18:08:33Z","akash-manna-sky","2026-07","Add a parser for `Salt Lint`..."
"jenkinsci","bitbucket-push-and-pull-request-plugin",390,"https://github.com/jenkinsci/bitbucket-push-and-pull-request-plugin/pull/390","MERGED","2026-07-01T14:31:48Z","2026-07-02T10:48:42Z","cdelmonte-zg","2026-07","build: require Java 21 and..."
"jenkinsci","JenkinsPipelineUnit",778,"https://github.com/jenkinsci/JenkinsPipelineUnit/pull/778","MERGED","2026-07-01T14:29:44Z","2026-07-01T14:50:58Z","nre-ableton","2026-07","Fix error when publishing..."
"jenkinsci","jira-steps-plugin",273,"https://github.com/jenkinsci/jira-steps-plugin/pull/273","OPEN","2026-07-01T14:01:42Z","","gero-lindemann-at-eventim","2026-07","fixing jira cloud usage"
"jenkinsci","hashicorp-vault-plugin",374,"https://github.com/jenkinsci/hashicorp-vault-plugin/pull/374","CLOSED","2026-07-01T13:56:15Z","","marcogomiero","2026-07","fix: resolve AWS region..."
"jenkinsci","p4-plugin",274,"https://github.com/jenkinsci/p4-plugin/pull/274","MERGED","2026-07-01T13:43:03Z","2026-07-01T16:04:57Z","skumar7322","2026-07","Fix the test failure on..."
"jenkinsci","hashicorp-vault-plugin",373,"https://github.com/jenkinsci/hashicorp-vault-plugin/pull/373","CLOSED","2026-07-01T13:31:25Z","","marcogomiero","2026-07","fix: resolve AWS region..."
"jenkinsci","p4-plugin",273,"https://github.com/jenkinsci/p4-plugin/pull/273","CLOSED","2026-07-01T12:31:42Z","","ajindal-mdx","2026-07","Upgrading the jackson-core..."
"jenkinsci","hashicorp-vault-plugin",372,"https://github.com/jenkinsci/hashicorp-vault-plugin/pull/372","CLOSED","2026-07-01T12:20:24Z","","marcogomiero","2026-07","fix: resolve AWS region..."
"jenkinsci","p4-plugin",272,"https://github.com/jenkinsci/p4-plugin/pull/272","MERGED","2026-07-01T11:46:53Z","2026-07-03T08:19:27Z","skumar7322","2026-07","Updating Jenkins baseline..."
"jenkinsci","kubernetes-credentials-provider-plugin",144,"https://github.com/jenkinsci/kubernetes-credentials-provider-plugin/pull/144","MERGED","2026-07-01T11:42:11Z","2026-07-01T14:44:08Z","agentgonzo","2026-07","Absolve myself of all..."
"jenkinsci","p4-plugin",271,"https://github.com/jenkinsci/p4-plugin/pull/271","MERGED","2026-07-01T10:30:46Z","2026-07-03T06:30:29Z","ajindal-mdx","2026-07","Fixing cleanup client option..."
"jenkinsci","secret-guard-plugin",32,"https://github.com/jenkinsci/secret-guard-plugin/pull/32","MERGED","2026-07-01T09:48:23Z","2026-07-06T02:17:04Z","jasleen637","2026-07","Added new fixtures and..."
"jenkinsci","bitbucket-branch-source-plugin",1220,"https://github.com/jenkinsci/bitbucket-branch-source-plugin/pull/1220","MERGED","2026-07-01T09:38:49Z","2026-07-01T11:12:11Z","nfalco79","2026-07","Disable app password..."
"jenkinsci","acceptance-test-harness",2781,"https://github.com/jenkinsci/acceptance-test-harness/pull/2781","CLOSED","2026-07-01T01:05:13Z","","MarkEWaite","2026-07","Test master branch and plugin..."
"jenkinsci","jenkins",27016,"https://github.com/jenkinsci/jenkins/pull/27016","CLOSED","2026-07-01T00:06:31Z","","MarkEWaite","2026-07","Test PR 26976 - plugin..."
"jenkins-infra","stories",441,"https://github.com/jenkins-infra/stories/pull/441","MERGED","2026-07-31T19:08:08Z","2026-08-04T07:20:03Z","Vatsal-Verma","2026-07","GSoC 2026: Add case-studies..."
"jenkins-infra","jenkins.io",9311,"https://github.com/jenkins-infra/jenkins.io/pull/9311","CLOSED","2026-07-31T17:51:17Z","","pathum25","2026-07","Enhance searchbox..."
"jenkins-infra","azure",1515,"https://github.com/jenkins-infra/azure/pull/1515","CLOSED","2026-07-31T12:30:20Z","","dduportal","2026-07","Revert 'cleanup: stop..."
"jenkins-infra","stories",440,"https://github.com/jenkins-infra/stories/pull/440","MERGED","2026-07-31T12:09:24Z","2026-07-31T18:01:46Z","Vatsal-Verma","2026-07","GSoC 2026: /all page..."
"jenkins-infra","contributor-spotlight",654,"https://github.com/jenkins-infra/contributor-spotlight/pull/654","CLOSED","2026-07-31T11:16:32Z","","jayfranco999","2026-07","test netlify PAT renewal in..."
"jenkins-infra","jenkins-infra",4995,"https://github.com/jenkins-infra/jenkins-infra/pull/4995","MERGED","2026-07-31T09:08:31Z","2026-07-31T09:15:35Z","dduportal","2026-07","chore(updatecli/nodejs-consumers)..."
"jenkins-infra","jenkins-infra",4994,"https://github.com/jenkins-infra/jenkins-infra/pull/4994","MERGED","2026-07-31T08:11:42Z","2026-07-31T09:05:22Z","dduportal","2026-07","chore(updatecli/playwright-consumers)..."
"jenkins-infra","repository-permissions-updater",5185,"https://github.com/jenkins-infra/repository-permissions-updater/pull/5185","MERGED","2026-07-31T05:17:59Z","2026-07-31T08:10:02Z","asimell","2026-07","Update developers in..."
"jenkins-infra","packer-images",2945,"https://github.com/jenkins-infra/packer-images/pull/2945","MERGED","2026-07-30T08:22:27Z","2026-07-30T08:53:14Z","dduportal","2026-07","chore(windows) fix..."
"jenkins-infra","packer-images",2944,"https://github.com/jenkins-infra/packer-images/pull/2944","CLOSED","2026-07-30T08:14:34Z","","dduportal","2026-07","Revert 'fix(windows) use..."
"jenkins-infra","docker-rsyncd",81,"https://github.com/jenkins-infra/docker-rsyncd/pull/81","MERGED","2026-07-30T05:02:45Z","2026-07-31T08:58:26Z","jayfranco999","2026-07","chore(Jenkinsfile_updatecli):..."
"jenkins-infra","docker-packaging",277,"https://github.com/jenkins-infra/docker-packaging/pull/277","MERGED","2026-07-30T05:02:37Z","2026-07-31T08:58:22Z","jayfranco999","2026-07","chore(Jenkinsfile_updatecli):..."
"jenkins-infra","docker-openvpn",543,"https://github.com/jenkins-infra/docker-openvpn/pull/543","MERGED","2026-07-30T05:02:30Z","2026-07-31T08:58:19Z","jayfranco999","2026-07","chore(Jenkinsfile_updatecli):..."
"jenkins-infra","docker-mirrorbits",66,"https://github.com/jenkins-infra/docker-mirrorbits/pull/66","MERGED","2026-07-30T05:02:18Z","2026-07-31T08:58:15Z","jayfranco999","2026-07","chore(Jenkinsfile_updatecli):..."
"jenkins-infra","docker-matomo",27,"https://github.com/jenkins-infra/docker-matomo/pull/27","MERGED","2026-07-30T05:02:10Z","2026-07-31T08:58:12Z","jayfranco999","2026-07","chore(Jenkinsfile_updatecli):..."
"jenkins-infra","docker-ldap",83,"https://github.com/jenkins-infra/docker-ldap/pull/83","MERGED","2026-07-30T05:02:04Z","2026-07-31T08:58:07Z","jayfranco999","2026-07","chore(Jenkinsfile_updatecli):..."
"jenkins-infra","docker-keycloak-theme",20,"https://github.com/jenkins-infra/docker-keycloak-theme/pull/20","MERGED","2026-07-30T05:01:56Z","2026-07-31T08:58:04Z","jayfranco999","2026-07","chore(Jenkinsfile_updatecli):..."
"jenkins-infra","docker-jenkins-weeklyci",1933,"https://github.com/jenkins-infra/docker-jenkins-weeklyci/pull/1933","MERGED","2026-07-30T05:01:47Z","2026-07-31T08:58:00Z","jayfranco999","2026-07","chore(Jenkinsfile_updatecli):..."
"jenkins-infra","docker-jenkins-lts",1114,"https://github.com/jenkins-infra/docker-jenkins-lts/pull/1114","MERGED","2026-07-30T05:01:40Z","2026-07-31T08:57:56Z","jayfranco999","2026-07","chore(Jenkinsfile_updatecli):..."
"jenkins-infra","docker-jenkins-infraci",318,"https://github.com/jenkins-infra/docker-jenkins-infraci/pull/318","MERGED","2026-07-30T05:01:32Z","2026-07-31T08:57:52Z","jayfranco999","2026-07","chore(Jenkinsfile_updatecli):..."
"jenkins-infra","docker-geoipupdate",79,"https://github.com/jenkins-infra/docker-geoipupdate/pull/79","MERGED","2026-07-30T05:01:24Z","2026-07-31T08:57:47Z","jayfranco999","2026-07","chore(Jenkinsfile_updatecli):..."
"jenkins-infra","docker-confluence-data",104,"https://github.com/jenkins-infra/docker-confluence-data/pull/104","MERGED","2026-07-30T05:01:17Z","2026-07-31T08:57:43Z","jayfranco999","2026-07","chore(Jenkinsfile_updatecli):..."
"jenkins-infra","docker-404",80,"https://github.com/jenkins-infra/docker-404/pull/80","MERGED","2026-07-30T04:57:02Z","2026-07-30T06:14:52Z","jayfranco999","2026-07","chore(Jenkinsfile_updatecli):..."
"jenkins-infra","repository-permissions-updater",5184,"https://github.com/jenkins-infra/repository-permissions-updater/pull/5184","OPEN","2026-07-29T19:48:06Z","","aytuncbeken","2026-07","Enabling Github Release for..."
"jenkins-infra","packer-images",2942,"https://github.com/jenkins-infra/packer-images/pull/2942","MERGED","2026-07-29T19:10:17Z","2026-07-29T19:37:11Z","dduportal","2026-07","fix(windows) use NodeJS LTS..."
"jenkins-infra","release",942,"https://github.com/jenkins-infra/release/pull/942","MERGED","2026-07-29T17:12:00Z","2026-07-29T17:22:01Z","daniel-beck","2026-07","Prepare 2.576 security update"
"jenkins-infra","release",941,"https://github.com/jenkins-infra/release/pull/941","MERGED","2026-07-29T17:11:57Z","2026-07-29T17:21:34Z","daniel-beck","2026-07","Prepare 2.568.2 security..."
"jenkins-infra","update-center2",924,"https://github.com/jenkins-infra/update-center2/pull/924","OPEN","2026-07-29T13:42:48Z","","Taha-cmd","2026-07","Suspend signpath@5.0.0 due..."
"jenkins-infra","stories",438,"https://github.com/jenkins-infra/stories/pull/438","MERGED","2026-07-29T08:37:08Z","2026-07-30T00:47:32Z","Vatsal-Verma","2026-07","GSoC 2026: Add landing page..."
"jenkins-infra","plugin-modernizer-stats",77,"https://github.com/jenkins-infra/plugin-modernizer-stats/pull/77","MERGED","2026-07-28T14:41:38Z","2026-07-29T13:02:12Z","PratikMane0112","2026-07","Add Recipe Detail Page"
"jenkins-infra","jenkins.io",9310,"https://github.com/jenkins-infra/jenkins.io/pull/9310","MERGED","2026-07-28T14:30:49Z","2026-07-28T14:41:46Z","MarkEWaite","2026-07","Update 2.575 release date..."
"jenkins-infra",".github",56,"https://github.com/jenkins-infra/.github/pull/56","MERGED","2026-07-28T13:55:51Z","2026-07-28T14:16:48Z","dduportal","2026-07","fix(release-drafter) solve..."
"jenkins-infra","jenkins-infra",4987,"https://github.com/jenkins-infra/jenkins-infra/pull/4987","MERGED","2026-07-28T13:28:35Z","2026-07-28T13:43:23Z","dduportal","2026-07","feat(jenkinscontroller/jcasc/generic-tools)..."
"jenkins-infra","jenkins.io",9309,"https://github.com/jenkins-infra/jenkins.io/pull/9309","MERGED","2026-07-28T12:25:09Z","2026-07-28T12:43:48Z","MarkEWaite","2026-07","Replace 'humanreadable text'..."
"jenkins-infra","jenkins.io",9308,"https://github.com/jenkins-infra/jenkins.io/pull/9308","MERGED","2026-07-28T11:33:24Z","2026-07-28T12:30:51Z","sabased","2026-07","Add Cloudzy deployment option"
"jenkins-infra","jenkins-infra",4985,"https://github.com/jenkins-infra/jenkins-infra/pull/4985","MERGED","2026-07-28T10:54:12Z","2026-07-28T14:34:18Z","daniel-beck","2026-07","Add Groovy 5.0.7 to generic..."
"jenkins-infra","release",939,"https://github.com/jenkins-infra/release/pull/939","MERGED","2026-07-28T08:16:43Z","2026-07-28T11:19:09Z","daniel-beck","2026-07","Disable weekly build..."
"jenkins-infra","docker-keycloak-theme",18,"https://github.com/jenkins-infra/docker-keycloak-theme/pull/18","MERGED","2026-07-28T05:26:56Z","2026-07-28T11:30:36Z","jayfranco999","2026-07","chore(Jenkinsfile_updatecli):..."
"jenkins-infra","docker-matomo",25,"https://github.com/jenkins-infra/docker-matomo/pull/25","MERGED","2026-07-28T05:26:53Z","2026-07-28T11:45:24Z","jayfranco999","2026-07","chore(Jenkinsfile_updatecli):..."
"jenkins-infra","docker-keycloak-theme",17,"https://github.com/jenkins-infra/docker-keycloak-theme/pull/17","CLOSED","2026-07-28T04:59:27Z","","jayfranco999","2026-07","chore(Jenkinsfile_updatecli):..."
"jenkins-infra","docker-rsyncd",79,"https://github.com/jenkins-infra/docker-rsyncd/pull/79","MERGED","2026-07-28T04:59:16Z","2026-07-28T11:30:47Z","jayfranco999","2026-07","chore(Jenkinsfile_updatecli):..."
"jenkins-infra","docker-packaging",274,"https://github.com/jenkins-infra/docker-packaging/pull/274","MERGED","2026-07-28T04:59:10Z","2026-07-28T11:44:08Z","jayfranco999","2026-07","chore(Jenkinsfile_updatecli):..."
"jenkins-infra","docker-openvpn",542,"https://github.com/jenkins-infra/docker-openvpn/pull/542","MERGED","2026-07-28T04:59:03Z","2026-07-28T11:44:48Z","jayfranco999","2026-07","chore(Jenkinsfile_updatecli):..."
"jenkins-infra","docker-mirrorbits",64,"https://github.com/jenkins-infra/docker-mirrorbits/pull/64","MERGED","2026-07-28T04:58:57Z","2026-07-28T11:31:00Z","jayfranco999","2026-07","chore(Jenkinsfile_updatecli):..."
"jenkins-infra","docker-matomo",24,"https://github.com/jenkins-infra/docker-matomo/pull/24","CLOSED","2026-07-28T04:58:51Z","","jayfranco999","2026-07","chore(Jenkinsfile_updatecli):..."
"jenkins-infra","docker-ldap",81,"https://github.com/jenkins-infra/docker-ldap/pull/81","MERGED","2026-07-28T04:58:45Z","2026-07-28T11:31:16Z","jayfranco999","2026-07","chore(Jenkinsfile_updatecli):..."
"jenkins-infra","docker-jenkins-weeklyci",1930,"https://github.com/jenkins-infra/docker-jenkins-weeklyci/pull/1930","MERGED","2026-07-28T04:58:30Z","2026-07-28T11:31:19Z","jayfranco999","2026-07","chore(Jenkinsfile_updatecli):..."
"jenkins-infra","docker-jenkins-lts",1111,"https://github.com/jenkins-infra/docker-jenkins-lts/pull/1111","MERGED","2026-07-28T04:58:24Z","2026-07-28T11:47:55Z","jayfranco999","2026-07","chore(Jenkinsfile_updatecli):..."
"jenkins-infra","docker-jenkins-infraci",314,"https://github.com/jenkins-infra/docker-jenkins-infraci/pull/314","MERGED","2026-07-28T04:58:18Z","2026-07-28T09:44:42Z","jayfranco999","2026-07","chore(Jenkinsfile_updatecli):..."
"jenkins-infra","docker-infratools",1,"https://github.com/jenkins-infra/docker-infratools/pull/1","CLOSED","2026-07-28T04:58:11Z","","jayfranco999","2026-07","chore(Jenkinsfile_updatecli):..."
"jenkins-infra","docker-geoipupdate",77,"https://github.com/jenkins-infra/docker-geoipupdate/pull/77","MERGED","2026-07-28T04:58:05Z","2026-07-28T12:10:27Z","jayfranco999","2026-07","chore(Jenkinsfile_updatecli):..."
"jenkins-infra","docker-confluence-data",103,"https://github.com/jenkins-infra/docker-confluence-data/pull/103","MERGED","2026-07-28T04:57:59Z","2026-07-28T12:10:15Z","jayfranco999","2026-07","chore(Jenkinsfile_updatecli):..."
"jenkins-infra","docker-404",79,"https://github.com/jenkins-infra/docker-404/pull/79","MERGED","2026-07-28T04:56:50Z","2026-07-28T12:10:12Z","jayfranco999","2026-07","chore(Jenkinsfile_updatecli):..."
"jenkins-infra","azure-net",554,"https://github.com/jenkins-infra/azure-net/pull/554","MERGED","2026-07-28T04:54:03Z","2026-07-28T08:02:25Z","jayfranco999","2026-07","chore(Jenkinsfile_updatecli):..."
"jenkins-infra","fastly",154,"https://github.com/jenkins-infra/fastly/pull/154","MERGED","2026-07-28T04:47:08Z","2026-07-28T10:07:25Z","jayfranco999","2026-07","chore(Jenkinsfile_updatecli):..."
"jenkins-infra","digitalocean",298,"https://github.com/jenkins-infra/digitalocean/pull/298","MERGED","2026-07-28T04:47:03Z","2026-07-28T10:06:44Z","jayfranco999","2026-07","chore(Jenkinsfile_updatecli):..."
"jenkins-infra","cloudflare",90,"https://github.com/jenkins-infra/cloudflare/pull/90","MERGED","2026-07-28T04:46:58Z","2026-07-28T09:45:25Z","jayfranco999","2026-07","chore(Jenkinsfile_updatecli):..."
"jenkins-infra","azure",1513,"https://github.com/jenkins-infra/azure/pull/1513","MERGED","2026-07-28T04:31:43Z","2026-07-28T07:59:21Z","jayfranco999","2026-07","chore(Jenkinsfile_updatecli):..."
"jenkins-infra",".github",55,"https://github.com/jenkins-infra/.github/pull/55","MERGED","2026-07-27T16:59:47Z","2026-07-27T17:03:03Z","dduportal","2026-07","fix(release-drafter) solve..."
"jenkins-infra",".github",54,"https://github.com/jenkins-infra/.github/pull/54","MERGED","2026-07-27T16:51:26Z","2026-07-27T16:53:15Z","dduportal","2026-07","fix(release-drafter) update..."
"jenkins-infra","kubernetes-management",7955,"https://github.com/jenkins-infra/kubernetes-management/pull/7955","MERGED","2026-07-27T16:45:39Z","2026-07-27T16:48:35Z","dduportal","2026-07","feat(publick8s/datadog/checks)..."
"jenkins-infra","azure",1512,"https://github.com/jenkins-infra/azure/pull/1512","MERGED","2026-07-27T16:18:27Z","2026-07-27T16:20:05Z","dduportal","2026-07","feat(build.reports) allow..."
"jenkins-infra","azure-net",553,"https://github.com/jenkins-infra/azure-net/pull/553","MERGED","2026-07-27T16:07:53Z","2026-07-27T16:09:55Z","dduportal","2026-07","fix(vnets) ensure cert.ci..."
"jenkins-infra","azure-net",552,"https://github.com/jenkins-infra/azure-net/pull/552","MERGED","2026-07-27T16:02:32Z","2026-07-27T16:04:33Z","dduportal","2026-07","fix(vnets) add missing global..."
"jenkins-infra","repository-permissions-updater",5179,"https://github.com/jenkins-infra/repository-permissions-updater/pull/5179","MERGED","2026-07-27T07:35:45Z","2026-07-27T11:21:02Z","gbhat618","2026-07","Remove CloudBees as security..."
"jenkins-infra","repository-permissions-updater",5175,"https://github.com/jenkins-infra/repository-permissions-updater/pull/5175","OPEN","2026-07-26T16:21:31Z","","timja","2026-07","Adopt..."
"jenkins-infra","jenkins.io",9306,"https://github.com/jenkins-infra/jenkins.io/pull/9306","OPEN","2026-07-26T10:22:42Z","","vihaan-vijay","2026-07","docs: Improve IDE..."
"jenkins-infra","jenkins.io",9305,"https://github.com/jenkins-infra/jenkins.io/pull/9305","OPEN","2026-07-26T10:12:00Z","","vihaan-vijay","2026-07","Integrate internal..."
"jenkins-infra","jenkins.io",9304,"https://github.com/jenkins-infra/jenkins.io/pull/9304","OPEN","2026-07-26T09:58:35Z","","vihaan-vijay","2026-07","docs: clean up Managing..."
"jenkins-infra","plugin-modernizer-stats",74,"https://github.com/jenkins-infra/plugin-modernizer-stats/pull/74","MERGED","2026-07-26T09:56:45Z","2026-07-26T14:53:56Z","PratikMane0112","2026-07","Add Recipe Detail Page..."
"jenkins-infra","update-center2",923,"https://github.com/jenkins-infra/update-center2/pull/923","MERGED","2026-07-25T07:33:02Z","2026-07-25T10:45:38Z","zbynek","2026-07","Suspend distribution of..."
"jenkins-infra","repository-permissions-updater",5173,"https://github.com/jenkins-infra/repository-permissions-updater/pull/5173","MERGED","2026-07-24T21:33:18Z","2026-07-24T21:36:26Z","timja","2026-07","Enable CD on docker-slaves"
"jenkins-infra","plugin-site",2592,"https://github.com/jenkins-infra/plugin-site/pull/2592","MERGED","2026-07-24T20:04:01Z","2026-07-24T20:29:39Z","zbynek","2026-07","Update remark and other..."
"jenkins-infra","plugin-site",2591,"https://github.com/jenkins-infra/plugin-site/pull/2591","MERGED","2026-07-24T19:16:59Z","2026-07-24T19:41:29Z","zbynek","2026-07","Update more dependencies"
"jenkins-infra","plugin-site",2590,"https://github.com/jenkins-infra/plugin-site/pull/2590","MERGED","2026-07-24T17:58:21Z","2026-07-24T18:32:15Z","zbynek","2026-07","Update Babel"
"jenkins-infra","jenkins-io-components",231,"https://github.com/jenkins-infra/jenkins-io-components/pull/231","MERGED","2026-07-24T17:29:21Z","2026-07-24T18:13:42Z","dduportal","2026-07","chore(Jenkinsfile): build on..."
"jenkins-infra","jenkins-infra",4979,"https://github.com/jenkins-infra/jenkins-infra/pull/4979","MERGED","2026-07-24T14:14:52Z","2026-07-24T14:21:22Z","dduportal","2026-07","cleanup(jenkinscontroller)..."
"jenkins-infra","terraform-aws-sponsorship",574,"https://github.com/jenkins-infra/terraform-aws-sponsorship/pull/574","MERGED","2026-07-24T13:34:13Z","2026-07-24T13:44:39Z","dduportal","2026-07","chore(Jenkinsfile_updatecli)..."
"jenkins-infra","terraform-aws-sponsorship",565,"https://github.com/jenkins-infra/terraform-aws-sponsorship/pull/565","OPEN","2026-07-24T07:34:57Z","","jayfranco999","2026-07","chore(updatecli) track..."
"jenkins-infra","terraform-aws-sponsorship",564,"https://github.com/jenkins-infra/terraform-aws-sponsorship/pull/564","OPEN","2026-07-24T07:10:35Z","","jayfranco999","2026-07","chore(updatecli) track..."
"jenkins-infra","repository-permissions-updater",5171,"https://github.com/jenkins-infra/repository-permissions-updater/pull/5171","MERGED","2026-07-23T21:09:08Z","2026-07-23T21:14:14Z","timja","2026-07","Enable automated release..."
"jenkins-infra","plugin-site",2589,"https://github.com/jenkins-infra/plugin-site/pull/2589","MERGED","2026-07-23T21:05:52Z","2026-07-24T00:13:05Z","zbynek","2026-07","Update minor dependency..."
"jenkins-infra","packer-images",2927,"https://github.com/jenkins-infra/packer-images/pull/2927","MERGED","2026-07-23T14:14:07Z","2026-07-23T15:00:25Z","dduportal","2026-07","chore(windows) change the..."
"jenkins-infra","repository-permissions-updater",5170,"https://github.com/jenkins-infra/repository-permissions-updater/pull/5170","MERGED","2026-07-23T13:37:21Z","2026-07-23T21:19:07Z","simonhbor","2026-07","Enable CD for..."
"jenkins-infra","packer-images",2923,"https://github.com/jenkins-infra/packer-images/pull/2923","MERGED","2026-07-22T17:50:46Z","2026-07-23T06:30:30Z","dduportal","2026-07","fix(windows) ensure..."
"jenkins-infra","release",938,"https://github.com/jenkins-infra/release/pull/938","MERGED","2026-07-22T16:25:51Z","2026-07-22T16:27:00Z","shalinisudarsan","2026-07","Update Jenkins Version -..."
"jenkins-infra","status",729,"https://github.com/jenkins-infra/status/pull/729","MERGED","2026-07-22T14:57:17Z","2026-07-22T14:58:09Z","MarkEWaite","2026-07","Resolve the Artifactory..."
"jenkins-infra","kubernetes-management",7950,"https://github.com/jenkins-infra/kubernetes-management/pull/7950","MERGED","2026-07-22T13:02:38Z","2026-07-22T13:10:46Z","dduportal","2026-07","feat(publick8s/datadog/checksd/buildStaleness)..."
"jenkins-infra","jenkins.io",9300,"https://github.com/jenkins-infra/jenkins.io/pull/9300","OPEN","2026-07-22T03:33:22Z","","dhruvpatil972","2026-07","Fix Nginx keepalive..."
"jenkins-infra","plugin-site",2579,"https://github.com/jenkins-infra/plugin-site/pull/2579","CLOSED","2026-07-21T18:51:21Z","","anupamme","2026-07","fix: upgrade glob to 11.1.0,..."
"jenkins-infra","plugin-site",2578,"https://github.com/jenkins-infra/plugin-site/pull/2578","MERGED","2026-07-21T17:35:46Z","2026-07-21T18:00:48Z","dduportal","2026-07","chore(pipeline) retry PR..."
"jenkins-infra","update-center2",922,"https://github.com/jenkins-infra/update-center2/pull/922","OPEN","2026-07-21T17:27:26Z","","dduportal","2026-07","add 2026 CA certificate"
"jenkins-infra","plugin-modernizer-stats",68,"https://github.com/jenkins-infra/plugin-modernizer-stats/pull/68","MERGED","2026-07-21T17:01:47Z","2026-07-24T04:07:26Z","PratikMane0112","2026-07","Add Recipe List Page"
"jenkins-infra","repository-permissions-updater",5169,"https://github.com/jenkins-infra/repository-permissions-updater/pull/5169","OPEN","2026-07-21T15:33:47Z","","MarkRx","2026-07","Add MarkRx to Jenkins..."
"jenkins-infra","jenkins.io",9299,"https://github.com/jenkins-infra/jenkins.io/pull/9299","MERGED","2026-07-21T15:32:32Z","2026-07-22T14:22:35Z","Aarav-Singh2007","2026-07","Page recognizing past..."
"jenkins-infra","packer-images",2922,"https://github.com/jenkins-infra/packer-images/pull/2922","MERGED","2026-07-21T13:44:23Z","2026-07-21T16:05:29Z","dduportal","2026-07","chore(pipeline) implement..."
"jenkins-infra","jenkins.io",9298,"https://github.com/jenkins-infra/jenkins.io/pull/9298","MERGED","2026-07-21T10:41:08Z","2026-07-21T10:57:45Z","MarkEWaite","2026-07","Add banner and other..."
"jenkins-infra","repository-permissions-updater",5168,"https://github.com/jenkins-infra/repository-permissions-updater/pull/5168","MERGED","2026-07-21T10:36:11Z","2026-07-21T10:46:45Z","daniel-beck","2026-07","Remove IRC bot mention, long..."
"jenkins-infra","repository-permissions-updater",5167,"https://github.com/jenkins-infra/repository-permissions-updater/pull/5167","MERGED","2026-07-21T10:23:01Z","2026-07-21T13:01:24Z","jtnord","2026-07","enable  'cd' for..."
"jenkins-infra","jenkins-io-components",225,"https://github.com/jenkins-infra/jenkins-io-components/pull/225","MERGED","2026-07-21T06:58:58Z","2026-07-24T04:10:51Z","Vatsal-Verma","2026-07","docs: document ionicons cdn..."
"jenkins-infra","jenkins-io-components",224,"https://github.com/jenkins-infra/jenkins-io-components/pull/224","MERGED","2026-07-21T06:46:03Z","2026-07-24T11:49:14Z","Vatsal-Verma","2026-07","fix: update..."
"jenkins-infra","stories",437,"https://github.com/jenkins-infra/stories/pull/437","MERGED","2026-07-21T06:25:35Z","2026-08-01T00:33:40Z","Vatsal-Verma","2026-07","GSoC 2026: replace deprecated..."
"jenkins-infra","update-center2",921,"https://github.com/jenkins-infra/update-center2/pull/921","MERGED","2026-07-21T05:23:56Z","2026-07-21T08:08:19Z","dharminsolanki","2026-07","Need to Blacklist Unwanted..."
"jenkins-infra","plugin-modernizer-stats",66,"https://github.com/jenkins-infra/plugin-modernizer-stats/pull/66","MERGED","2026-07-21T04:53:41Z","2026-07-21T04:58:45Z","jonesbusy","2026-07","Add missing CODEOWNERS"
"jenkins-infra","helm-charts",2002,"https://github.com/jenkins-infra/helm-charts/pull/2002","MERGED","2026-07-20T17:41:14Z","2026-07-20T17:43:42Z","dduportal","2026-07","chore(GHA/test) disable..."
"jenkins-infra","jenkins.io",9296,"https://github.com/jenkins-infra/jenkins.io/pull/9296","MERGED","2026-07-20T15:38:22Z","2026-07-20T16:27:58Z","krisstern","2026-07","docs: add lts 2.568.2..."
"jenkins-infra","stories",436,"https://github.com/jenkins-infra/stories/pull/436","MERGED","2026-07-20T11:53:48Z","2026-07-29T13:23:31Z","Vatsal-Verma","2026-07","GSoC 2026: Add search bar..."
"jenkins-infra","jenkins.io",9295,"https://github.com/jenkins-infra/jenkins.io/pull/9295","MERGED","2026-07-20T11:44:39Z","2026-07-21T10:58:13Z","Aarav-Singh2007","2026-07","Fixes Avatar alignment issue..."
"jenkins-infra","packer-images",2917,"https://github.com/jenkins-infra/packer-images/pull/2917","CLOSED","2026-07-20T11:17:28Z","","dduportal","2026-07","wip"
"jenkins-infra","packer-images",2916,"https://github.com/jenkins-infra/packer-images/pull/2916","MERGED","2026-07-20T10:39:36Z","2026-07-20T11:13:15Z","dduportal","2026-07","fix(ubuntu) symlink..."
"jenkins-infra","stories",435,"https://github.com/jenkins-infra/stories/pull/435","MERGED","2026-07-20T10:29:16Z","2026-07-31T17:36:28Z","Vatsal-Verma","2026-07","GSoC 2026: Add supporting..."
"jenkins-infra","stories",434,"https://github.com/jenkins-infra/stories/pull/434","MERGED","2026-07-20T07:33:36Z","2026-07-31T17:37:18Z","Vatsal-Verma","2026-07","GSoC 2026: Add github action..."
"jenkins-infra","packer-images",2914,"https://github.com/jenkins-infra/packer-images/pull/2914","MERGED","2026-07-19T19:00:32Z","2026-07-20T08:22:21Z","dduportal","2026-07","chore(windows) only run..."
"jenkins-infra","plugin-modernizer-stats",62,"https://github.com/jenkins-infra/plugin-modernizer-stats/pull/62","MERGED","2026-07-19T16:41:45Z","2026-07-21T04:56:40Z","PratikMane0112","2026-07","Add Recipe List Sub..."
"jenkins-infra","repository-permissions-updater",5165,"https://github.com/jenkins-infra/repository-permissions-updater/pull/5165","MERGED","2026-07-18T14:38:05Z","2026-07-18T18:28:46Z","mawinter69","2026-07","extend and improve checks"
"jenkins-infra","jenkins.io",9291,"https://github.com/jenkins-infra/jenkins.io/pull/9291","MERGED","2026-07-18T14:13:50Z","2026-07-21T10:58:48Z","StefanSpieker","2026-07","Added blogpost about security..."
"jenkins-infra","repository-permissions-updater",5164,"https://github.com/jenkins-infra/repository-permissions-updater/pull/5164","MERGED","2026-07-18T13:53:29Z","2026-07-18T14:26:25Z","mawinter69","2026-07","add test that validates the..."
"jenkins-infra","repository-permissions-updater",5163,"https://github.com/jenkins-infra/repository-permissions-updater/pull/5163","MERGED","2026-07-18T12:55:00Z","2026-07-18T13:00:20Z","mawinter69","2026-07","fix version"
"jenkins-infra","repository-permissions-updater",5162,"https://github.com/jenkins-infra/repository-permissions-updater/pull/5162","MERGED","2026-07-18T12:07:01Z","2026-07-18T12:40:25Z","mawinter69","2026-07","increase minimum Jenkins to..."
"jenkins-infra","helm-charts",1997,"https://github.com/jenkins-infra/helm-charts/pull/1997","MERGED","2026-07-17T19:43:46Z","2026-07-17T19:44:29Z","dduportal","2026-07","fix(accountapp) ensure a..."
"jenkins-infra","account-app",522,"https://github.com/jenkins-infra/account-app/pull/522","CLOSED","2026-07-17T19:10:21Z","","dduportal","2026-07","fix(Application) add missing..."
"jenkins-infra","datadog",376,"https://github.com/jenkins-infra/datadog/pull/376","MERGED","2026-07-17T16:34:51Z","2026-07-17T16:35:23Z","dduportal","2026-07","cleanup:..."
"jenkins-infra","account-app",521,"https://github.com/jenkins-infra/account-app/pull/521","MERGED","2026-07-17T15:42:35Z","2026-07-17T17:45:03Z","dduportal","2026-07","chore(Jenkinsfile) ensure we..."
"jenkins-infra","repository-permissions-updater",5161,"https://github.com/jenkins-infra/repository-permissions-updater/pull/5161","MERGED","2026-07-17T11:54:53Z","2026-07-17T14:13:03Z","cx-umesh-waghode","2026-07","Update maintainers list"
"jenkins-infra","repository-permissions-updater",5160,"https://github.com/jenkins-infra/repository-permissions-updater/pull/5160","MERGED","2026-07-17T06:33:24Z","2026-07-17T08:35:46Z","dduportal","2026-07","chore(Jenkinsfile) run every..."
"jenkins-infra","azure-net",550,"https://github.com/jenkins-infra/azure-net/pull/550","MERGED","2026-07-17T06:21:49Z","2026-07-17T06:31:38Z","dduportal","2026-07","feat(dns-records) change..."
"jenkins-infra","pipeline-library",1034,"https://github.com/jenkins-infra/pipeline-library/pull/1034","OPEN","2026-07-16T23:31:37Z","","lemeurherve","2026-07","feat(infra.groovy): add..."
"jenkins-infra","stories",433,"https://github.com/jenkins-infra/stories/pull/433","MERGED","2026-07-16T21:06:16Z","2026-07-17T05:43:25Z","dduportal","2026-07","chore(deps) support NPM..."
"jenkins-infra","jenkins-infra",4967,"https://github.com/jenkins-infra/jenkins-infra/pull/4967","MERGED","2026-07-16T20:43:13Z","2026-07-16T20:43:22Z","dduportal","2026-07","Revert 'Bump docker-ce..."
"jenkins-infra","contributor-spotlight",637,"https://github.com/jenkins-infra/contributor-spotlight/pull/637","MERGED","2026-07-16T18:30:36Z","2026-07-17T05:43:16Z","dduportal","2026-07","chore(deps) support NPM..."
"jenkins-infra","jenkins.io",9288,"https://github.com/jenkins-infra/jenkins.io/pull/9288","MERGED","2026-07-16T15:47:02Z","2026-07-17T09:34:19Z","StefanSpieker","2026-07","Added missing tags to be able..."
"jenkins-infra","jenkins.io",9287,"https://github.com/jenkins-infra/jenkins.io/pull/9287","MERGED","2026-07-16T15:30:04Z","2026-07-17T16:15:54Z","StefanSpieker","2026-07","Plugin of the month of July -..."
"jenkins-infra","plugin-modernizer-stats",61,"https://github.com/jenkins-infra/plugin-modernizer-stats/pull/61","MERGED","2026-07-16T15:21:18Z","2026-07-18T11:16:29Z","PratikMane0112","2026-07","Add shared recipe utilities..."
"jenkins-infra","update-center2",920,"https://github.com/jenkins-infra/update-center2/pull/920","MERGED","2026-07-16T14:03:38Z","2026-07-16T17:44:23Z","daniel-beck","2026-07","Specify first version of..."
"jenkins-infra","plugin-site",2571,"https://github.com/jenkins-infra/plugin-site/pull/2571","MERGED","2026-07-16T14:01:05Z","2026-07-16T20:13:02Z","daniel-beck","2026-07","Add support for a single..."
"jenkins-infra","stories",432,"https://github.com/jenkins-infra/stories/pull/432","MERGED","2026-07-16T11:58:31Z","2026-07-21T12:21:23Z","Vatsal-Verma","2026-07","GSoC 2026: Add Meta tags for..."
"jenkins-infra","repository-permissions-updater",5159,"https://github.com/jenkins-infra/repository-permissions-updater/pull/5159","MERGED","2026-07-16T09:54:23Z","2026-07-17T09:37:12Z","jochen-testingbot","2026-07","Enable CD for testingbot..."
"jenkins-infra","repository-permissions-updater",5158,"https://github.com/jenkins-infra/repository-permissions-updater/pull/5158","OPEN","2026-07-15T16:43:45Z","","nbuckwalt","2026-07","Grant nbuckwalt and..."
"jenkins-infra","repository-permissions-updater",5157,"https://github.com/jenkins-infra/repository-permissions-updater/pull/5157","MERGED","2026-07-15T16:23:19Z","2026-07-30T07:47:46Z","tzachs","2026-07","Migrate bitbucket plugin..."
"jenkins-infra","kubernetes-management",7918,"https://github.com/jenkins-infra/kubernetes-management/pull/7918","OPEN","2026-07-15T12:18:48Z","","jayfranco999","2026-07","chore(helmfile): rename..."
"jenkins-infra","account-app",520,"https://github.com/jenkins-infra/account-app/pull/520","MERGED","2026-07-15T11:10:52Z","2026-07-15T21:28:11Z","daniel-beck","2026-07","Send email with reset token"
"jenkins-infra","stories",430,"https://github.com/jenkins-infra/stories/pull/430","MERGED","2026-07-15T10:57:30Z","2026-07-21T12:18:15Z","Vatsal-Verma","2026-07","GSoC 2026 (workflow): Add..."
"jenkins-infra","repository-permissions-updater",5155,"https://github.com/jenkins-infra/repository-permissions-updater/pull/5155","MERGED","2026-07-15T02:36:08Z","2026-07-15T06:25:00Z","zerlinpi","2026-07","Enable CD for..."
"jenkins-infra","repository-permissions-updater",5154,"https://github.com/jenkins-infra/repository-permissions-updater/pull/5154","MERGED","2026-07-15T01:06:02Z","2026-07-15T06:26:11Z","longhn0710","2026-07","Enable CD in..."
"jenkins-infra","stories",427,"https://github.com/jenkins-infra/stories/pull/427","MERGED","2026-07-14T20:05:37Z","2026-07-14T20:18:05Z","Vatsal-Verma","2026-07","feat: sync JenkinsFile with..."
"jenkins-infra","repository-permissions-updater",5152,"https://github.com/jenkins-infra/repository-permissions-updater/pull/5152","CLOSED","2026-07-14T15:38:59Z","","dharminsolanki","2026-07","Update developers list in..."
"jenkins-infra","account-app",519,"https://github.com/jenkins-infra/account-app/pull/519","MERGED","2026-07-14T14:50:37Z","2026-07-14T21:07:35Z","lemeurherve","2026-07","fix(tests): wait to avoid..."
"jenkins-infra","account-app",518,"https://github.com/jenkins-infra/account-app/pull/518","CLOSED","2026-07-14T14:48:14Z","","lemeurherve","2026-07","Fix tests"
"jenkins-infra","repository-permissions-updater",5151,"https://github.com/jenkins-infra/repository-permissions-updater/pull/5151","MERGED","2026-07-14T12:34:58Z","2026-07-14T21:20:53Z","ogulcanaydogan","2026-07","Add ogulcan as ssh-agent..."
"jenkins-infra","jenkins.io",9283,"https://github.com/jenkins-infra/jenkins.io/pull/9283","MERGED","2026-07-14T08:27:42Z","2026-07-16T21:49:49Z","daniel-beck","2026-07","Specify maven-release-plugin..."
"jenkins-infra","repository-permissions-updater",5149,"https://github.com/jenkins-infra/repository-permissions-updater/pull/5149","MERGED","2026-07-13T15:39:09Z","2026-07-14T21:17:17Z","zerlinpi","2026-07","Add zerlinpi as..."
"jenkins-infra","plugin-modernizer-stats",55,"https://github.com/jenkins-infra/plugin-modernizer-stats/pull/55","MERGED","2026-07-13T14:20:40Z","2026-07-15T13:29:23Z","PratikMane0112","2026-07","Add plugin detail page"
"jenkins-infra","packer-images",2892,"https://github.com/jenkins-infra/packer-images/pull/2892","MERGED","2026-07-13T13:42:06Z","2026-07-14T08:16:18Z","jayfranco999","2026-07","chore(ubuntu): Bump helm to..."
"jenkins-infra","account-app",517,"https://github.com/jenkins-infra/account-app/pull/517","MERGED","2026-07-13T12:18:43Z","2026-07-14T14:47:30Z","lemeurherve","2026-07","hotfix: set chromium location"
"jenkins-infra","account-app",516,"https://github.com/jenkins-infra/account-app/pull/516","MERGED","2026-07-13T11:45:51Z","2026-07-15T06:17:24Z","daniel-beck","2026-07","Fix CSRF vulnerabilities"
"jenkins-infra","jenkins.io",9280,"https://github.com/jenkins-infra/jenkins.io/pull/9280","MERGED","2026-07-13T11:11:59Z","2026-07-13T15:07:58Z","MarkEWaite","2026-07","Update URL to API token..."
"jenkins-infra","jenkins.io",9279,"https://github.com/jenkins-infra/jenkins.io/pull/9279","MERGED","2026-07-12T01:20:09Z","2026-07-19T01:24:06Z","RScrafted","2026-07","Improve Docker Compose..."
"jenkins-infra","repository-permissions-updater",5148,"https://github.com/jenkins-infra/repository-permissions-updater/pull/5148","MERGED","2026-07-11T15:56:54Z","2026-07-23T21:18:09Z","panicking","2026-07","Request co-maintenance of..."
"jenkins-infra","plugin-modernizer-stats",54,"https://github.com/jenkins-infra/plugin-modernizer-stats/pull/54","MERGED","2026-07-11T12:09:41Z","2026-07-13T04:37:30Z","PratikMane0112","2026-07","Add plugin detail page (part..."
"jenkins-infra","jenkins.io",9274,"https://github.com/jenkins-infra/jenkins.io/pull/9274","MERGED","2026-07-09T19:03:58Z","2026-07-10T15:03:29Z","Vatsal-Verma","2026-07","Add midterm GSoC blog post..."
"jenkins-infra","jenkins.io",9269,"https://github.com/jenkins-infra/jenkins.io/pull/9269","MERGED","2026-07-09T18:02:41Z","2026-07-09T18:02:58Z","MarkEWaite","2026-07","Remove incorrect comment in..."
"jenkins-infra","jenkins.io",9268,"https://github.com/jenkins-infra/jenkins.io/pull/9268","MERGED","2026-07-09T17:53:20Z","2026-07-10T14:46:14Z","arjun-713","2026-07","Add midterm blog post for..."
"jenkins-infra","release",934,"https://github.com/jenkins-infra/release/pull/934","MERGED","2026-07-09T16:01:55Z","2026-07-10T01:07:24Z","lemeurherve","2026-07","Add infra-agents-health check..."
"jenkins-infra","repository-permissions-updater",5147,"https://github.com/jenkins-infra/repository-permissions-updater/pull/5147","MERGED","2026-07-09T15:22:16Z","2026-07-10T06:44:07Z","MarkEWaite","2026-07","Migrate docker-plugin plugin..."
"jenkins-infra","jenkins.io",9267,"https://github.com/jenkins-infra/jenkins.io/pull/9267","MERGED","2026-07-09T12:25:50Z","2026-07-10T15:02:47Z","thatsdc","2026-07","Add midterm GSoC blog post"
"jenkins-infra","jenkins.io",9266,"https://github.com/jenkins-infra/jenkins.io/pull/9266","MERGED","2026-07-09T06:17:01Z","2026-07-10T14:43:23Z","Faheem12005","2026-07","Add GSoC 2026 midterm update..."
"jenkins-infra","jenkins.io",9265,"https://github.com/jenkins-infra/jenkins.io/pull/9265","MERGED","2026-07-09T04:33:23Z","2026-07-10T14:35:46Z","PratikMane0112","2026-07","Add GSoC 2026 Mid Term Blog"
"jenkins-infra","repository-permissions-updater",5146,"https://github.com/jenkins-infra/repository-permissions-updater/pull/5146","MERGED","2026-07-08T10:08:39Z","2026-07-30T08:10:27Z","Kanaduchi","2026-07","Adopt matrix-project-plugin"
"jenkins-infra","status",728,"https://github.com/jenkins-infra/status/pull/728","MERGED","2026-07-08T09:19:11Z","2026-07-08T09:20:26Z","lemeurherve","2026-07","Open..."
"jenkins-infra","release",933,"https://github.com/jenkins-infra/release/pull/933","MERGED","2026-07-07T15:41:29Z","2026-07-07T19:33:20Z","lemeurherve","2026-07","cleanup: remove deprecated..."
"jenkins-infra","stories",426,"https://github.com/jenkins-infra/stories/pull/426","MERGED","2026-07-07T11:25:35Z","2026-07-21T12:21:00Z","Vatsal-Verma","2026-07","GSoC 2026: Add sitemap"
"jenkins-infra","repository-permissions-updater",5145,"https://github.com/jenkins-infra/repository-permissions-updater/pull/5145","MERGED","2026-07-07T11:02:59Z","2026-07-07T13:54:35Z","Pitxyoki","2026-07","Add Pitxyoki as a developer..."
"jenkins-infra","repository-permissions-updater",5144,"https://github.com/jenkins-infra/repository-permissions-updater/pull/5144","MERGED","2026-07-07T10:44:24Z","2026-07-08T08:00:36Z","ac-deepanshurawat","2026-07","chore: adding more developers..."
"jenkins-infra","jenkins.io",9264,"https://github.com/jenkins-infra/jenkins.io/pull/9264","MERGED","2026-07-07T10:05:47Z","2026-07-07T10:11:51Z","MarkEWaite","2026-07","Convert changelog message..."
"jenkins-infra","pipeline-library",1033,"https://github.com/jenkins-infra/pipeline-library/pull/1033","MERGED","2026-07-07T08:17:51Z","2026-07-07T08:36:35Z","dduportal","2026-07","fix(infra) do not fail..."
"jenkins-infra","jenkins-infra",4956,"https://github.com/jenkins-infra/jenkins-infra/pull/4956","MERGED","2026-07-07T08:10:57Z","2026-07-07T08:11:16Z","dduportal","2026-07","chore(jenkinscontroller)..."
"jenkins-infra","terraform-aws-sponsorship",563,"https://github.com/jenkins-infra/terraform-aws-sponsorship/pull/563","MERGED","2026-07-07T07:43:36Z","2026-07-07T07:49:06Z","dduportal","2026-07","fix(ci.jenkins.io/ec2_agents)..."
"jenkins-infra","jenkins.io",9262,"https://github.com/jenkins-infra/jenkins.io/pull/9262","MERGED","2026-07-07T02:52:42Z","2026-07-07T04:14:58Z","MarkEWaite","2026-07","Add Windows Server 2025..."
"jenkins-infra","pipeline-metadata-utils",512,"https://github.com/jenkins-infra/pipeline-metadata-utils/pull/512","MERGED","2026-07-06T22:21:41Z","2026-07-06T22:23:38Z","MarkEWaite","2026-07","Use container agent for..."
"jenkins-infra","jenkins.io",9260,"https://github.com/jenkins-infra/jenkins.io/pull/9260","MERGED","2026-07-06T18:11:28Z","2026-07-07T11:54:01Z","Aarav-Singh2007","2026-07","Fix agent JVM version..."
"jenkins-infra","plugin-health-scoring",887,"https://github.com/jenkins-infra/plugin-health-scoring/pull/887","MERGED","2026-07-06T17:05:04Z","2026-07-06T17:30:39Z","dduportal","2026-07","chore(Jenkinsfile) update..."
"jenkins-infra","stories",425,"https://github.com/jenkins-infra/stories/pull/425","MERGED","2026-07-06T16:56:56Z","2026-07-06T17:05:31Z","dduportal","2026-07","chore(Jenkinsfile/CI)..."
"jenkins-infra","stories",424,"https://github.com/jenkins-infra/stories/pull/424","MERGED","2026-07-06T16:20:16Z","2026-07-08T06:24:56Z","Vatsal-Verma","2026-07","GSoC 2026: update lint script..."
"jenkins-infra","terraform-aws-sponsorship",561,"https://github.com/jenkins-infra/terraform-aws-sponsorship/pull/561","MERGED","2026-07-06T15:03:59Z","2026-07-06T17:00:26Z","jayfranco999","2026-07","chore(updatecli) track EC2..."
"jenkins-infra","pipeline-metadata-utils",511,"https://github.com/jenkins-infra/pipeline-metadata-utils/pull/511","MERGED","2026-07-06T14:45:27Z","2026-07-06T14:45:53Z","MarkEWaite","2026-07","Use same ci.jenkins.io label..."
"jenkins-infra","plugin-site",2563,"https://github.com/jenkins-infra/plugin-site/pull/2563","MERGED","2026-07-06T13:41:40Z","2026-07-06T15:27:24Z","dduportal","2026-07","chore(Jenkinsfile/CI)..."
"jenkins-infra","repository-permissions-updater",5143,"https://github.com/jenkins-infra/repository-permissions-updater/pull/5143","MERGED","2026-07-06T12:33:52Z","2026-07-11T21:15:22Z","jochen-testingbot","2026-07","Add jochen-testingbot as..."
"jenkins-infra","stories",423,"https://github.com/jenkins-infra/stories/pull/423","MERGED","2026-07-06T08:15:01Z","2026-07-15T07:36:43Z","Vatsal-Verma","2026-07","GSoC 2026: Add /map page with..."
"jenkins-infra","plugin-modernizer-stats",47,"https://github.com/jenkins-infra/plugin-modernizer-stats/pull/47","MERGED","2026-07-05T18:04:54Z","2026-07-08T09:02:59Z","PratikMane0112","2026-07","Add Plugin List Page"
"jenkins-infra","repository-permissions-updater",5140,"https://github.com/jenkins-infra/repository-permissions-updater/pull/5140","MERGED","2026-07-05T16:54:44Z","2026-07-06T20:43:01Z","aytuncbeken","2026-07","Enabling GitHub Release for..."
"jenkins-infra","jenkins-infra",4953,"https://github.com/jenkins-infra/jenkins-infra/pull/4953","MERGED","2026-07-05T09:30:28Z","2026-07-05T09:36:11Z","dduportal","2026-07","feat(ci.jenkins.io/jenkinscontroller)..."
"jenkins-infra","terraform-aws-sponsorship",560,"https://github.com/jenkins-infra/terraform-aws-sponsorship/pull/560","MERGED","2026-07-05T06:34:44Z","2026-07-05T06:36:25Z","dduportal","2026-07","fix(ci.jenkins.io) ensure we..."
"jenkins-infra","terraform-aws-sponsorship",559,"https://github.com/jenkins-infra/terraform-aws-sponsorship/pull/559","MERGED","2026-07-05T05:59:01Z","2026-07-05T06:02:19Z","dduportal","2026-07","feat(ci.jenkins.io/ec2_agents)..."
"jenkins-infra","jenkins.io",9256,"https://github.com/jenkins-infra/jenkins.io/pull/9256","MERGED","2026-07-04T17:13:22Z","2026-07-06T08:27:44Z","Aarav-Singh2007","2026-07","Replace Blue Ocean with..."
"jenkins-infra","stories",422,"https://github.com/jenkins-infra/stories/pull/422","MERGED","2026-07-04T10:54:59Z","2026-07-15T07:21:36Z","Vatsal-Verma","2026-07","GSoC 2026: Add /all page..."
"jenkins-infra","repository-permissions-updater",5137,"https://github.com/jenkins-infra/repository-permissions-updater/pull/5137","MERGED","2026-07-04T04:11:47Z","2026-07-04T06:40:22Z","slide","2026-07","Add slide_o_mix to..."
"jenkins-infra","terraform-aws-sponsorship",558,"https://github.com/jenkins-infra/terraform-aws-sponsorship/pull/558","CLOSED","2026-07-03T16:21:17Z","","dduportal","2026-07","feat(ci.jenkins.io/ec2_agents)..."
"jenkins-infra","terraform-aws-sponsorship",557,"https://github.com/jenkins-infra/terraform-aws-sponsorship/pull/557","MERGED","2026-07-03T16:13:01Z","2026-07-03T16:13:37Z","dduportal","2026-07","fix(ci.jenkins.io/ec2_agent)..."
"jenkins-infra","jenkins-infra",4952,"https://github.com/jenkins-infra/jenkins-infra/pull/4952","MERGED","2026-07-03T16:07:46Z","2026-07-03T16:13:34Z","dduportal","2026-07","fix(ci.jenkins.io/jenkinscontroller)..."
"jenkins-infra","jenkins.io",9254,"https://github.com/jenkins-infra/jenkins.io/pull/9254","MERGED","2026-07-03T13:36:04Z","2026-07-04T12:18:11Z","krisstern","2026-07","LTS 2.568.1 Changelog and..."
"jenkins-infra","jenkins-infra",4951,"https://github.com/jenkins-infra/jenkins-infra/pull/4951","MERGED","2026-07-03T11:37:48Z","2026-07-03T13:11:27Z","dduportal","2026-07","feat(ci.jenkins.io/jenkinscontroller)..."
"jenkins-infra","terraform-aws-sponsorship",556,"https://github.com/jenkins-infra/terraform-aws-sponsorship/pull/556","MERGED","2026-07-03T11:37:07Z","2026-07-03T13:06:43Z","dduportal","2026-07","feat(ci.jenkins.io/ec2-agents)..."
"jenkins-infra","terraform-aws-sponsorship",555,"https://github.com/jenkins-infra/terraform-aws-sponsorship/pull/555","MERGED","2026-07-03T10:55:10Z","2026-07-03T11:11:03Z","dduportal","2026-07","cleanup(ci/jenkins.io/ec2..."
"jenkins-infra","documentation",35,"https://github.com/jenkins-infra/documentation/pull/35","MERGED","2026-07-03T10:54:52Z","2026-07-03T10:55:19Z","jayfranco999","2026-07","Add Infra team meeting..."
"jenkins-infra","javadoc",82,"https://github.com/jenkins-infra/javadoc/pull/82","MERGED","2026-07-03T10:22:48Z","2026-07-03T10:57:27Z","jayfranco999","2026-07","chore(generate-javadoc.sh):..."
"jenkins-infra","plugin-modernizer-stats",43,"https://github.com/jenkins-infra/plugin-modernizer-stats/pull/43","MERGED","2026-07-03T05:06:49Z","2026-07-03T05:53:47Z","PratikMane0112","2026-07","Add shared UI components..."
"jenkins-infra","jenkins-infra",4949,"https://github.com/jenkins-infra/jenkins-infra/pull/4949","MERGED","2026-07-02T19:27:55Z","2026-07-02T19:28:27Z","dduportal","2026-07","feat(ci.jenkins.io) move all..."
"jenkins-infra","terraform-aws-sponsorship",554,"https://github.com/jenkins-infra/terraform-aws-sponsorship/pull/554","MERGED","2026-07-02T19:01:01Z","2026-07-02T19:13:53Z","dduportal","2026-07","feat(ci.jenkins.io/ec2_agents)..."
"jenkins-infra","jenkins.io",9253,"https://github.com/jenkins-infra/jenkins.io/pull/9253","MERGED","2026-07-02T16:57:00Z","2026-07-02T18:37:15Z","daniel-beck","2026-07","Remove Libera Chat mention,..."
"jenkins-infra","jenkins-infra",4948,"https://github.com/jenkins-infra/jenkins-infra/pull/4948","MERGED","2026-07-02T16:22:32Z","2026-07-02T18:50:26Z","dduportal","2026-07","feat(jenkinscontroller/ci.jenkins.io)..."
"jenkins-infra","terraform-aws-sponsorship",553,"https://github.com/jenkins-infra/terraform-aws-sponsorship/pull/553","MERGED","2026-07-02T15:59:08Z","2026-07-02T16:09:56Z","dduportal","2026-07","feat(ci.jenkins.io/ec2_agents)..."
"jenkins-infra","jenkins.io",9252,"https://github.com/jenkins-infra/jenkins.io/pull/9252","CLOSED","2026-07-02T14:37:26Z","","jdaviestx","2026-07","Update _docker.adoc"
"jenkins-infra","kubernetes-management",7902,"https://github.com/jenkins-infra/kubernetes-management/pull/7902","CLOSED","2026-07-02T12:10:19Z","","jayfranco999","2026-07","test jq 1.8 [DO NOT MERGE]"
"jenkins-infra","packer-images",2874,"https://github.com/jenkins-infra/packer-images/pull/2874","MERGED","2026-07-02T09:57:16Z","2026-07-02T10:20:35Z","lemeurherve","2026-07","feat(linux): add `xmllint`..."
"jenkins-infra","stories",421,"https://github.com/jenkins-infra/stories/pull/421","MERGED","2026-07-02T09:28:46Z","2026-07-08T02:39:10Z","Vatsal-Verma","2026-07","GSoC 2026: User-Story Image..."
"jenkins-infra","jenkins.io",9251,"https://github.com/jenkins-infra/jenkins.io/pull/9251","MERGED","2026-07-02T08:46:23Z","2026-07-06T08:23:10Z","donhui","2026-07","Add Smart Retry blog post"
"jenkins-infra","terraform-aws-sponsorship",552,"https://github.com/jenkins-infra/terraform-aws-sponsorship/pull/552","MERGED","2026-07-02T07:18:24Z","2026-07-02T07:48:52Z","dduportal","2026-07","cleanup(ci.jenkins.io/ec2-agents)..."
"jenkins-infra","repository-permissions-updater",5135,"https://github.com/jenkins-infra/repository-permissions-updater/pull/5135","MERGED","2026-07-02T03:59:12Z","2026-07-14T21:19:01Z","longhn0710","2026-07","Adopt ansible-tower-plugin"
"jenkins-infra","repository-permissions-updater",5134,"https://github.com/jenkins-infra/repository-permissions-updater/pull/5134","MERGED","2026-07-01T20:35:38Z","2026-07-02T08:06:44Z","Ralnoc","2026-07","Add 'ralnoc' to the list of..."
"jenkins-infra","jenkins-infra",4945,"https://github.com/jenkins-infra/jenkins-infra/pull/4945","MERGED","2026-07-01T19:43:45Z","2026-07-02T07:14:01Z","dduportal","2026-07","fix(ci.jenkins.io) EC2 Fleet..."
"jenkins-infra","terraform-aws-sponsorship",550,"https://github.com/jenkins-infra/terraform-aws-sponsorship/pull/550","MERGED","2026-07-01T19:41:03Z","2026-07-01T19:47:29Z","dduportal","2026-07","feat(ci.jenkins.io/ec2) add..."
"jenkins-infra","pipeline-library",1030,"https://github.com/jenkins-infra/pipeline-library/pull/1030","MERGED","2026-07-01T19:32:36Z","2026-07-02T06:13:17Z","dduportal","2026-07","fix(infra.groovy) use..."
"jenkins-infra","stories",420,"https://github.com/jenkins-infra/stories/pull/420","MERGED","2026-07-01T18:15:10Z","2026-07-06T03:26:39Z","Vatsal-Verma","2026-07","GSoC 2026: Code formatting"
"jenkins-infra","stories",419,"https://github.com/jenkins-infra/stories/pull/419","MERGED","2026-07-01T18:09:36Z","2026-07-07T14:34:14Z","Vatsal-Verma","2026-07","GSoC 2026: Add Testimonial..."
"jenkins-infra","jenkins.io",9248,"https://github.com/jenkins-infra/jenkins.io/pull/9248","MERGED","2026-07-01T17:58:37Z","2026-07-02T00:54:05Z","MarkEWaite","2026-07","Restore '-' that is deleted..."
"jenkins-infra","jenkins-infra",4944,"https://github.com/jenkins-infra/jenkins-infra/pull/4944","MERGED","2026-07-01T17:39:09Z","2026-07-01T17:39:47Z","dduportal","2026-07","feat(ci.jenkins.io) migrate..."
"jenkins-infra","jenkins-infra",4943,"https://github.com/jenkins-infra/jenkins-infra/pull/4943","MERGED","2026-07-01T17:05:23Z","2026-07-01T17:07:40Z","dduportal","2026-07","fix(jenkinscontroller/EC2Fleet)..."
"jenkins-infra","jenkins-infra",4942,"https://github.com/jenkins-infra/jenkins-infra/pull/4942","MERGED","2026-07-01T15:44:32Z","2026-07-01T15:48:13Z","dduportal","2026-07","cleanup(ci.jenkins.io) remove..."
"jenkins-infra","jenkins-infra",4941,"https://github.com/jenkins-infra/jenkins-infra/pull/4941","MERGED","2026-07-01T15:39:08Z","2026-07-01T15:42:48Z","dduportal","2026-07","fix(jenkinscontroller): EC2..."
"jenkins-infra","repository-permissions-updater",5132,"https://github.com/jenkins-infra/repository-permissions-updater/pull/5132","MERGED","2026-07-01T11:45:21Z","2026-07-01T12:29:26Z","jtnord","2026-07","Remove 'agentgonzo' from..."
"jenkins-infra","docker-openvpn",536,"https://github.com/jenkins-infra/docker-openvpn/pull/536","MERGED","2026-07-01T10:54:45Z","2026-07-01T12:21:17Z","jayfranco999","2026-07","Add privatek8s-sponsored..."
"jenkins-infra","jenkins-infra",4939,"https://github.com/jenkins-infra/jenkins-infra/pull/4939","MERGED","2026-07-01T10:52:03Z","2026-07-01T10:53:41Z","dduportal","2026-07"," fix(jenkinscontroller)..."
"jenkins-docs","quickstart-tutorials",2412,"https://github.com/jenkins-docs/quickstart-tutorials/pull/2412","CLOSED","2026-07-31T09:07:15Z","","gounthar","2026-07","chore(jenkins): Updates..."
"jenkins-docs","quickstart-tutorials",2411,"https://github.com/jenkins-docs/quickstart-tutorials/pull/2411","MERGED","2026-07-30T09:01:12Z","2026-08-01T05:17:03Z","gounthar","2026-07","chore(jenkins): Updates..."
"jenkins-docs","quickstart-tutorials",2410,"https://github.com/jenkins-docs/quickstart-tutorials/pull/2410","MERGED","2026-07-29T09:03:07Z","2026-08-01T05:15:33Z","gounthar","2026-07","chore(jenkins): Updates..."
"jenkins-docs","simple-java-maven-app",1355,"https://github.com/jenkins-docs/simple-java-maven-app/pull/1355","CLOSED","2026-07-28T13:45:26Z","","Raviranjanpathak","2026-07","Create Jenkinsfile"
"jenkins-docs","quickstart-tutorials",2409,"https://github.com/jenkins-docs/quickstart-tutorials/pull/2409","MERGED","2026-07-28T09:01:16Z","2026-08-01T05:16:39Z","gounthar","2026-07","chore(jenkins): Updates..."
"jenkins-docs","quickstart-tutorials",2408,"https://github.com/jenkins-docs/quickstart-tutorials/pull/2408","MERGED","2026-07-27T09:14:57Z","2026-08-01T05:16:13Z","gounthar","2026-07","chore(jenkins): Updates..."
"jenkins-docs","quickstart-tutorials",2404,"https://github.com/jenkins-docs/quickstart-tutorials/pull/2404","MERGED","2026-07-26T11:40:21Z","2026-07-26T11:42:28Z","gounthar","2026-07","chore(jenkins): Updates..."
"jenkins-docs","quickstart-tutorials",2403,"https://github.com/jenkins-docs/quickstart-tutorials/pull/2403","CLOSED","2026-07-26T11:39:49Z","","gounthar","2026-07","chore(jenkins): Updates..."
"jenkins-docs","quickstart-tutorials",2399,"https://github.com/jenkins-docs/quickstart-tutorials/pull/2399","CLOSED","2026-07-26T11:39:06Z","","gounthar","2026-07","chore(jenkins): Updates..."
"jenkins-docs","quickstart-tutorials",2398,"https://github.com/jenkins-docs/quickstart-tutorials/pull/2398","CLOSED","2026-07-26T11:38:53Z","","gounthar","2026-07","chore(jenkins): Updates..."
"jenkins-docs","quickstart-tutorials",2397,"https://github.com/jenkins-docs/quickstart-tutorials/pull/2397","CLOSED","2026-07-26T08:53:29Z","","gounthar","2026-07","chore(jenkins): Updates..."
"jenkins-docs","quickstart-tutorials",2396,"https://github.com/jenkins-docs/quickstart-tutorials/pull/2396","CLOSED","2026-07-25T08:46:34Z","","gounthar","2026-07","chore(jenkins): Updates..."
"jenkins-docs","quickstart-tutorials",2393,"https://github.com/jenkins-docs/quickstart-tutorials/pull/2393","MERGED","2026-07-24T08:57:18Z","2026-07-26T11:38:20Z","gounthar","2026-07","chore(jenkins): Updates..."
"jenkins-docs","quickstart-tutorials",2392,"https://github.com/jenkins-docs/quickstart-tutorials/pull/2392","MERGED","2026-07-23T08:59:33Z","2026-07-26T11:39:33Z","gounthar","2026-07","chore(jenkins): Updates..."
"jenkins-docs","quickstart-tutorials",2391,"https://github.com/jenkins-docs/quickstart-tutorials/pull/2391","MERGED","2026-07-22T08:58:54Z","2026-07-26T11:39:09Z","gounthar","2026-07","chore(jenkins): Updates..."
"jenkins-docs","simple-java-maven-app",1353,"https://github.com/jenkins-docs/simple-java-maven-app/pull/1353","CLOSED","2026-07-22T07:07:48Z","","chinnajee2","2026-07","first commitfirst commit"
"jenkins-docs","simple-java-maven-app",1352,"https://github.com/jenkins-docs/simple-java-maven-app/pull/1352","CLOSED","2026-07-22T07:05:20Z","","chinnajee2","2026-07","first commit"
"jenkins-docs","quickstart-tutorials",2390,"https://github.com/jenkins-docs/quickstart-tutorials/pull/2390","CLOSED","2026-07-21T09:04:42Z","","gounthar","2026-07","chore(jenkins): Updates..."
"jenkins-docs","quickstart-tutorials",2361,"https://github.com/jenkins-docs/quickstart-tutorials/pull/2361","MERGED","2026-07-16T09:08:37Z","2026-07-16T09:21:08Z","gounthar","2026-07","chore(jenkins): Updates..."
"jenkins-docs","quickstart-tutorials",2360,"https://github.com/jenkins-docs/quickstart-tutorials/pull/2360","MERGED","2026-07-15T14:23:44Z","2026-07-16T09:07:38Z","gounthar","2026-07","chore(jenkins): Updates..."
"jenkins-docs","simple-java-maven-app",1351,"https://github.com/jenkins-docs/simple-java-maven-app/pull/1351","CLOSED","2026-07-15T12:09:56Z","","Vikram-2311","2026-07","Update pom.xml"
"jenkins-docs","simple-java-maven-app",1350,"https://github.com/jenkins-docs/simple-java-maven-app/pull/1350","CLOSED","2026-07-15T12:05:25Z","","Vikram-2311","2026-07","Change Maven compiler release..."
"jenkins-docs","simple-java-maven-app",1349,"https://github.com/jenkins-docs/simple-java-maven-app/pull/1349","CLOSED","2026-07-15T12:01:19Z","","Vikram-2311","2026-07","Change required Java version..."
"jenkins-docs","quickstart-tutorials",2359,"https://github.com/jenkins-docs/quickstart-tutorials/pull/2359","MERGED","2026-07-15T10:07:42Z","2026-07-15T14:22:50Z","gounthar","2026-07","chore(jenkins): Updates..."
"jenkins-docs","quickstart-tutorials",2357,"https://github.com/jenkins-docs/quickstart-tutorials/pull/2357","MERGED","2026-07-14T10:03:34Z","2026-07-14T12:22:58Z","gounthar","2026-07","chore(jenkins): Updates..."
"jenkins-docs","quickstart-tutorials",2356,"https://github.com/jenkins-docs/quickstart-tutorials/pull/2356","MERGED","2026-07-13T12:39:40Z","2026-07-13T14:38:02Z","gounthar","2026-07","chore(jenkins): Updates..."
"jenkins-docs","quickstart-tutorials",2355,"https://github.com/jenkins-docs/quickstart-tutorials/pull/2355","MERGED","2026-07-13T12:37:44Z","2026-07-13T12:38:59Z","gounthar","2026-07","chore(jenkins): Updates..."
"jenkins-docs","quickstart-tutorials",2353,"https://github.com/jenkins-docs/quickstart-tutorials/pull/2353","MERGED","2026-07-13T12:37:00Z","2026-07-13T12:37:48Z","gounthar","2026-07","chore(jenkins): Updates..."
"jenkins-docs","quickstart-tutorials",2352,"https://github.com/jenkins-docs/quickstart-tutorials/pull/2352","CLOSED","2026-07-13T11:18:48Z","","gounthar","2026-07","chore(jenkins): Updates..."
"jenkins-docs","quickstart-tutorials",2348,"https://github.com/jenkins-docs/quickstart-tutorials/pull/2348","CLOSED","2026-07-12T09:57:11Z","","gounthar","2026-07","chore(jenkins): Updates..."
"jenkins-docs","quickstart-tutorials",2347,"https://github.com/jenkins-docs/quickstart-tutorials/pull/2347","CLOSED","2026-07-11T09:43:03Z","","gounthar","2026-07","chore(jenkins): Updates..."
"jenkins-docs","quickstart-tutorials",2346,"https://github.com/jenkins-docs/quickstart-tutorials/pull/2346","CLOSED","2026-07-10T11:10:20Z","","gounthar","2026-07","chore(jenkins): Updates..."
"jenkins-docs","quickstart-tutorials",2345,"https://github.com/jenkins-docs/quickstart-tutorials/pull/2345","MERGED","2026-07-09T11:15:30Z","2026-07-09T12:29:32Z","gounthar","2026-07","chore(jenkins): Updates..."
"jenkins-docs","quickstart-tutorials",2344,"https://github.com/jenkins-docs/quickstart-tutorials/pull/2344","CLOSED","2026-07-08T10:24:29Z","","gounthar","2026-07","chore(jenkins): Updates..."
"jenkins-docs","quickstart-tutorials",2342,"https://github.com/jenkins-docs/quickstart-tutorials/pull/2342","MERGED","2026-07-07T13:10:39Z","2026-07-07T13:11:14Z","gounthar","2026-07","chore(jenkins): Updates..."
"jenkins-docs","quickstart-tutorials",2341,"https://github.com/jenkins-docs/quickstart-tutorials/pull/2341","MERGED","2026-07-07T11:13:55Z","2026-07-07T13:09:40Z","gounthar","2026-07","chore(jenkins): Updates..."
"jenkins-docs","quickstart-tutorials",2340,"https://github.com/jenkins-docs/quickstart-tutorials/pull/2340","CLOSED","2026-07-06T12:09:22Z","","gounthar","2026-07","chore(jenkins): Updates..."
"jenkins-docs","quickstart-tutorials",2339,"https://github.com/jenkins-docs/quickstart-tutorials/pull/2339","CLOSED","2026-07-05T10:22:47Z","","gounthar","2026-07","chore(jenkins): Updates..."
"jenkins-docs","quickstart-tutorials",2338,"https://github.com/jenkins-docs/quickstart-tutorials/pull/2338","CLOSED","2026-07-04T10:17:13Z","","gounthar","2026-07","chore(jenkins): Updates..."
"jenkins-docs","quickstart-tutorials",2337,"https://github.com/jenkins-docs/quickstart-tutorials/pull/2337","MERGED","2026-07-03T10:43:24Z","2026-07-03T20:42:02Z","gounthar","2026-07","chore(jenkins): Updates..."
"jenkins-docs","quickstart-tutorials",2336,"https://github.com/jenkins-docs/quickstart-tutorials/pull/2336","MERGED","2026-07-01T11:28:59Z","2026-07-02T07:04:54Z","gounthar","2026-07","chore(jenkins): Updates..."
