org,repository,number,url,state,created_at,merged_at,user.login,month_year,title
"jenkinsci","docker-workflow-plugin",752,"https://github.com/jenkinsci/docker-workflow-plugin/pull/752","OPEN","2026-08-15T22:41:13Z","","AbdulMateenzwl","2026-08","[JENKINS-73447] Do not fail..."
"jenkinsci","jenkins",27246,"https://github.com/jenkinsci/jenkins/pull/27246","OPEN","2026-08-15T21:01:08Z","","timja","2026-08","Reduce size more"
"jenkinsci","oss-symbols-api-plugin",265,"https://github.com/jenkinsci/oss-symbols-api-plugin/pull/265","MERGED","2026-08-15T18:32:14Z","2026-08-15T19:50:24Z","MarkEWaite","2026-08","Suppress spotbugs warning in..."
"jenkinsci","auditflow-plugin",40,"https://github.com/jenkinsci/auditflow-plugin/pull/40","MERGED","2026-08-15T16:20:48Z","2026-08-15T20:04:01Z","harryofficial","2026-08","feat(cli): introduce CLI..."
"jenkinsci","jobcacher-plugin",531,"https://github.com/jenkinsci/jobcacher-plugin/pull/531","MERGED","2026-08-15T15:59:58Z","2026-08-15T16:48:51Z","DrFaust92","2026-08","Add gcs-jobcacher-storage to..."
"jenkinsci","workflow-cps-plugin",1823,"https://github.com/jenkinsci/workflow-cps-plugin/pull/1823","MERGED","2026-08-15T14:46:06Z","2026-08-17T18:54:07Z","jglick","2026-08","`CpsThread.stop` mishandles a..."
"jenkinsci","email-ext-plugin",1600,"https://github.com/jenkinsci/email-ext-plugin/pull/1600","MERGED","2026-08-15T14:37:43Z","2026-08-24T16:08:10Z","Faheem12005","2026-08","Add test email feature"
"jenkinsci","docker-agents",1316,"https://github.com/jenkinsci/docker-agents/pull/1316","MERGED","2026-08-15T13:44:53Z","2026-08-15T20:23:31Z","lemeurherve","2026-08","chore(pipeline): build JDKs..."
"jenkinsci","docker-ssh-agent",700,"https://github.com/jenkinsci/docker-ssh-agent/pull/700","MERGED","2026-08-15T12:21:55Z","2026-08-31T22:15:02Z","lemeurherve","2026-08","feat: add Windows Server Core..."
"jenkinsci","docker-agents",1315,"https://github.com/jenkinsci/docker-agents/pull/1315","MERGED","2026-08-15T12:08:15Z","2026-08-15T20:45:55Z","lemeurherve","2026-08","feat: add Windows Server Core..."
"jenkinsci","office-365-connector-plugin",444,"https://github.com/jenkinsci/office-365-connector-plugin/pull/444","MERGED","2026-08-15T08:23:09Z","2026-08-15T08:39:52Z","damianszczepanik","2026-08","Checks maven updates weekly"
"jenkinsci","docker-agents",1314,"https://github.com/jenkinsci/docker-agents/pull/1314","MERGED","2026-08-15T08:05:14Z","2026-08-15T09:39:03Z","dduportal","2026-08","chore(updatecli) merge all..."
"jenkinsci","docker-agents",1313,"https://github.com/jenkinsci/docker-agents/pull/1313","MERGED","2026-08-15T07:59:10Z","2026-08-15T09:38:56Z","dduportal","2026-08","chore: use 'java relase' as a..."
"jenkinsci","poll-mailbox-trigger-plugin",66,"https://github.com/jenkinsci/poll-mailbox-trigger-plugin/pull/66","MERGED","2026-08-15T06:57:50Z","2026-08-15T07:18:23Z","timja","2026-08","Enable CD"
"jenkinsci","newrelic-deployment-notifier-plugin",25,"https://github.com/jenkinsci/newrelic-deployment-notifier-plugin/pull/25","MERGED","2026-08-15T05:35:46Z","2026-08-15T05:51:28Z","jonathanpdx","2026-08","Require Jenkins 2.479.3 or..."
"jenkinsci","git-client-plugin",1789,"https://github.com/jenkinsci/git-client-plugin/pull/1789","MERGED","2026-08-15T01:17:02Z","2026-08-15T10:37:06Z","MarkEWaite","2026-08","Remove unknown javadoc..."
"jenkinsci","gcs-jobcacher-storage-plugin",2,"https://github.com/jenkinsci/gcs-jobcacher-storage-plugin/pull/2","MERGED","2026-08-14T23:51:17Z","2026-08-15T00:15:31Z","DrFaust92","2026-08","Stop failing builds on an..."
"jenkinsci","multibranch-job-tear-down-plugin",22,"https://github.com/jenkinsci/multibranch-job-tear-down-plugin/pull/22","MERGED","2026-08-14T22:54:41Z","2026-08-14T23:01:38Z","clemstoquart","2026-08","Fix deprecated code"
"jenkinsci","jenkins",27243,"https://github.com/jenkinsci/jenkins/pull/27243","OPEN","2026-08-14T21:18:00Z","","Anexus5919","2026-08","Make the scrollable page..."
"jenkinsci","jenkins",27242,"https://github.com/jenkinsci/jenkins/pull/27242","OPEN","2026-08-14T21:16:14Z","","Anexus5919","2026-08","Restore automatic scrolling..."
"jenkinsci","maven-hpi-plugin",906,"https://github.com/jenkinsci/maven-hpi-plugin/pull/906","MERGED","2026-08-14T21:09:37Z","2026-08-17T13:14:28Z","jglick","2026-08","Stop warning `ssh:// URLs do..."
"jenkinsci","jenkins",27241,"https://github.com/jenkinsci/jenkins/pull/27241","CLOSED","2026-08-14T20:26:16Z","","Ravikant-sys","2026-08","Display active system..."
"jenkinsci","resources-ai-chatbot-plugin",447,"https://github.com/jenkinsci/resources-ai-chatbot-plugin/pull/447","OPEN","2026-08-14T19:24:25Z","","arjun-713","2026-08","Add configuration-driven..."
"jenkinsci","testingbot-plugin",20,"https://github.com/jenkinsci/testingbot-plugin/pull/20","MERGED","2026-08-14T17:23:17Z","2026-08-15T06:35:33Z","jochen-testingbot","2026-08","Grouped dependency updates..."
"jenkinsci","testingbot-plugin",14,"https://github.com/jenkinsci/testingbot-plugin/pull/14","MERGED","2026-08-14T16:59:10Z","2026-08-14T17:07:12Z","jochen-testingbot","2026-08","Fix NoClassDefFoundError:..."
"jenkinsci","extended-read-permission-plugin",65,"https://github.com/jenkinsci/extended-read-permission-plugin/pull/65","MERGED","2026-08-14T14:00:07Z","2026-08-15T07:34:01Z","SimonMossmyr","2026-08","Add MIT license information..."
"jenkinsci","clif-performance-testing-plugin",34,"https://github.com/jenkinsci/clif-performance-testing-plugin/pull/34","MERGED","2026-08-14T13:26:47Z","2026-08-14T13:34:21Z","dillense","2026-08","Repaired CLIF test archive..."
"jenkinsci","deploy-dashboard-plugin",11,"https://github.com/jenkinsci/deploy-dashboard-plugin/pull/11","MERGED","2026-08-14T12:34:24Z","2026-08-14T14:22:08Z","nick4eva","2026-08","[JENKINS-74429] Make Deploy..."
"jenkinsci","docker-agents",1311,"https://github.com/jenkinsci/docker-agents/pull/1311","MERGED","2026-08-14T12:34:07Z","2026-08-14T14:06:10Z","dduportal","2026-08","chore(GHA/updatecli) bump..."
"jenkinsci","lockable-resources-plugin",1077,"https://github.com/jenkinsci/lockable-resources-plugin/pull/1077","OPEN","2026-08-14T09:27:57Z","","kohtaro-satoh","2026-08","[#1025] Add the client-side..."
"jenkinsci","docker-agents",1309,"https://github.com/jenkinsci/docker-agents/pull/1309","MERGED","2026-08-14T07:34:00Z","2026-08-14T16:01:41Z","dduportal","2026-08","chore(test) Bump bats version..."
"jenkinsci","docker-agents",1308,"https://github.com/jenkinsci/docker-agents/pull/1308","MERGED","2026-08-14T07:19:04Z","2026-08-14T10:24:12Z","dduportal","2026-08","chore(updatecli) fix JDK..."
"jenkinsci","blackduck-security-scan-plugin",110,"https://github.com/jenkinsci/blackduck-security-scan-plugin/pull/110","MERGED","2026-08-14T06:48:23Z","2026-08-14T08:51:44Z","jahid1209","2026-08","Sync 2.10.0 release branch..."
"jenkinsci","bom",7290,"https://github.com/jenkinsci/bom/pull/7290","OPEN","2026-08-13T23:16:45Z","","lemeurherve","2026-08","Test build"
"jenkinsci","jenkins",27239,"https://github.com/jenkinsci/jenkins/pull/27239","MERGED","2026-08-13T21:15:48Z","2026-08-15T20:55:32Z","timja","2026-08","Switch to forking jvm for..."
"jenkinsci","maven-hpi-plugin",905,"https://github.com/jenkinsci/maven-hpi-plugin/pull/905","MERGED","2026-08-13T21:12:03Z","2026-08-14T15:39:50Z","timja","2026-08","Core hpi:run"
"jenkinsci","docker-commons-plugin",231,"https://github.com/jenkinsci/docker-commons-plugin/pull/231","OPEN","2026-08-13T20:27:59Z","","panicking","2026-08","Use --password-stdin for..."
"jenkinsci","git-client-plugin",1788,"https://github.com/jenkinsci/git-client-plugin/pull/1788","OPEN","2026-08-13T18:46:45Z","","akash-manna-sky","2026-08","JGit checkout fails if..."
"jenkinsci","bom",7286,"https://github.com/jenkinsci/bom/pull/7286","MERGED","2026-08-13T18:07:37Z","2026-08-13T20:57:58Z","lemeurherve","2026-08","chore(pipeline): set limited..."
"jenkinsci","incrementals-tools",176,"https://github.com/jenkinsci/incrementals-tools/pull/176","OPEN","2026-08-13T17:33:32Z","","jtnord","2026-08","Patch 2"
"jenkinsci","bom",7285,"https://github.com/jenkinsci/bom/pull/7285","MERGED","2026-08-13T17:28:48Z","2026-08-13T19:07:46Z","timja","2026-08","Support consume-incrementals..."
"jenkinsci","archetypes",953,"https://github.com/jenkinsci/archetypes/pull/953","OPEN","2026-08-13T16:56:31Z","","jtnord","2026-08","Remove 'consume-incrementals'..."
"jenkinsci","jenkins",27238,"https://github.com/jenkinsci/jenkins/pull/27238","OPEN","2026-08-13T16:24:25Z","","mandar1045","2026-08","Fix remoting channel leak..."
"jenkinsci","jenkins",27237,"https://github.com/jenkinsci/jenkins/pull/27237","CLOSED","2026-08-13T15:58:52Z","","mandar1045","2026-08","Fix remoting channel leak..."
"jenkinsci","bom",7284,"https://github.com/jenkinsci/bom/pull/7284","MERGED","2026-08-13T15:17:48Z","2026-08-14T09:19:05Z","lemeurherve","2026-08","fix(pipeline): publish status..."
"jenkinsci","workflow-cps-plugin",1822,"https://github.com/jenkinsci/workflow-cps-plugin/pull/1822","MERGED","2026-08-13T14:05:20Z","2026-08-17T18:54:09Z","pyatizbyantsevia","2026-08","[JENKINS-45346] FailFast in..."
"jenkinsci","jenkins",27236,"https://github.com/jenkinsci/jenkins/pull/27236","CLOSED","2026-08-13T14:02:01Z","","SajalBharadwaj","2026-08","Fix Spotbugs..."
"jenkinsci","vsphere-cloud-plugin",186,"https://github.com/jenkinsci/vsphere-cloud-plugin/pull/186","MERGED","2026-08-13T13:20:24Z","2026-08-13T16:56:52Z","jimklimov","2026-08","Add optional explicit and..."
"jenkinsci","configuration-as-code-plugin",2890,"https://github.com/jenkinsci/configuration-as-code-plugin/pull/2890","OPEN","2026-08-13T12:38:30Z","","somiljain2006","2026-08","Add credential-based..."
"jenkinsci","coverage-plugin",805,"https://github.com/jenkinsci/coverage-plugin/pull/805","MERGED","2026-08-13T12:01:48Z","2026-08-22T14:12:12Z","akash-manna-sky","2026-08","Fix missing delta coverage in..."
"jenkinsci","jenkins",27234,"https://github.com/jenkinsci/jenkins/pull/27234","OPEN","2026-08-13T11:31:59Z","","Racknaraock","2026-08","[JENKINS-62430] Allow..."
"jenkinsci","kubernetes-plugin",2869,"https://github.com/jenkinsci/kubernetes-plugin/pull/2869","OPEN","2026-08-13T11:04:59Z","","JiayangZhou","2026-08","Support container() step exec..."
"jenkinsci","list-git-branches-parameter-plugin",81,"https://github.com/jenkinsci/list-git-branches-parameter-plugin/pull/81","MERGED","2026-08-13T10:52:10Z","2026-08-13T11:23:13Z","timja","2026-08","Enable CD"
"jenkinsci","bom",7282,"https://github.com/jenkinsci/bom/pull/7282","MERGED","2026-08-13T09:36:06Z","2026-08-14T09:17:35Z","lemeurherve","2026-08","feat(pipeline): skip tests..."
"jenkinsci","prometheus-plugin",833,"https://github.com/jenkinsci/prometheus-plugin/pull/833","MERGED","2026-08-13T07:07:11Z","2026-08-13T13:07:15Z","Waschndolos","2026-08","Fix deadlock issue by..."
"jenkinsci","JiraTestResultReporter-plugin",314,"https://github.com/jenkinsci/JiraTestResultReporter-plugin/pull/314","MERGED","2026-08-13T06:56:04Z","2026-08-15T14:01:21Z","somiljain2006","2026-08","Fix compiler warnings and..."
"jenkinsci","mcp-server-plugin",225,"https://github.com/jenkinsci/mcp-server-plugin/pull/225","MERGED","2026-08-13T06:22:28Z","2026-08-13T06:26:55Z","olamy","2026-08","Documentation: clarify..."
"jenkinsci","configuration-as-code-plugin",2888,"https://github.com/jenkinsci/configuration-as-code-plugin/pull/2888","CLOSED","2026-08-13T06:21:24Z","","somiljain2006","2026-08","Add support for GitHub..."
"jenkinsci","mcp-server-plugin",224,"https://github.com/jenkinsci/mcp-server-plugin/pull/224","OPEN","2026-08-13T05:58:28Z","","olamy","2026-08","Reduce tools number"
"jenkinsci","jenkins",27233,"https://github.com/jenkinsci/jenkins/pull/27233","OPEN","2026-08-13T05:02:12Z","","thswlsqls","2026-08","Fix plain text log output..."
"jenkinsci","ai-agent-plugin",43,"https://github.com/jenkinsci/ai-agent-plugin/pull/43","MERGED","2026-08-13T02:12:55Z","2026-08-14T04:31:09Z","bvolpato","2026-08","[cursor] Respect MCP approval..."
"jenkinsci","ai-agent-plugin",42,"https://github.com/jenkinsci/ai-agent-plugin/pull/42","MERGED","2026-08-13T02:07:28Z","2026-08-14T04:22:01Z","bvolpato","2026-08","[agents] Isolate unattended..."
"jenkinsci","ai-agent-plugin",41,"https://github.com/jenkinsci/ai-agent-plugin/pull/41","MERGED","2026-08-13T02:01:03Z","2026-08-13T16:53:01Z","bvolpato","2026-08","[agents] Render current..."
"jenkinsci","oracle-cloud-infrastructure-compute-plugin",13,"https://github.com/jenkinsci/oracle-cloud-infrastructure-compute-plugin/pull/13","OPEN","2026-08-12T20:11:26Z","","bsmoyers","2026-08","Initialize OCI HTTP provider..."
"jenkinsci","amazon-ecs-plugin",435,"https://github.com/jenkinsci/amazon-ecs-plugin/pull/435","OPEN","2026-08-12T18:54:33Z","","jglick","2026-08","Removing..."
"jenkinsci","docker-plugin",1359,"https://github.com/jenkinsci/docker-plugin/pull/1359","MERGED","2026-08-12T18:50:59Z","2026-08-12T22:28:23Z","jglick","2026-08","Remove `CompatibilityLoader`..."
"jenkinsci","docker-workflow-plugin",751,"https://github.com/jenkinsci/docker-workflow-plugin/pull/751","MERGED","2026-08-12T18:48:19Z","2026-08-13T13:42:05Z","jglick","2026-08","Removing..."
"jenkinsci","kubernetes-plugin",2868,"https://github.com/jenkinsci/kubernetes-plugin/pull/2868","MERGED","2026-08-12T18:45:58Z","2026-08-13T14:24:53Z","jglick","2026-08","Removing..."
"jenkinsci","pipeline-model-definition-plugin",1505,"https://github.com/jenkinsci/pipeline-model-definition-plugin/pull/1505","MERGED","2026-08-12T18:28:26Z","2026-08-12T19:57:43Z","jglick","2026-08","Deprecate..."
"jenkinsci","jenkins",27231,"https://github.com/jenkinsci/jenkins/pull/27231","CLOSED","2026-08-12T18:15:12Z","","aryawadhwa","2026-08","Optimize JnlpAgentReceiver to..."
"jenkinsci","bitbucket-branch-source-plugin",1243,"https://github.com/jenkinsci/bitbucket-branch-source-plugin/pull/1243","MERGED","2026-08-12T16:59:39Z","2026-08-12T20:00:50Z","nfalco79","2026-08","[JENKINS-76514] Bitbucket tag..."
"jenkinsci","clif-performance-testing-plugin",32,"https://github.com/jenkinsci/clif-performance-testing-plugin/pull/32","MERGED","2026-08-12T14:40:11Z","2026-08-12T15:13:03Z","dillense","2026-08","Upgrade to Jenkins plug-in..."
"jenkinsci","configurationslicing-plugin",357,"https://github.com/jenkinsci/configurationslicing-plugin/pull/357","OPEN","2026-08-12T12:42:39Z","","Kanaduchi","2026-08","#355 Fix work domain list"
"jenkinsci","configurationslicing-plugin",356,"https://github.com/jenkinsci/configurationslicing-plugin/pull/356","CLOSED","2026-08-12T12:29:44Z","","Kanaduchi","2026-08","355 Fix work domain list"
"jenkinsci","bom",7273,"https://github.com/jenkinsci/bom/pull/7273","MERGED","2026-08-12T09:38:35Z","2026-08-18T23:11:04Z","lemeurherve","2026-08","chore(pipeline): balanced..."
"jenkinsci","docker-agents",1301,"https://github.com/jenkinsci/docker-agents/pull/1301","MERGED","2026-08-12T08:54:03Z","2026-08-12T09:02:34Z","lemeurherve","2026-08","Revert 'Bump bats version to..."
"jenkinsci","warnings-ng-plugin",3412,"https://github.com/jenkinsci/warnings-ng-plugin/pull/3412","OPEN","2026-08-12T08:36:33Z","","akash-manna-sky","2026-08","`unknown commit ID`  when..."
"jenkinsci","custom-checkbox-parameter-plugin",14,"https://github.com/jenkinsci/custom-checkbox-parameter-plugin/pull/14","CLOSED","2026-08-12T08:31:35Z","","strangelookingnerd","2026-08","Migrate tests to JUnit..."
"jenkinsci","agent-server-parameter-plugin",10,"https://github.com/jenkinsci/agent-server-parameter-plugin/pull/10","CLOSED","2026-08-12T08:23:38Z","","strangelookingnerd","2026-08","Migrate tests to JUnit..."
"jenkinsci","resources-ai-chatbot-plugin",445,"https://github.com/jenkinsci/resources-ai-chatbot-plugin/pull/445","OPEN","2026-08-12T08:19:57Z","","arjun-713","2026-08","Add LiteLLM Backend..."
"jenkinsci","p4-plugin",282,"https://github.com/jenkinsci/p4-plugin/pull/282","OPEN","2026-08-12T07:11:58Z","","daniel-jeznach-imgtec","2026-08","Add support for wildcards in..."
"jenkinsci","build-monitor-plugin",1328,"https://github.com/jenkinsci/build-monitor-plugin/pull/1328","MERGED","2026-08-12T06:44:33Z","2026-08-13T06:33:43Z","timja","2026-08","Remove test that isn't safe..."
"jenkinsci","pipeline-model-definition-plugin",1504,"https://github.com/jenkinsci/pipeline-model-definition-plugin/pull/1504","CLOSED","2026-08-12T06:24:22Z","","timja","2026-08","Remove test that fails..."
"jenkinsci","jenkins",27229,"https://github.com/jenkinsci/jenkins/pull/27229","CLOSED","2026-08-12T04:59:42Z","","alwaysalearner1234","2026-08","[Fixes 18186] UX: Reorder..."
"jenkinsci","gradle-jpi-plugin",423,"https://github.com/jenkinsci/gradle-jpi-plugin/pull/423","MERGED","2026-08-11T22:29:22Z","2026-08-11T23:43:35Z","alexsalazar-asjr","2026-08","Bump access-modifier-checker..."
"jenkinsci","user-guide-ai-chatbot-plugin",46,"https://github.com/jenkinsci/user-guide-ai-chatbot-plugin/pull/46","CLOSED","2026-08-11T20:35:19Z","","thatsdc","2026-08","9th PR: Implement evaluation..."
"jenkinsci","lockable-resources-plugin",1076,"https://github.com/jenkinsci/lockable-resources-plugin/pull/1076","MERGED","2026-08-11T19:02:18Z","2026-08-12T08:25:47Z","mPokornyETM","2026-08","Annotate acquire status..."
"jenkinsci","git-plugin",3997,"https://github.com/jenkinsci/git-plugin/pull/3997","OPEN","2026-08-11T18:29:54Z","","Shreyas-Madake","2026-08","Exclude git://github.com from..."
"jenkinsci","bom",7268,"https://github.com/jenkinsci/bom/pull/7268","CLOSED","2026-08-11T18:21:19Z","","lemeurherve","2026-08","chore(pipeline): honor..."
"jenkinsci","bom",7267,"https://github.com/jenkinsci/bom/pull/7267","MERGED","2026-08-11T18:07:36Z","2026-08-11T18:07:45Z","lemeurherve","2026-08","chore(doc): missed revert..."
"jenkinsci","bitbucket-pullrequest-builder-plugin",27,"https://github.com/jenkinsci/bitbucket-pullrequest-builder-plugin/pull/27","OPEN","2026-08-11T18:02:45Z","","aleks-romanov","2026-08","Add Bitbucket API token..."
"jenkinsci","agent-server-parameter-plugin",9,"https://github.com/jenkinsci/agent-server-parameter-plugin/pull/9","MERGED","2026-08-11T17:11:58Z","2026-08-11T17:21:04Z","sunweisheng","2026-08","[codex] Render all agent..."
"jenkinsci","bom",7266,"https://github.com/jenkinsci/bom/pull/7266","MERGED","2026-08-11T17:03:30Z","2026-08-11T17:04:48Z","lemeurherve","2026-08","chore(pipeline): mark builds..."
"jenkinsci","renovate-config",35,"https://github.com/jenkinsci/renovate-config/pull/35","MERGED","2026-08-11T16:56:46Z","2026-08-11T16:57:33Z","timja","2026-08","Disable maxMajorIncrement"
"jenkinsci","github-branch-source-plugin",1550,"https://github.com/jenkinsci/github-branch-source-plugin/pull/1550","OPEN","2026-08-11T16:30:57Z","","juliovalcarcel","2026-08","Add support for Github..."
"jenkinsci","bom",7263,"https://github.com/jenkinsci/bom/pull/7263","MERGED","2026-08-11T15:51:07Z","2026-08-11T17:20:30Z","timja","2026-08","Update swarm to..."
"jenkinsci","nodejs-plugin",211,"https://github.com/jenkinsci/nodejs-plugin/pull/211","OPEN","2026-08-11T15:30:28Z","","tkrah","2026-08","Remove always-auth config..."
"jenkinsci","jenkins",27228,"https://github.com/jenkinsci/jenkins/pull/27228","MERGED","2026-08-11T12:10:03Z","2026-08-20T21:14:19Z","mawinter69","2026-08","Show only accessible links in..."
"jenkinsci","kubernetes-credentials-provider-plugin",145,"https://github.com/jenkinsci/kubernetes-credentials-provider-plugin/pull/145","MERGED","2026-08-11T11:12:27Z","2026-08-11T11:24:33Z","strangelookingnerd","2026-08","Ban JUnit 4 imports"
"jenkinsci","signpath-plugin",60,"https://github.com/jenkinsci/signpath-plugin/pull/60","MERGED","2026-08-11T11:11:35Z","2026-08-12T06:48:39Z","Taha-cmd","2026-08","Feature/sign 8787"
"jenkinsci","integrity-plugin",73,"https://github.com/jenkinsci/integrity-plugin/pull/73","MERGED","2026-08-11T10:38:31Z","2026-08-11T10:43:53Z","gaurav-shinde-ptc","2026-08","Added permission check"
"jenkinsci","bitbucket-oauth-plugin",28,"https://github.com/jenkinsci/bitbucket-oauth-plugin/pull/28","MERGED","2026-08-11T10:06:34Z","2026-08-11T10:22:59Z","mallowlabs","2026-08","Suppress false-positive..."
"jenkinsci","compuware-ispw-operations-plugin",120,"https://github.com/jenkinsci/compuware-ispw-operations-plugin/pull/120","MERGED","2026-08-11T09:56:31Z","2026-08-18T09:16:46Z","mayank146009","2026-08","ZENG 472668 fix"
"jenkinsci","gerrit-trigger-plugin",1032,"https://github.com/jenkinsci/gerrit-trigger-plugin/pull/1032","MERGED","2026-08-11T09:38:12Z","2026-08-11T10:26:07Z","stephankfolkes","2026-08","Update README.md"
"jenkinsci","bitbucket-oauth-plugin",27,"https://github.com/jenkinsci/bitbucket-oauth-plugin/pull/27","MERGED","2026-08-11T09:19:43Z","2026-08-11T09:51:45Z","mallowlabs","2026-08","Add .github/release.yml"
"jenkinsci","bitbucket-oauth-plugin",26,"https://github.com/jenkinsci/bitbucket-oauth-plugin/pull/26","MERGED","2026-08-11T09:04:13Z","2026-08-11T09:10:55Z","mallowlabs","2026-08","Add auto-merge workflows for..."
"jenkinsci","checkmarx-ast-scanner-plugin",435,"https://github.com/jenkinsci/checkmarx-ast-scanner-plugin/pull/435","MERGED","2026-08-11T08:52:32Z","2026-08-13T13:33:18Z","cx-atish-jadhav","2026-08","Fix swapped KICS/SCA progress..."
"jenkinsci","custom-checkbox-parameter-plugin",13,"https://github.com/jenkinsci/custom-checkbox-parameter-plugin/pull/13","MERGED","2026-08-11T08:38:03Z","2026-08-11T15:06:59Z","sunweisheng","2026-08","[codex] Fix checkbox HTTP..."
"jenkinsci","bitbucket-oauth-plugin",25,"https://github.com/jenkinsci/bitbucket-oauth-plugin/pull/25","MERGED","2026-08-11T08:28:19Z","2026-08-11T08:36:36Z","mallowlabs","2026-08","Add Jenkins security scan..."
"jenkinsci","gerrit-trigger-plugin",1031,"https://github.com/jenkinsci/gerrit-trigger-plugin/pull/1031","OPEN","2026-08-11T07:49:29Z","","raul-arabaolaza","2026-08","Create NOTICE"
"jenkinsci","bitbucket-oauth-plugin",22,"https://github.com/jenkinsci/bitbucket-oauth-plugin/pull/22","MERGED","2026-08-11T07:16:00Z","2026-08-11T07:36:53Z","mallowlabs","2026-08","Migrate plugins to Java 25..."
"jenkinsci","akeyless-plugin",15,"https://github.com/jenkinsci/akeyless-plugin/pull/15","MERGED","2026-08-11T07:00:18Z","2026-08-11T07:53:35Z","baraka-akeyless","2026-08","Bump akeyless-java to 5.0.31..."
"jenkinsci","bom",7258,"https://github.com/jenkinsci/bom/pull/7258","MERGED","2026-08-11T06:24:15Z","2026-08-11T22:12:40Z","timja","2026-08","Update build-monitor to v1113"
"jenkinsci","bitbucket-oauth-plugin",21,"https://github.com/jenkinsci/bitbucket-oauth-plugin/pull/21","MERGED","2026-08-11T05:49:14Z","2026-08-11T07:12:06Z","mallowlabs","2026-08","Enable ban-junit4-imports..."
"jenkinsci","bitbucket-oauth-plugin",20,"https://github.com/jenkinsci/bitbucket-oauth-plugin/pull/20","MERGED","2026-08-11T05:39:22Z","2026-08-11T05:47:56Z","mallowlabs","2026-08","Add Jenkins plugins BOM and..."
"jenkinsci","bitbucket-oauth-plugin",19,"https://github.com/jenkinsci/bitbucket-oauth-plugin/pull/19","MERGED","2026-08-11T05:28:42Z","2026-08-11T05:35:12Z","mallowlabs","2026-08","Use gson-api plugin instead..."
"jenkinsci","bitbucket-oauth-plugin",18,"https://github.com/jenkinsci/bitbucket-oauth-plugin/pull/18","MERGED","2026-08-11T05:13:03Z","2026-08-11T05:25:05Z","mallowlabs","2026-08","Upgrade parent POM to..."
"jenkinsci","gradle-jpi-plugin",422,"https://github.com/jenkinsci/gradle-jpi-plugin/pull/422","MERGED","2026-08-11T03:19:47Z","2026-08-11T04:33:27Z","rahulsom","2026-08","fix: remove no-op..."
"jenkinsci","rocketchatnotifier-plugin",442,"https://github.com/jenkinsci/rocketchatnotifier-plugin/pull/442","MERGED","2026-08-11T02:55:00Z","2026-08-11T03:11:29Z","hypery2k","2026-08","feat(Security): Resolve high..."
"jenkinsci","gradle-jpi-plugin",421,"https://github.com/jenkinsci/gradle-jpi-plugin/pull/421","CLOSED","2026-08-11T02:06:32Z","","rahulsom","2026-08","fix: resolve..."
"jenkinsci","bom",7257,"https://github.com/jenkinsci/bom/pull/7257","MERGED","2026-08-11T00:59:24Z","2026-08-11T06:28:08Z","lemeurherve","2026-08","chore(git/github): add..."
"jenkinsci","mcp-server-plugin",223,"https://github.com/jenkinsci/mcp-server-plugin/pull/223","CLOSED","2026-08-11T00:22:48Z","","mikecirioli","2026-08","Upgrade mcp-bom from 1.0.0 to..."
"jenkinsci","mcp-server-plugin",222,"https://github.com/jenkinsci/mcp-server-plugin/pull/222","CLOSED","2026-08-11T00:20:10Z","","mikecirioli","2026-08","[BEE-72607] Upgrade mcp-bom..."
"jenkinsci","bom",7256,"https://github.com/jenkinsci/bom/pull/7256","MERGED","2026-08-11T00:06:40Z","2026-08-11T17:12:34Z","lemeurherve","2026-08","feat(pipeline): fixed splits"
"jenkinsci","gradle-jpi-plugin",420,"https://github.com/jenkinsci/gradle-jpi-plugin/pull/420","MERGED","2026-08-10T22:40:57Z","2026-08-18T17:03:48Z","rahulsom","2026-08","fix: defer..."
"jenkinsci","acceptance-test-harness",2819,"https://github.com/jenkinsci/acceptance-test-harness/pull/2819","CLOSED","2026-08-10T21:13:15Z","","MarkEWaite","2026-08","[WIP] Test 2.577-rc and more"
"jenkinsci","bom",7255,"https://github.com/jenkinsci/bom/pull/7255","CLOSED","2026-08-10T21:01:29Z","","MarkEWaite","2026-08","[WIP] Test 2.577 pre-release..."
"jenkinsci","jenkins",27224,"https://github.com/jenkinsci/jenkins/pull/27224","CLOSED","2026-08-10T20:37:43Z","","MarkEWaite","2026-08","[WIP] Test several pull..."
"jenkinsci","gradle-jpi-plugin",419,"https://github.com/jenkinsci/gradle-jpi-plugin/pull/419","MERGED","2026-08-10T19:04:29Z","2026-08-18T17:02:39Z","rahulsom","2026-08","fix(jpi2): disambiguate..."
"jenkinsci","newrelic-deployment-notifier-plugin",24,"https://github.com/jenkinsci/newrelic-deployment-notifier-plugin/pull/24","MERGED","2026-08-10T19:02:00Z","2026-08-10T19:10:17Z","jonathanpdx","2026-08","docs: add 1.13 changelog..."
"jenkinsci","newrelic-deployment-notifier-plugin",23,"https://github.com/jenkinsci/newrelic-deployment-notifier-plugin/pull/23","CLOSED","2026-08-10T18:45:02Z","","jonathanpdx","2026-08","docs: add 1.13 changelog..."
"jenkinsci","jenkins",27221,"https://github.com/jenkinsci/jenkins/pull/27221","OPEN","2026-08-10T18:31:02Z","","aroy114","2026-08","Fix double-escaping of URLs..."
"jenkinsci","forensics-api-plugin",740,"https://github.com/jenkinsci/forensics-api-plugin/pull/740","OPEN","2026-08-10T18:12:43Z","","akash-manna-sky","2026-08","Provide support for advanced..."
"jenkinsci","bom",7254,"https://github.com/jenkinsci/bom/pull/7254","MERGED","2026-08-10T17:57:56Z","2026-08-10T19:54:38Z","lemeurherve","2026-08","chore(pipeline): prevent..."
"jenkinsci","auditflow-plugin",39,"https://github.com/jenkinsci/auditflow-plugin/pull/39","MERGED","2026-08-10T16:29:54Z","2026-08-10T16:59:46Z","harryofficial","2026-08","Hotfix: Revamp audit config..."
"jenkinsci","ssh-agent-plugin",302,"https://github.com/jenkinsci/ssh-agent-plugin/pull/302","MERGED","2026-08-10T16:06:51Z","2026-08-10T21:00:31Z","ogulcanaydogan","2026-08","docs: add testing conventions..."
"jenkinsci","ssh-agent-plugin",301,"https://github.com/jenkinsci/ssh-agent-plugin/pull/301","MERGED","2026-08-10T15:02:49Z","2026-08-10T16:01:02Z","ogulcanaydogan","2026-08","test: make..."
"jenkinsci","jira-integration-plugin",20,"https://github.com/jenkinsci/jira-integration-plugin/pull/20","MERGED","2026-08-10T14:44:52Z","2026-08-10T15:04:51Z","markrekveld","2026-08","Add `jiraDeploymentInfo`..."
"jenkinsci","artifactory-artifact-manager-plugin",189,"https://github.com/jenkinsci/artifactory-artifact-manager-plugin/pull/189","MERGED","2026-08-10T13:46:09Z","2026-08-10T14:04:57Z","jonesbusy","2026-08","Only evaluate Artifact..."
"jenkinsci","credentials-plugin",1076,"https://github.com/jenkinsci/credentials-plugin/pull/1076","OPEN","2026-08-10T13:36:43Z","","Racknaraock","2026-08","[JENKINS-62143] Respect..."
"jenkinsci","oras-artifact-manager-plugin",5,"https://github.com/jenkinsci/oras-artifact-manager-plugin/pull/5","MERGED","2026-08-10T13:27:28Z","2026-08-10T13:37:39Z","jonesbusy","2026-08","Only evaluate artifact..."
"jenkinsci","auditflow-plugin",38,"https://github.com/jenkinsci/auditflow-plugin/pull/38","MERGED","2026-08-10T11:58:57Z","2026-08-10T13:43:36Z","Aarav-Singh2007","2026-08","Feat cli logging events"
"jenkinsci","jms-messaging-plugin",386,"https://github.com/jenkinsci/jms-messaging-plugin/pull/386","MERGED","2026-08-10T11:41:15Z","2026-08-12T19:35:47Z","hareldev","2026-08","Retry waitForCIMessage..."
"jenkinsci","docker-plugin",1358,"https://github.com/jenkinsci/docker-plugin/pull/1358","MERGED","2026-08-10T11:15:37Z","2026-08-10T15:45:25Z","bahrep","2026-08","Document running Windows..."
"jenkinsci","folder-properties-plugin",57,"https://github.com/jenkinsci/folder-properties-plugin/pull/57","MERGED","2026-08-10T10:18:56Z","2026-08-10T15:58:30Z","dgaya","2026-08","Remove temporary Java 17 CI..."
"jenkinsci","jenkins",27220,"https://github.com/jenkinsci/jenkins/pull/27220","CLOSED","2026-08-10T09:55:44Z","","aryawadhwa","2026-08","Allow rotation and revocation..."
"jenkinsci","docker-agents",1297,"https://github.com/jenkinsci/docker-agents/pull/1297","MERGED","2026-08-10T09:29:44Z","2026-08-10T09:55:51Z","lemeurherve","2026-08","fix(pipeline): fail if there..."
"jenkinsci","bom",7241,"https://github.com/jenkinsci/bom/pull/7241","MERGED","2026-08-10T08:25:23Z","2026-08-10T17:00:50Z","lemeurherve","2026-08","chore(pipeline): keep only..."
"jenkinsci","resources-ai-chatbot-plugin",442,"https://github.com/jenkinsci/resources-ai-chatbot-plugin/pull/442","OPEN","2026-08-10T08:06:41Z","","arjun-713","2026-08","Add Update Center data into..."
"jenkinsci","jenkins",27219,"https://github.com/jenkinsci/jenkins/pull/27219","CLOSED","2026-08-10T07:27:54Z","","aryawadhwa","2026-08","Fix URL double escaping in..."
"jenkinsci","flyway-api-plugin",281,"https://github.com/jenkinsci/flyway-api-plugin/pull/281","MERGED","2026-08-10T04:29:42Z","2026-08-10T05:52:39Z","jonesbusy","2026-08","Update to flyway 13.2.0 and..."
"jenkinsci","mcp-server-plugin",221,"https://github.com/jenkinsci/mcp-server-plugin/pull/221","OPEN","2026-08-10T02:51:03Z","","neeldugar","2026-08","Add nodeId scoping to..."
"jenkinsci","auditflow-plugin",37,"https://github.com/jenkinsci/auditflow-plugin/pull/37","MERGED","2026-08-10T02:47:49Z","2026-08-10T07:28:44Z","Aarav-Singh2007","2026-08","Feat cli logging events"
"jenkinsci","plugin-pom",1428,"https://github.com/jenkinsci/plugin-pom/pull/1428","MERGED","2026-08-09T23:54:40Z","2026-08-10T08:19:38Z","rantoniuk","2026-08","fix(release): skip spotless..."
"jenkinsci","pushplus-plugin",2,"https://github.com/jenkinsci/pushplus-plugin/pull/2","MERGED","2026-08-09T23:21:16Z","2026-08-09T23:40:40Z","pcstx","2026-08","Document the canonical..."
"jenkinsci","jenkins",27216,"https://github.com/jenkinsci/jenkins/pull/27216","OPEN","2026-08-09T23:01:37Z","","bphinz","2026-08","Introduce..."
"jenkinsci","prism-api-plugin",327,"https://github.com/jenkinsci/prism-api-plugin/pull/327","MERGED","2026-08-09T21:32:04Z","2026-08-09T21:52:08Z","uhafner","2026-08","Remove profile..."
"jenkinsci","data-tables-api-plugin",708,"https://github.com/jenkinsci/data-tables-api-plugin/pull/708","MERGED","2026-08-09T21:31:39Z","2026-08-09T21:42:36Z","uhafner","2026-08","Remove profile..."
"jenkinsci","echarts-api-plugin",511,"https://github.com/jenkinsci/echarts-api-plugin/pull/511","MERGED","2026-08-09T21:31:01Z","2026-08-09T21:42:42Z","uhafner","2026-08","Remove profile..."
"jenkinsci","font-awesome-api-plugin",412,"https://github.com/jenkinsci/font-awesome-api-plugin/pull/412","MERGED","2026-08-09T21:30:36Z","2026-08-09T21:53:44Z","uhafner","2026-08","Remove profile..."
"jenkinsci","bootstrap5-api-plugin",539,"https://github.com/jenkinsci/bootstrap5-api-plugin/pull/539","MERGED","2026-08-09T21:30:04Z","2026-08-09T21:42:56Z","uhafner","2026-08","Remove profile..."
"jenkinsci","jquery3-api-plugin",301,"https://github.com/jenkinsci/jquery3-api-plugin/pull/301","MERGED","2026-08-09T21:27:17Z","2026-08-09T21:43:07Z","uhafner","2026-08","Remove profile..."
"jenkinsci","analysis-model-api-plugin",279,"https://github.com/jenkinsci/analysis-model-api-plugin/pull/279","MERGED","2026-08-09T21:25:16Z","2026-08-09T21:43:11Z","uhafner","2026-08","Remove profile..."
"jenkinsci","git-forensics-plugin",1288,"https://github.com/jenkinsci/git-forensics-plugin/pull/1288","MERGED","2026-08-09T21:24:31Z","2026-08-10T08:50:44Z","uhafner","2026-08","Remove profile..."
"jenkinsci","forensics-api-plugin",738,"https://github.com/jenkinsci/forensics-api-plugin/pull/738","MERGED","2026-08-09T21:23:05Z","2026-08-09T21:43:16Z","uhafner","2026-08","Remove incrementals..."
"jenkinsci","plugin-util-api-plugin",544,"https://github.com/jenkinsci/plugin-util-api-plugin/pull/544","MERGED","2026-08-09T21:22:50Z","2026-08-09T21:43:21Z","uhafner","2026-08","Remove profile..."
"jenkinsci","ssh-agents-plugin",1001,"https://github.com/jenkinsci/ssh-agents-plugin/pull/1001","OPEN","2026-08-09T18:36:30Z","","om7057","2026-08","Document..."
"jenkinsci","ssh-agents-plugin",1000,"https://github.com/jenkinsci/ssh-agents-plugin/pull/1000","OPEN","2026-08-09T18:35:24Z","","om7057","2026-08","Warn when launch timeout is..."
"jenkinsci","gcp-java-sdk-plugin",10,"https://github.com/jenkinsci/gcp-java-sdk-plugin/pull/10","OPEN","2026-08-09T16:25:01Z","","DrFaust92","2026-08","Update java-cloud-bom to..."
"jenkinsci","warnings-ng-plugin",3403,"https://github.com/jenkinsci/warnings-ng-plugin/pull/3403","MERGED","2026-08-09T14:12:05Z","2026-08-10T09:11:35Z","uhafner","2026-08","Use latest version of ATH"
"jenkinsci","coverage-plugin",798,"https://github.com/jenkinsci/coverage-plugin/pull/798","MERGED","2026-08-09T14:03:28Z","2026-08-09T15:19:23Z","uhafner","2026-08","Use properties of..."
"jenkinsci","forensics-api-plugin",737,"https://github.com/jenkinsci/forensics-api-plugin/pull/737","OPEN","2026-08-09T14:02:06Z","","akash-manna-sky","2026-08","Temporal coupling metric"
"jenkinsci","coverage-plugin",797,"https://github.com/jenkinsci/coverage-plugin/pull/797","MERGED","2026-08-09T13:57:11Z","2026-08-09T15:19:12Z","uhafner","2026-08","Remove obsolete incremental..."
"jenkinsci","analysis-model-api-plugin",278,"https://github.com/jenkinsci/analysis-model-api-plugin/pull/278","CLOSED","2026-08-09T13:53:34Z","","uhafner","2026-08","Remove obsolete incremental..."
"jenkinsci","git-forensics-plugin",1287,"https://github.com/jenkinsci/git-forensics-plugin/pull/1287","CLOSED","2026-08-09T13:53:18Z","","uhafner","2026-08","Remove obsolete incremental..."
"jenkinsci","forensics-api-plugin",736,"https://github.com/jenkinsci/forensics-api-plugin/pull/736","CLOSED","2026-08-09T13:52:45Z","","uhafner","2026-08","Remove obsolete incremental..."
"jenkinsci","plugin-util-api-plugin",543,"https://github.com/jenkinsci/plugin-util-api-plugin/pull/543","CLOSED","2026-08-09T13:52:26Z","","uhafner","2026-08","Remove obsolete incremental..."
"jenkinsci","stapler",790,"https://github.com/jenkinsci/stapler/pull/790","OPEN","2026-08-09T13:42:12Z","","apuig","2026-08","Remove TreePruner.DEFAULT and..."
"jenkinsci","bom",7232,"https://github.com/jenkinsci/bom/pull/7232","MERGED","2026-08-09T13:39:20Z","2026-08-09T14:06:19Z","darinpope","2026-08","Revert 'Update dependency..."
"jenkinsci","opentelemetry-plugin",1295,"https://github.com/jenkinsci/opentelemetry-plugin/pull/1295","MERGED","2026-08-09T12:15:59Z","2026-08-24T03:26:37Z","om7057","2026-08","fix: reset OtelJulHandler..."
"jenkinsci","mcp-server-plugin",220,"https://github.com/jenkinsci/mcp-server-plugin/pull/220","MERGED","2026-08-09T11:49:51Z","2026-08-09T23:35:15Z","apuig","2026-08","fix: exclude nodeId,..."
"jenkinsci","jenkins",27214,"https://github.com/jenkinsci/jenkins/pull/27214","OPEN","2026-08-09T11:25:01Z","","olamy","2026-08","Use Apache Maven build cache..."
"jenkinsci","workflow-cps-plugin",1819,"https://github.com/jenkinsci/workflow-cps-plugin/pull/1819","OPEN","2026-08-09T09:16:09Z","","bianbbc87","2026-08","refactor: resume a paused..."
"jenkinsci","opentelemetry-plugin",1294,"https://github.com/jenkinsci/opentelemetry-plugin/pull/1294","MERGED","2026-08-09T09:02:00Z","2026-08-22T13:24:50Z","om7057","2026-08","fix: bound preOnline timeout..."
"jenkinsci","ansicolor-plugin",384,"https://github.com/jenkinsci/ansicolor-plugin/pull/384","MERGED","2026-08-09T07:02:08Z","2026-08-09T19:38:25Z","timja","2026-08","Migrate StringEscapeUtils to..."
"jenkinsci","global-build-stats-plugin",119,"https://github.com/jenkinsci/global-build-stats-plugin/pull/119","MERGED","2026-08-09T05:25:50Z","2026-08-09T06:12:59Z","balakine","2026-08","Replace Flatpickr with native..."
"jenkinsci","jenkins",27213,"https://github.com/jenkinsci/jenkins/pull/27213","MERGED","2026-08-09T03:41:23Z","2026-08-10T02:06:13Z","thswlsqls","2026-08","Correct PrivateKeyProvider..."
"jenkinsci","git-plugin",3994,"https://github.com/jenkinsci/git-plugin/pull/3994","OPEN","2026-08-08T23:48:03Z","","apuig","2026-08","Expose both author and..."
"jenkinsci","ssh-agent-plugin",300,"https://github.com/jenkinsci/ssh-agent-plugin/pull/300","MERGED","2026-08-08T22:34:02Z","2026-08-08T22:45:31Z","ogulcanaydogan","2026-08","fix: default ssh-agent..."
"jenkinsci","gerrit-trigger-plugin",1030,"https://github.com/jenkinsci/gerrit-trigger-plugin/pull/1030","MERGED","2026-08-08T21:48:11Z","2026-08-11T06:53:16Z","timja","2026-08","Migrate the last Commons Lang..."
"jenkinsci","agent-server-parameter-plugin",8,"https://github.com/jenkinsci/agent-server-parameter-plugin/pull/8","MERGED","2026-08-08T20:15:47Z","2026-08-08T21:16:00Z","sunweisheng","2026-08","[codex] Modernize plugin and..."
"jenkinsci","coverage-plugin",796,"https://github.com/jenkinsci/coverage-plugin/pull/796","CLOSED","2026-08-08T19:17:36Z","","uhafner","2026-08","Use properties of..."
"jenkinsci","warnings-ng-plugin",3402,"https://github.com/jenkinsci/warnings-ng-plugin/pull/3402","MERGED","2026-08-08T19:17:15Z","2026-08-09T13:48:55Z","uhafner","2026-08","Use properties of..."
"jenkinsci","bitbucket-branch-source-plugin",1240,"https://github.com/jenkinsci/bitbucket-branch-source-plugin/pull/1240","MERGED","2026-08-08T18:14:14Z","2026-08-09T11:45:17Z","nfalco79","2026-08","[JENKINS-76514] Bitbucket tag..."
"jenkinsci","aws-credentials-plugin",333,"https://github.com/jenkinsci/aws-credentials-plugin/pull/333","OPEN","2026-08-08T15:45:34Z","","chernetskyi","2026-08","Respect `roleSessionName`..."
"jenkinsci","bom",7221,"https://github.com/jenkinsci/bom/pull/7221","MERGED","2026-08-08T14:03:41Z","2026-08-08T22:52:29Z","lemeurherve","2026-08","chore(pipeline): split..."
"jenkinsci","oras-artifact-manager-plugin",4,"https://github.com/jenkinsci/oras-artifact-manager-plugin/pull/4","MERGED","2026-08-08T11:55:56Z","2026-08-08T12:06:50Z","jonesbusy","2026-08","More robust test"
"jenkinsci","artifactory-artifact-manager-plugin",186,"https://github.com/jenkinsci/artifactory-artifact-manager-plugin/pull/186","MERGED","2026-08-08T11:44:56Z","2026-08-08T13:26:00Z","jonesbusy","2026-08","More robust test"
"jenkinsci","configuration-as-code-plugin",2887,"https://github.com/jenkinsci/configuration-as-code-plugin/pull/2887","MERGED","2026-08-08T11:20:17Z","2026-08-10T21:23:45Z","somiljain2006","2026-08","Add configurable item..."
"jenkinsci","mcp-server-plugin",219,"https://github.com/jenkinsci/mcp-server-plugin/pull/219","MERGED","2026-08-08T08:49:22Z","2026-08-08T10:11:35Z","olamy","2026-08","Fix bom pct build #217"
"jenkinsci","jenkins-multijob-plugin",412,"https://github.com/jenkinsci/jenkins-multijob-plugin/pull/412","MERGED","2026-08-08T04:26:39Z","2026-08-08T11:37:10Z","balakine","2026-08","Chore/code cleanup"
"jenkinsci","mcp-server-plugin",218,"https://github.com/jenkinsci/mcp-server-plugin/pull/218","MERGED","2026-08-07T21:15:55Z","2026-08-12T05:04:03Z","timja","2026-08","Remove deprecated..."
"jenkinsci","bom",7217,"https://github.com/jenkinsci/bom/pull/7217","MERGED","2026-08-07T21:08:11Z","2026-08-07T22:20:19Z","timja","2026-08","Update authorize-project..."
"jenkinsci","stashnotifier-plugin",467,"https://github.com/jenkinsci/stashnotifier-plugin/pull/467","OPEN","2026-08-07T19:16:15Z","","piotrkochan","2026-08","feat: Add configurable..."
"jenkinsci","script-security-plugin",924,"https://github.com/jenkinsci/script-security-plugin/pull/924","MERGED","2026-08-07T19:12:08Z","2026-08-07T20:13:05Z","mawinter69","2026-08","Forward compatibitlity for..."
"jenkinsci","jira-plugin",1174,"https://github.com/jenkinsci/jira-plugin/pull/1174","MERGED","2026-08-07T19:01:26Z","2026-08-09T13:48:27Z","rantoniuk","2026-08","test: add wiremock..."
"jenkinsci","horreum-plugin",98,"https://github.com/jenkinsci/horreum-plugin/pull/98","OPEN","2026-08-07T17:14:29Z","","stalep","2026-08","H5m plugin"
"jenkinsci","bom",7215,"https://github.com/jenkinsci/bom/pull/7215","MERGED","2026-08-07T16:52:45Z","2026-08-08T11:33:51Z","lemeurherve","2026-08","chore(pipeline): allow to run..."
"jenkinsci","jira-plugin",1173,"https://github.com/jenkinsci/jira-plugin/pull/1173","MERGED","2026-08-07T16:47:10Z","2026-08-07T17:15:30Z","rantoniuk","2026-08","chore: bump Jenkins LTS..."
"jenkinsci","svn-revert-plugin",5,"https://github.com/jenkinsci/svn-revert-plugin/pull/5","MERGED","2026-08-07T15:16:28Z","2026-08-10T09:11:12Z","timja","2026-08","Migrate from Commons Lang to..."
"jenkinsci","mac-plugin",33,"https://github.com/jenkinsci/mac-plugin/pull/33","OPEN","2026-08-07T15:16:19Z","","timja","2026-08","Migrate from Commons Lang to..."
"jenkinsci","ontrack-plugin",75,"https://github.com/jenkinsci/ontrack-plugin/pull/75","OPEN","2026-08-07T15:16:11Z","","timja","2026-08","Migrate from Commons Lang to..."
"jenkinsci","jwt-auth-plugin",77,"https://github.com/jenkinsci/jwt-auth-plugin/pull/77","OPEN","2026-08-07T15:16:03Z","","timja","2026-08","Migrate from Commons Lang to..."
"jenkinsci","deployment-notification-plugin",16,"https://github.com/jenkinsci/deployment-notification-plugin/pull/16","OPEN","2026-08-07T15:15:56Z","","timja","2026-08","Migrate from Commons Lang to..."
"jenkinsci","autonomiq-plugin",117,"https://github.com/jenkinsci/autonomiq-plugin/pull/117","OPEN","2026-08-07T15:15:47Z","","timja","2026-08","Migrate from Commons Lang to..."
"jenkinsci","template-workflows-plugin",27,"https://github.com/jenkinsci/template-workflows-plugin/pull/27","OPEN","2026-08-07T15:15:40Z","","timja","2026-08","Migrate from Commons Lang to..."
"jenkinsci","cucumber-slack-notifier-plugin",43,"https://github.com/jenkinsci/cucumber-slack-notifier-plugin/pull/43","OPEN","2026-08-07T15:15:31Z","","timja","2026-08","Migrate from Commons Lang to..."
"jenkinsci","downstream-ext-plugin",11,"https://github.com/jenkinsci/downstream-ext-plugin/pull/11","OPEN","2026-08-07T15:15:23Z","","timja","2026-08","Migrate from Commons Lang to..."
"jenkinsci","kpp-management-plugin",12,"https://github.com/jenkinsci/kpp-management-plugin/pull/12","OPEN","2026-08-07T15:15:16Z","","timja","2026-08","Migrate from Commons Lang to..."
"jenkinsci","zscaler-iac-scan-plugin",67,"https://github.com/jenkinsci/zscaler-iac-scan-plugin/pull/67","OPEN","2026-08-07T14:44:29Z","","timja","2026-08","Migrate from Commons Lang to..."
"jenkinsci","forticnp-cicd-plugin",22,"https://github.com/jenkinsci/forticnp-cicd-plugin/pull/22","OPEN","2026-08-07T14:44:21Z","","timja","2026-08","Migrate from Commons Lang to..."
"jenkinsci","semantic-versioning-plugin",61,"https://github.com/jenkinsci/semantic-versioning-plugin/pull/61","OPEN","2026-08-07T14:44:13Z","","timja","2026-08","Migrate from Commons Lang to..."
"jenkinsci","nomad-plugin",214,"https://github.com/jenkinsci/nomad-plugin/pull/214","OPEN","2026-08-07T14:44:05Z","","timja","2026-08","Migrate from Commons Lang to..."
"jenkinsci","pipeline-global-lib-nexus-plugin",34,"https://github.com/jenkinsci/pipeline-global-lib-nexus-plugin/pull/34","OPEN","2026-08-07T14:43:57Z","","timja","2026-08","Migrate from Commons Lang to..."
"jenkinsci","jobcopy-builder-plugin",35,"https://github.com/jenkinsci/jobcopy-builder-plugin/pull/35","OPEN","2026-08-07T14:43:49Z","","timja","2026-08","Migrate from Commons Lang to..."
"jenkinsci","qy-wechat-notification-plugin",17,"https://github.com/jenkinsci/qy-wechat-notification-plugin/pull/17","OPEN","2026-08-07T14:43:42Z","","timja","2026-08","Migrate from Commons Lang to..."
"jenkinsci","periodicbackup-plugin",28,"https://github.com/jenkinsci/periodicbackup-plugin/pull/28","OPEN","2026-08-07T14:43:34Z","","timja","2026-08","Migrate from Commons Lang to..."
"jenkinsci","plot-plugin",331,"https://github.com/jenkinsci/plot-plugin/pull/331","MERGED","2026-08-07T14:25:37Z","2026-08-07T15:18:27Z","MarkEWaite","2026-08","Enable automated release with..."
"jenkinsci","bom",7212,"https://github.com/jenkinsci/bom/pull/7212","MERGED","2026-08-07T14:24:33Z","2026-08-07T15:31:16Z","lemeurherve","2026-08","chore(pipeline): log..."
"jenkinsci","tics-plugin",71,"https://github.com/jenkinsci/tics-plugin/pull/71","MERGED","2026-08-07T14:23:34Z","2026-08-20T15:35:27Z","janssen-tiobe","2026-08","RM-38685: Fixed values being..."
"jenkinsci","sysdig-secure-plugin",172,"https://github.com/jenkinsci/sysdig-secure-plugin/pull/172","MERGED","2026-08-07T14:21:03Z","2026-08-07T15:48:42Z","tembleking","2026-08","chore: bump Jenkins baseline..."
"jenkinsci","docker-swarm-plugin",143,"https://github.com/jenkinsci/docker-swarm-plugin/pull/143","OPEN","2026-08-07T13:36:58Z","","MsfPablo","2026-08","Point documentation URL to..."
"jenkinsci","build-timeout-plugin",217,"https://github.com/jenkinsci/build-timeout-plugin/pull/217","MERGED","2026-08-07T13:35:33Z","2026-08-08T07:04:54Z","krisstern","2026-08","chore: update jenkins version..."
"jenkinsci","bom",7210,"https://github.com/jenkinsci/bom/pull/7210","MERGED","2026-08-07T13:21:08Z","2026-08-07T13:56:52Z","darinpope","2026-08","Skip ssh-agent 416.x in..."
"jenkinsci","bigpanda-plugin",11,"https://github.com/jenkinsci/bigpanda-plugin/pull/11","OPEN","2026-08-07T13:13:08Z","","timja","2026-08","Migrate from Commons Lang to..."
"jenkinsci","alibabacloud-pkg-deployment-plugin",4,"https://github.com/jenkinsci/alibabacloud-pkg-deployment-plugin/pull/4","OPEN","2026-08-07T13:13:00Z","","timja","2026-08","Migrate from Commons Lang to..."
"jenkinsci","thycotic-devops-secrets-vault-plugin",24,"https://github.com/jenkinsci/thycotic-devops-secrets-vault-plugin/pull/24","OPEN","2026-08-07T13:12:52Z","","timja","2026-08","Migrate from Commons Lang to..."
"jenkinsci","compuware-strobe-measurement-plugin",21,"https://github.com/jenkinsci/compuware-strobe-measurement-plugin/pull/21","OPEN","2026-08-07T13:12:44Z","","timja","2026-08","Migrate from Commons Lang to..."
"jenkinsci","compuware-common-configuration-plugin",36,"https://github.com/jenkinsci/compuware-common-configuration-plugin/pull/36","OPEN","2026-08-07T13:12:37Z","","timja","2026-08","Migrate from Commons Lang to..."
"jenkinsci","appaloosa-plugin",10,"https://github.com/jenkinsci/appaloosa-plugin/pull/10","OPEN","2026-08-07T13:12:29Z","","timja","2026-08","Migrate from Commons Lang to..."
"jenkinsci","tuleap-api-plugin",667,"https://github.com/jenkinsci/tuleap-api-plugin/pull/667","MERGED","2026-08-07T13:12:21Z","2026-08-11T09:40:38Z","timja","2026-08","Migrate from Commons Lang to..."
"jenkinsci","cavisson-ns-nd-integration-plugin",13,"https://github.com/jenkinsci/cavisson-ns-nd-integration-plugin/pull/13","OPEN","2026-08-07T13:12:14Z","","timja","2026-08","Migrate from Commons Lang to..."
"jenkinsci","maven-repo-cleaner-plugin",79,"https://github.com/jenkinsci/maven-repo-cleaner-plugin/pull/79","OPEN","2026-08-07T13:12:05Z","","timja","2026-08","Migrate from Commons Lang to..."
"jenkinsci","strict-crumb-issuer-plugin",27,"https://github.com/jenkinsci/strict-crumb-issuer-plugin/pull/27","MERGED","2026-08-07T13:11:57Z","2026-08-26T07:06:32Z","timja","2026-08","Migrate from Commons Lang to..."
"jenkinsci","peass-ci-plugin",326,"https://github.com/jenkinsci/peass-ci-plugin/pull/326","OPEN","2026-08-07T12:41:56Z","","timja","2026-08","Migrate from Commons Lang to..."
"jenkinsci","loadmance-plugin",2,"https://github.com/jenkinsci/loadmance-plugin/pull/2","OPEN","2026-08-07T12:41:01Z","","timja","2026-08","Migrate from Commons Lang to..."
"jenkinsci","oak9-plugin",23,"https://github.com/jenkinsci/oak9-plugin/pull/23","OPEN","2026-08-07T12:40:53Z","","timja","2026-08","Migrate from Commons Lang to..."
"jenkinsci","compuware-topaz-for-enterprise-data-plugin",10,"https://github.com/jenkinsci/compuware-topaz-for-enterprise-data-plugin/pull/10","OPEN","2026-08-07T12:40:46Z","","timja","2026-08","Migrate from Commons Lang to..."
"jenkinsci","ease-plugin",19,"https://github.com/jenkinsci/ease-plugin/pull/19","OPEN","2026-08-07T12:40:39Z","","timja","2026-08","Migrate from Commons Lang to..."
"jenkinsci","shortcut-job-plugin",14,"https://github.com/jenkinsci/shortcut-job-plugin/pull/14","OPEN","2026-08-07T12:40:31Z","","timja","2026-08","Migrate from Commons Lang to..."
"jenkinsci","zulip-plugin",50,"https://github.com/jenkinsci/zulip-plugin/pull/50","OPEN","2026-08-07T12:40:24Z","","timja","2026-08","Migrate from Commons Lang to..."
"jenkinsci","editable-choice-plugin",16,"https://github.com/jenkinsci/editable-choice-plugin/pull/16","OPEN","2026-08-07T12:40:16Z","","timja","2026-08","Migrate from Commons Lang to..."
"jenkinsci","rich-text-publisher-plugin",14,"https://github.com/jenkinsci/rich-text-publisher-plugin/pull/14","OPEN","2026-08-07T12:40:09Z","","timja","2026-08","Migrate from Commons Lang to..."
"jenkinsci","cachet-gating-plugin",49,"https://github.com/jenkinsci/cachet-gating-plugin/pull/49","OPEN","2026-08-07T12:25:32Z","","timja","2026-08","Migrate from Commons Lang 2..."
"jenkinsci","trunk-io-plugin",16,"https://github.com/jenkinsci/trunk-io-plugin/pull/16","OPEN","2026-08-07T12:25:24Z","","timja","2026-08","Migrate from Commons Lang to..."
"jenkinsci","oes-template-plugin",95,"https://github.com/jenkinsci/oes-template-plugin/pull/95","OPEN","2026-08-07T12:25:16Z","","timja","2026-08","Migrate from Commons Lang to..."
"jenkinsci","helix-alm-test-management-plugin",17,"https://github.com/jenkinsci/helix-alm-test-management-plugin/pull/17","OPEN","2026-08-07T12:25:09Z","","timja","2026-08","Migrate from Commons Lang to..."
"jenkinsci","yandex-cloud-workers-plugin",15,"https://github.com/jenkinsci/yandex-cloud-workers-plugin/pull/15","OPEN","2026-08-07T12:25:02Z","","timja","2026-08","Migrate from Commons Lang to..."
"jenkinsci","provar-automation-plugin",30,"https://github.com/jenkinsci/provar-automation-plugin/pull/30","MERGED","2026-08-07T12:24:54Z","2026-08-07T14:06:35Z","timja","2026-08","Migrate from Commons Lang to..."
"jenkinsci","sonic-ci-helper-plugin",58,"https://github.com/jenkinsci/sonic-ci-helper-plugin/pull/58","OPEN","2026-08-07T12:24:47Z","","timja","2026-08","Migrate from Commons Lang to..."
"jenkinsci","jsm-alert-plugin",10,"https://github.com/jenkinsci/jsm-alert-plugin/pull/10","OPEN","2026-08-07T12:24:39Z","","timja","2026-08","Migrate from Commons Lang to..."
"jenkinsci","genexus-plugin",51,"https://github.com/jenkinsci/genexus-plugin/pull/51","OPEN","2026-08-07T12:24:31Z","","timja","2026-08","Migrate from Commons Lang to..."
"jenkinsci","build-time-blame-plugin",66,"https://github.com/jenkinsci/build-time-blame-plugin/pull/66","OPEN","2026-08-07T12:24:23Z","","timja","2026-08","Migrate from Commons Lang to..."
"jenkinsci","secone-security-plugin",29,"https://github.com/jenkinsci/secone-security-plugin/pull/29","OPEN","2026-08-07T11:42:51Z","","timja","2026-08","Migrate from Commons Lang to..."
"jenkinsci","cdevents-plugin",56,"https://github.com/jenkinsci/cdevents-plugin/pull/56","OPEN","2026-08-07T11:42:42Z","","timja","2026-08","Migrate from Commons Lang to..."
"jenkinsci","mock-load-builder-plugin",126,"https://github.com/jenkinsci/mock-load-builder-plugin/pull/126","MERGED","2026-08-07T11:42:34Z","2026-08-07T16:42:29Z","timja","2026-08","Migrate from Commons Lang to..."
"jenkinsci","google-analyze-code-security-plugin",36,"https://github.com/jenkinsci/google-analyze-code-security-plugin/pull/36","OPEN","2026-08-07T11:42:27Z","","timja","2026-08","Migrate from Commons Lang to..."
"jenkinsci","advanced-installer-msi-builder-plugin",18,"https://github.com/jenkinsci/advanced-installer-msi-builder-plugin/pull/18","OPEN","2026-08-07T11:42:20Z","","timja","2026-08","Migrate from Commons Lang to..."
"jenkinsci","loadrunner-cloud-plugin",158,"https://github.com/jenkinsci/loadrunner-cloud-plugin/pull/158","OPEN","2026-08-07T11:42:12Z","","timja","2026-08","Migrate from Commons Lang to..."
"jenkinsci","pull-request-monitoring-plugin",309,"https://github.com/jenkinsci/pull-request-monitoring-plugin/pull/309","MERGED","2026-08-07T11:42:05Z","2026-08-08T19:44:19Z","timja","2026-08","Migrate from Commons Lang 2..."
"jenkinsci","fortify-on-demand-uploader-plugin",170,"https://github.com/jenkinsci/fortify-on-demand-uploader-plugin/pull/170","OPEN","2026-08-07T11:41:57Z","","timja","2026-08","Migrate from Commons Lang 2..."
"jenkinsci","violation-comments-to-stash-plugin",89,"https://github.com/jenkinsci/violation-comments-to-stash-plugin/pull/89","MERGED","2026-08-07T11:41:50Z","2026-08-07T16:03:24Z","timja","2026-08","Migrate from Commons Lang to..."
"jenkinsci","violation-comments-to-gitlab-plugin",39,"https://github.com/jenkinsci/violation-comments-to-gitlab-plugin/pull/39","MERGED","2026-08-07T11:41:43Z","2026-08-07T16:04:05Z","timja","2026-08","Migrate from Commons Lang to..."
"jenkinsci","publish-over-ftp-plugin",150,"https://github.com/jenkinsci/publish-over-ftp-plugin/pull/150","MERGED","2026-08-07T11:00:50Z","2026-08-15T09:40:03Z","timja","2026-08","Migrate from Commons Lang 2..."
"jenkinsci","black-duck-sigma-plugin",6,"https://github.com/jenkinsci/black-duck-sigma-plugin/pull/6","OPEN","2026-08-07T11:00:16Z","","timja","2026-08","Migrate from Commons Lang to..."
"jenkinsci","cloudaeye-plugin",4,"https://github.com/jenkinsci/cloudaeye-plugin/pull/4","OPEN","2026-08-07T11:00:09Z","","timja","2026-08","Migrate from Commons Lang to..."
"jenkinsci","zos-connector-plugin",128,"https://github.com/jenkinsci/zos-connector-plugin/pull/128","MERGED","2026-08-07T11:00:02Z","2026-08-07T21:36:21Z","timja","2026-08","Migrate from Commons Lang to..."
"jenkinsci","harbor-plugin",46,"https://github.com/jenkinsci/harbor-plugin/pull/46","OPEN","2026-08-07T10:59:55Z","","timja","2026-08","Migrate from Commons Lang to..."
"jenkinsci","autify-plugin",156,"https://github.com/jenkinsci/autify-plugin/pull/156","OPEN","2026-08-07T10:59:47Z","","timja","2026-08","Migrate from Commons Lang to..."
"jenkinsci","compuware-topaz-for-total-test-plugin",102,"https://github.com/jenkinsci/compuware-topaz-for-total-test-plugin/pull/102","OPEN","2026-08-07T10:59:40Z","","timja","2026-08","Migrate from Commons Lang to..."
"jenkinsci","codedx-plugin",29,"https://github.com/jenkinsci/codedx-plugin/pull/29","OPEN","2026-08-07T10:59:33Z","","timja","2026-08","Migrate from Commons Lang to..."
"jenkinsci","radargun-plugin",24,"https://github.com/jenkinsci/radargun-plugin/pull/24","MERGED","2026-08-07T10:59:25Z","2026-08-10T08:41:50Z","timja","2026-08","Migrate from Commons Lang to..."
"jenkinsci","defensics-plugin",20,"https://github.com/jenkinsci/defensics-plugin/pull/20","MERGED","2026-08-07T10:59:17Z","2026-08-10T07:05:56Z","timja","2026-08","Migrate from Commons Lang to..."
"jenkinsci","alibabacloud-ecs-plugin",68,"https://github.com/jenkinsci/alibabacloud-ecs-plugin/pull/68","OPEN","2026-08-07T10:32:48Z","","timja","2026-08","Migrate from Commons Lang to..."
"jenkinsci","newrelic-deployment-notifier-plugin",22,"https://github.com/jenkinsci/newrelic-deployment-notifier-plugin/pull/22","MERGED","2026-08-07T10:32:06Z","2026-08-07T22:38:44Z","timja","2026-08","Migrate from Commons Lang to..."
"jenkinsci","onepassword-secrets-plugin",28,"https://github.com/jenkinsci/onepassword-secrets-plugin/pull/28","OPEN","2026-08-07T10:31:51Z","","timja","2026-08","Migrate from Commons Lang to..."
"jenkinsci","snsnotify-plugin",22,"https://github.com/jenkinsci/snsnotify-plugin/pull/22","OPEN","2026-08-07T10:31:44Z","","timja","2026-08","Migrate from Commons Lang to..."
"jenkinsci","buildresult-trigger-plugin",95,"https://github.com/jenkinsci/buildresult-trigger-plugin/pull/95","MERGED","2026-08-07T10:31:36Z","2026-08-07T18:43:48Z","timja","2026-08","Migrate from Commons Lang to..."
"jenkinsci","shelve-project-plugin",62,"https://github.com/jenkinsci/shelve-project-plugin/pull/62","OPEN","2026-08-07T10:31:28Z","","timja","2026-08","Migrate from Commons Lang to..."
"jenkinsci","agent-setup-plugin",151,"https://github.com/jenkinsci/agent-setup-plugin/pull/151","MERGED","2026-08-07T10:31:21Z","2026-08-07T14:15:34Z","timja","2026-08","Migrate from Commons Lang to..."
"jenkinsci","folder-properties-plugin",56,"https://github.com/jenkinsci/folder-properties-plugin/pull/56","MERGED","2026-08-07T10:31:13Z","2026-08-07T14:49:13Z","timja","2026-08","Migrate from Commons Lang to..."
"jenkinsci","plot-plugin",330,"https://github.com/jenkinsci/plot-plugin/pull/330","MERGED","2026-08-07T10:31:05Z","2026-08-07T14:16:40Z","timja","2026-08","Migrate from Commons Lang 2..."
"jenkinsci","pipeline-cloudwatch-logs-plugin",162,"https://github.com/jenkinsci/pipeline-cloudwatch-logs-plugin/pull/162","MERGED","2026-08-07T10:03:39Z","2026-08-12T20:24:16Z","timja","2026-08","Migrate from Commons Lang 2..."
"jenkinsci","tekton-client-plugin",507,"https://github.com/jenkinsci/tekton-client-plugin/pull/507","OPEN","2026-08-07T10:03:30Z","","timja","2026-08","Migrate from Commons Lang 2..."
"jenkinsci","mabl-integration-plugin",85,"https://github.com/jenkinsci/mabl-integration-plugin/pull/85","OPEN","2026-08-07T10:03:22Z","","timja","2026-08","Migrate from Commons Lang to..."
"jenkinsci","defectdojo-plugin",24,"https://github.com/jenkinsci/defectdojo-plugin/pull/24","MERGED","2026-08-07T10:03:14Z","2026-08-10T12:41:46Z","timja","2026-08","Migrate from Commons Lang to..."
"jenkinsci","alibabacloud-credentials-plugin",10,"https://github.com/jenkinsci/alibabacloud-credentials-plugin/pull/10","OPEN","2026-08-07T10:03:06Z","","timja","2026-08","Migrate from Commons Lang to..."
"jenkinsci","mathworks-polyspace-plugin",38,"https://github.com/jenkinsci/mathworks-polyspace-plugin/pull/38","OPEN","2026-08-07T10:02:59Z","","timja","2026-08","Migrate from Commons Lang 2..."
"jenkinsci","custom-markup-formatter-plugin",16,"https://github.com/jenkinsci/custom-markup-formatter-plugin/pull/16","OPEN","2026-08-07T10:02:51Z","","timja","2026-08","Migrate from Commons Lang to..."
"jenkinsci","update-sites-manager-plugin",75,"https://github.com/jenkinsci/update-sites-manager-plugin/pull/75","OPEN","2026-08-07T10:02:44Z","","timja","2026-08","Migrate from Commons Lang to..."
"jenkinsci","snyk-security-scanner-plugin",167,"https://github.com/jenkinsci/snyk-security-scanner-plugin/pull/167","OPEN","2026-08-07T10:02:36Z","","timja","2026-08","Migrate from Commons Lang 2..."
"jenkinsci","compuware-xpediter-code-coverage-plugin",30,"https://github.com/jenkinsci/compuware-xpediter-code-coverage-plugin/pull/30","OPEN","2026-08-07T09:48:22Z","","timja","2026-08","Migrate from Commons Lang to..."
"jenkinsci","artifactz-plugin",19,"https://github.com/jenkinsci/artifactz-plugin/pull/19","OPEN","2026-08-07T09:47:47Z","","timja","2026-08","Migrate from Commons Lang to..."
"jenkinsci","tics-plugin",70,"https://github.com/jenkinsci/tics-plugin/pull/70","MERGED","2026-08-07T09:47:40Z","2026-08-21T07:38:42Z","timja","2026-08","Migrate from Commons Lang 2..."
"jenkinsci","applitools-eyes-plugin",24,"https://github.com/jenkinsci/applitools-eyes-plugin/pull/24","OPEN","2026-08-07T09:47:23Z","","timja","2026-08","Migrate from Commons Lang to..."
"jenkinsci","micro-focus-performance-center-integration-plugin",29,"https://github.com/jenkinsci/micro-focus-performance-center-integration-plugin/pull/29","OPEN","2026-08-07T09:47:16Z","","timja","2026-08","Migrate from Commons Lang to..."
"jenkinsci","custom-build-properties-plugin",85,"https://github.com/jenkinsci/custom-build-properties-plugin/pull/85","MERGED","2026-08-07T09:47:07Z","2026-08-07T11:42:36Z","timja","2026-08","Migrate from Commons Lang 2..."
"jenkinsci","minio-plugin",263,"https://github.com/jenkinsci/minio-plugin/pull/263","OPEN","2026-08-07T09:46:59Z","","timja","2026-08","Migrate from Commons Lang to..."
"jenkinsci","aws-device-farm-plugin",36,"https://github.com/jenkinsci/aws-device-farm-plugin/pull/36","OPEN","2026-08-07T09:46:52Z","","timja","2026-08","Migrate from Commons Lang to..."
"jenkinsci","bom",7206,"https://github.com/jenkinsci/bom/pull/7206","CLOSED","2026-08-07T09:07:26Z","","lemeurherve","2026-08","chore(pipeline): split tests"
"jenkinsci","lenient-shutdown-plugin",32,"https://github.com/jenkinsci/lenient-shutdown-plugin/pull/32","OPEN","2026-08-07T08:44:38Z","","timja","2026-08","Migrate from Commons Lang to..."
"jenkinsci","bmc-change-manager-imstm-plugin",49,"https://github.com/jenkinsci/bmc-change-manager-imstm-plugin/pull/49","MERGED","2026-08-07T08:41:08Z","2026-08-07T09:09:37Z","timja","2026-08","Migrate from Commons Lang to..."
"jenkinsci","global-yaml-properties-plugin",27,"https://github.com/jenkinsci/global-yaml-properties-plugin/pull/27","OPEN","2026-08-07T08:41:00Z","","timja","2026-08","Migrate from Commons Lang to..."
"jenkinsci","createjobadvanced-plugin",23,"https://github.com/jenkinsci/createjobadvanced-plugin/pull/23","OPEN","2026-08-07T08:40:53Z","","timja","2026-08","Migrate from Commons Lang to..."
"jenkinsci","acunetix-360-scan-plugin",20,"https://github.com/jenkinsci/acunetix-360-scan-plugin/pull/20","OPEN","2026-08-07T08:40:45Z","","timja","2026-08","Migrate from Commons Lang to..."
"jenkinsci","netsparker-cloud-scan-plugin",21,"https://github.com/jenkinsci/netsparker-cloud-scan-plugin/pull/21","OPEN","2026-08-07T08:40:37Z","","timja","2026-08","Migrate from Commons Lang to..."
"jenkinsci","zephyr-enterprise-test-management-plugin",40,"https://github.com/jenkinsci/zephyr-enterprise-test-management-plugin/pull/40","OPEN","2026-08-07T08:40:30Z","","timja","2026-08","Migrate from Commons Lang to..."
"jenkinsci","piketec-tpt-plugin",4,"https://github.com/jenkinsci/piketec-tpt-plugin/pull/4","OPEN","2026-08-07T08:40:22Z","","timja","2026-08","Migrate from Commons Lang to..."
"jenkinsci","tm4j-automation-plugin",70,"https://github.com/jenkinsci/tm4j-automation-plugin/pull/70","OPEN","2026-08-07T08:40:14Z","","timja","2026-08","Migrate from Commons Lang to..."
"jenkinsci","sumologic-publisher-plugin",46,"https://github.com/jenkinsci/sumologic-publisher-plugin/pull/46","OPEN","2026-08-07T08:40:05Z","","timja","2026-08","Migrate from Commons Lang to..."
"jenkinsci","meliora-testlab-plugin",22,"https://github.com/jenkinsci/meliora-testlab-plugin/pull/22","CLOSED","2026-08-07T08:13:15Z","","timja","2026-08","Migrate from Commons Lang 2..."
"jenkinsci","bmc-cfa-plugin",50,"https://github.com/jenkinsci/bmc-cfa-plugin/pull/50","MERGED","2026-08-07T08:09:55Z","2026-08-07T09:06:32Z","timja","2026-08","Migrate from Commons Lang to..."
"jenkinsci","stackrox-container-image-scanner-plugin",5,"https://github.com/jenkinsci/stackrox-container-image-scanner-plugin/pull/5","OPEN","2026-08-07T08:09:47Z","","timja","2026-08","Migrate from Commons Lang to..."
"jenkinsci","blazemeter-plugin",13,"https://github.com/jenkinsci/blazemeter-plugin/pull/13","OPEN","2026-08-07T08:09:39Z","","timja","2026-08","Migrate from Commons Lang to..."
"jenkinsci","generic-event-plugin",23,"https://github.com/jenkinsci/generic-event-plugin/pull/23","MERGED","2026-08-07T08:09:32Z","2026-08-11T08:42:12Z","timja","2026-08","Migrate from Commons Lang to..."
"jenkinsci","uipath-automation-package-plugin",232,"https://github.com/jenkinsci/uipath-automation-package-plugin/pull/232","OPEN","2026-08-07T08:09:25Z","","timja","2026-08","Migrate from Commons Lang to..."
"jenkinsci","android-signing-plugin",26,"https://github.com/jenkinsci/android-signing-plugin/pull/26","MERGED","2026-08-07T08:09:18Z","2026-08-17T01:38:44Z","timja","2026-08","Migrate from Commons Lang to..."
"jenkinsci","repo-plugin",93,"https://github.com/jenkinsci/repo-plugin/pull/93","OPEN","2026-08-07T08:09:11Z","","timja","2026-08","Migrate from Commons Lang to..."
"jenkinsci","jira-steps-plugin",279,"https://github.com/jenkinsci/jira-steps-plugin/pull/279","OPEN","2026-08-07T08:09:04Z","","timja","2026-08","Migrate from Commons Lang to..."
"jenkinsci","sonar-quality-gates-plugin",83,"https://github.com/jenkinsci/sonar-quality-gates-plugin/pull/83","MERGED","2026-08-07T08:08:57Z","2026-08-10T21:28:05Z","timja","2026-08","Migrate from Commons Lang to..."
"jenkinsci","teamconcert-plugin",32,"https://github.com/jenkinsci/teamconcert-plugin/pull/32","OPEN","2026-08-07T07:57:36Z","","timja","2026-08","Migrate from Commons Lang to..."
"jenkinsci","teamconcert-git-plugin",8,"https://github.com/jenkinsci/teamconcert-git-plugin/pull/8","OPEN","2026-08-07T07:57:04Z","","timja","2026-08","Migrate from Commons Lang to..."
"jenkinsci","kryptowire-plugin",4,"https://github.com/jenkinsci/kryptowire-plugin/pull/4","OPEN","2026-08-07T07:56:56Z","","timja","2026-08","Migrate from Commons Lang to..."
"jenkinsci","soapui-pro-functional-testing-plugin",47,"https://github.com/jenkinsci/soapui-pro-functional-testing-plugin/pull/47","OPEN","2026-08-07T07:56:49Z","","timja","2026-08","Migrate from Commons Lang to..."
"jenkinsci","teamscale-upload-plugin",25,"https://github.com/jenkinsci/teamscale-upload-plugin/pull/25","OPEN","2026-08-07T07:56:42Z","","timja","2026-08","Migrate from Commons Lang to..."
"jenkinsci","infisical-plugin",16,"https://github.com/jenkinsci/infisical-plugin/pull/16","OPEN","2026-08-07T07:56:35Z","","timja","2026-08","Migrate from Commons Lang to..."
"jenkinsci","remote-result-trigger-plugin",45,"https://github.com/jenkinsci/remote-result-trigger-plugin/pull/45","OPEN","2026-08-07T07:56:27Z","","timja","2026-08","Migrate from Commons Lang 2..."
"jenkinsci","aio-tests-plugin",23,"https://github.com/jenkinsci/aio-tests-plugin/pull/23","OPEN","2026-08-07T07:56:19Z","","timja","2026-08","Migrate from Commons Lang 2..."
"jenkinsci","active-choices-plugin",1008,"https://github.com/jenkinsci/active-choices-plugin/pull/1008","MERGED","2026-08-07T07:56:12Z","2026-08-07T08:36:34Z","timja","2026-08","Migrate from Commons Lang 2..."
"jenkinsci","stashnotifier-plugin",466,"https://github.com/jenkinsci/stashnotifier-plugin/pull/466","MERGED","2026-08-07T07:56:05Z","2026-08-07T14:36:10Z","timja","2026-08","Migrate Commons Lang from 2..."
"jenkinsci","browserstack-integration-plugin",103,"https://github.com/jenkinsci/browserstack-integration-plugin/pull/103","OPEN","2026-08-07T07:26:34Z","","timja","2026-08","Migrate from Commons Lang to..."
"jenkinsci","spotinst-plugin",123,"https://github.com/jenkinsci/spotinst-plugin/pull/123","OPEN","2026-08-07T07:26:26Z","","timja","2026-08","Migrate from Commons Lang to..."
"jenkinsci","servicenow-devops-plugin",58,"https://github.com/jenkinsci/servicenow-devops-plugin/pull/58","OPEN","2026-08-07T07:26:18Z","","timja","2026-08","Migrate from Commons Lang to..."
"jenkinsci","miniorange-two-factor-plugin",6,"https://github.com/jenkinsci/miniorange-two-factor-plugin/pull/6","OPEN","2026-08-07T07:26:10Z","","timja","2026-08","Migrate from Commons Lang to..."
"jenkinsci","thycotic-secret-server-plugin",49,"https://github.com/jenkinsci/thycotic-secret-server-plugin/pull/49","OPEN","2026-08-07T07:26:02Z","","timja","2026-08","Migrate from Commons Lang 2..."
"jenkinsci","openshift-sync-plugin",141,"https://github.com/jenkinsci/openshift-sync-plugin/pull/141","OPEN","2026-08-07T07:25:53Z","","timja","2026-08","Migrate from Commons Lang 2..."
"jenkinsci","libvirt-agent-plugin",103,"https://github.com/jenkinsci/libvirt-agent-plugin/pull/103","OPEN","2026-08-07T07:25:44Z","","timja","2026-08","Migrate from Commons Lang to..."
"jenkinsci","maven-snapshot-check-plugin",147,"https://github.com/jenkinsci/maven-snapshot-check-plugin/pull/147","MERGED","2026-08-07T07:25:37Z","2026-08-07T11:24:05Z","timja","2026-08","Migrate from Commons Lang to..."
"jenkinsci","scm-filter-jervis-plugin",48,"https://github.com/jenkinsci/scm-filter-jervis-plugin/pull/48","MERGED","2026-08-07T07:25:29Z","2026-08-07T10:57:20Z","timja","2026-08","Migrate from Commons Lang 2..."
"jenkinsci","unleash-plugin",54,"https://github.com/jenkinsci/unleash-plugin/pull/54","MERGED","2026-08-07T07:25:21Z","2026-08-24T13:40:44Z","timja","2026-08","Migrate from Commons Lang 2..."
"jenkinsci","hpe-application-automation-tools-plugin",1595,"https://github.com/jenkinsci/hpe-application-automation-tools-plugin/pull/1595","CLOSED","2026-08-07T07:20:17Z","","dradu-opentext","2026-08","Us 3233006 fail fast on bad..."
"jenkinsci","flexible-publish-plugin",27,"https://github.com/jenkinsci/flexible-publish-plugin/pull/27","MERGED","2026-08-07T07:03:56Z","2026-08-10T21:34:16Z","timja","2026-08","Migrate from Commons Lang to..."
"jenkinsci","explain-error-plugin",220,"https://github.com/jenkinsci/explain-error-plugin/pull/220","MERGED","2026-08-07T06:05:34Z","2026-08-07T12:26:25Z","shenxianpeng","2026-08","refactor: collapse..."
"jenkinsci","jenkins",27206,"https://github.com/jenkinsci/jenkins/pull/27206","CLOSED","2026-08-07T03:54:33Z","","MarkEWaite","2026-08","[WIP] Test several pull..."
"jenkinsci","bom",7205,"https://github.com/jenkinsci/bom/pull/7205","MERGED","2026-08-07T02:24:19Z","2026-08-07T13:08:43Z","darinpope","2026-08","Revert 'Update dependency..."
"jenkinsci","auditflow-plugin",36,"https://github.com/jenkinsci/auditflow-plugin/pull/36","MERGED","2026-08-07T01:22:19Z","2026-08-07T15:46:58Z","harryofficial","2026-08","Implementation of node events..."
"jenkinsci","jenkins",27204,"https://github.com/jenkinsci/jenkins/pull/27204","MERGED","2026-08-06T23:44:26Z","2026-08-09T06:54:38Z","MarkEWaite","2026-08","Reduce Windows test time in..."
"jenkinsci","publish-over-dropbox-plugin",13,"https://github.com/jenkinsci/publish-over-dropbox-plugin/pull/13","MERGED","2026-08-06T22:06:53Z","2026-08-17T01:41:03Z","timja","2026-08","Migrate from Commons Lang 2..."
"jenkinsci","xldeploy-plugin",111,"https://github.com/jenkinsci/xldeploy-plugin/pull/111","OPEN","2026-08-06T22:06:20Z","","timja","2026-08","Migrate from Commons Lang to..."
"jenkinsci","checkmarx-ast-scanner-plugin",434,"https://github.com/jenkinsci/checkmarx-ast-scanner-plugin/pull/434","OPEN","2026-08-06T22:04:25Z","","timja","2026-08","Migrate from Commons Lang 2..."
"jenkinsci","macstadium-orka-plugin",150,"https://github.com/jenkinsci/macstadium-orka-plugin/pull/150","OPEN","2026-08-06T22:04:18Z","","timja","2026-08","Migrate from Commons Lang to..."
"jenkinsci","bitbucket-oauth-plugin",17,"https://github.com/jenkinsci/bitbucket-oauth-plugin/pull/17","MERGED","2026-08-06T22:04:10Z","2026-08-11T01:05:55Z","timja","2026-08","Migrate from Commons Lang to..."
"jenkinsci","secone-security-scanner-plugin",8,"https://github.com/jenkinsci/secone-security-scanner-plugin/pull/8","OPEN","2026-08-06T22:04:04Z","","timja","2026-08","Migrate from Commons Lang 2..."
"jenkinsci","opentelemetry-agent-metrics-plugin",114,"https://github.com/jenkinsci/opentelemetry-agent-metrics-plugin/pull/114","MERGED","2026-08-06T22:03:57Z","2026-08-10T10:24:23Z","timja","2026-08","Migrate from Commons Lang 2..."
"jenkinsci","discord-notifier-plugin",162,"https://github.com/jenkinsci/discord-notifier-plugin/pull/162","MERGED","2026-08-06T22:03:51Z","2026-08-28T17:56:50Z","timja","2026-08","Migrate from Commons Lang to..."
"jenkinsci","zscan-upload-plugin",11,"https://github.com/jenkinsci/zscan-upload-plugin/pull/11","MERGED","2026-08-06T22:03:44Z","2026-08-25T17:02:14Z","timja","2026-08","Migrate from Commons Lang 2..."
"jenkinsci","zoom-plugin",38,"https://github.com/jenkinsci/zoom-plugin/pull/38","OPEN","2026-08-06T22:03:37Z","","timja","2026-08","Migrate from Commons Lang to..."
"jenkinsci","jms-messaging-plugin",384,"https://github.com/jenkinsci/jms-messaging-plugin/pull/384","MERGED","2026-08-06T21:16:44Z","2026-08-12T19:36:35Z","timja","2026-08","Migrate Commons Lang from 2..."
"jenkinsci","explain-error-plugin",219,"https://github.com/jenkinsci/explain-error-plugin/pull/219","MERGED","2026-08-06T20:16:57Z","2026-08-07T05:21:16Z","shenxianpeng","2026-08","feat: add connection..."
"jenkinsci","smart-executor-load-balancer-plugin",4,"https://github.com/jenkinsci/smart-executor-load-balancer-plugin/pull/4","OPEN","2026-08-06T18:52:37Z","","ravisalamani","2026-08","Update README badges to..."
"jenkinsci","coverage-plugin",795,"https://github.com/jenkinsci/coverage-plugin/pull/795","MERGED","2026-08-06T18:13:57Z","2026-08-08T18:18:58Z","akash-manna-sky","2026-08","Improve rendering of checks..."
"jenkinsci","configuration-as-code-plugin",2886,"https://github.com/jenkinsci/configuration-as-code-plugin/pull/2886","MERGED","2026-08-06T17:41:01Z","2026-08-07T09:37:36Z","somiljain2006","2026-08","Add variable interpolation..."
"jenkinsci","smart-executor-load-balancer-plugin",3,"https://github.com/jenkinsci/smart-executor-load-balancer-plugin/pull/3","MERGED","2026-08-06T17:40:27Z","2026-08-06T18:09:46Z","ravisalamani","2026-08","Add release-drafter config"
"jenkinsci","smart-executor-load-balancer-plugin",2,"https://github.com/jenkinsci/smart-executor-load-balancer-plugin/pull/2","MERGED","2026-08-06T16:39:06Z","2026-08-06T17:28:35Z","ravisalamani","2026-08","Lower NODE_FAULT log from..."
"jenkinsci","amazon-inspector-image-scanner-plugin",178,"https://github.com/jenkinsci/amazon-inspector-image-scanner-plugin/pull/178","CLOSED","2026-08-06T16:27:51Z","","timja","2026-08","Migrate from Commons Lang 2..."
"jenkinsci","gitee-plugin",208,"https://github.com/jenkinsci/gitee-plugin/pull/208","MERGED","2026-08-06T16:27:45Z","2026-08-06T17:07:23Z","timja","2026-08","Migrate from Commons Lang 2..."
"jenkinsci","integrity-plugin",72,"https://github.com/jenkinsci/integrity-plugin/pull/72","OPEN","2026-08-06T16:27:38Z","","timja","2026-08","Migrate from Commons Lang to..."
"jenkinsci","openid-plugin",80,"https://github.com/jenkinsci/openid-plugin/pull/80","MERGED","2026-08-06T16:27:30Z","2026-08-16T08:42:21Z","timja","2026-08","Migrate from Commons Lang to..."
"jenkinsci","appscan-plugin",290,"https://github.com/jenkinsci/appscan-plugin/pull/290","OPEN","2026-08-06T16:27:22Z","","timja","2026-08","Migrate StringEscapeUtils..."
"jenkinsci","build-history-manager-plugin",258,"https://github.com/jenkinsci/build-history-manager-plugin/pull/258","MERGED","2026-08-06T16:27:10Z","2026-08-09T07:06:30Z","timja","2026-08","Migrate from Commons Lang to..."
"jenkinsci","hetzner-cloud-plugin",119,"https://github.com/jenkinsci/hetzner-cloud-plugin/pull/119","MERGED","2026-08-06T16:26:58Z","2026-08-17T06:20:08Z","timja","2026-08","Migrate from Commons Lang 2..."
"jenkinsci","contrast-continuous-application-security-plugin",99,"https://github.com/jenkinsci/contrast-continuous-application-security-plugin/pull/99","OPEN","2026-08-06T16:26:47Z","","timja","2026-08","Migrate from Commons Lang 2..."
"jenkinsci","testcomplete-plugin",32,"https://github.com/jenkinsci/testcomplete-plugin/pull/32","OPEN","2026-08-06T16:26:37Z","","timja","2026-08","Migrate from Commons Lang to..."
"jenkinsci","qmetry-test-management-plugin",38,"https://github.com/jenkinsci/qmetry-test-management-plugin/pull/38","OPEN","2026-08-06T16:26:30Z","","timja","2026-08","Migrate from Commons Lang to..."
"jenkinsci","docker-ssh-agent",695,"https://github.com/jenkinsci/docker-ssh-agent/pull/695","MERGED","2026-08-06T16:12:28Z","2026-08-28T17:02:21Z","dduportal","2026-08","chore: switch to Adoptium..."
"jenkinsci","conjur-credentials-plugin",47,"https://github.com/jenkinsci/conjur-credentials-plugin/pull/47","OPEN","2026-08-06T16:05:19Z","","timja","2026-08","Migrate from Commons Lang to..."
"jenkinsci","scm-manager-plugin",82,"https://github.com/jenkinsci/scm-manager-plugin/pull/82","OPEN","2026-08-06T16:04:59Z","","timja","2026-08","Migrate from Commons Lang to..."
"jenkinsci","bitbucket-push-and-pull-request-plugin",392,"https://github.com/jenkinsci/bitbucket-push-and-pull-request-plugin/pull/392","MERGED","2026-08-06T16:04:55Z","2026-08-25T20:53:41Z","timja","2026-08","Migrate from Commons Lang 2..."
"jenkinsci","matlab-plugin",55,"https://github.com/jenkinsci/matlab-plugin/pull/55","CLOSED","2026-08-06T16:04:52Z","","timja","2026-08","Migrate from Commons Lang 2..."
"jenkinsci","influxdb-plugin",196,"https://github.com/jenkinsci/influxdb-plugin/pull/196","OPEN","2026-08-06T16:04:48Z","","timja","2026-08","Migrate from Commons Lang 2..."
"jenkinsci","signpath-plugin",59,"https://github.com/jenkinsci/signpath-plugin/pull/59","OPEN","2026-08-06T16:04:45Z","","timja","2026-08","Migrate from Commons Lang to..."
"jenkinsci","yaml-axis-plugin",189,"https://github.com/jenkinsci/yaml-axis-plugin/pull/189","MERGED","2026-08-06T16:04:42Z","2026-08-06T16:18:49Z","timja","2026-08","Migrate from Commons Lang 2..."
"jenkinsci","oracle-cloud-infrastructure-compute-plugin",12,"https://github.com/jenkinsci/oracle-cloud-infrastructure-compute-plugin/pull/12","OPEN","2026-08-06T16:04:38Z","","timja","2026-08","Migrate from Commons Lang 2..."
"jenkinsci","akeyless-plugin",14,"https://github.com/jenkinsci/akeyless-plugin/pull/14","MERGED","2026-08-06T16:04:34Z","2026-08-11T08:04:16Z","timja","2026-08","Migrate Commons Lang from 2..."
"jenkinsci","docker-agents",1290,"https://github.com/jenkinsci/docker-agents/pull/1290","MERGED","2026-08-06T15:46:21Z","2026-08-06T15:48:53Z","dduportal","2026-08","chore(updatecli) correct JDK..."
"jenkinsci","docker-agents",1289,"https://github.com/jenkinsci/docker-agents/pull/1289","MERGED","2026-08-06T15:01:35Z","2026-08-08T11:43:37Z","lemeurherve","2026-08","chore(updatecli): add..."
"jenkinsci","bom",7202,"https://github.com/jenkinsci/bom/pull/7202","MERGED","2026-08-06T14:09:04Z","2026-08-06T20:27:34Z","darinpope","2026-08","Pin mcp-server back to 0.190..."
"jenkinsci","job-dsl-plugin",2637,"https://github.com/jenkinsci/job-dsl-plugin/pull/2637","MERGED","2026-08-06T13:44:53Z","2026-08-06T13:45:08Z","MarkEWaite","2026-08","Allow up to 45 minutes for..."
"jenkinsci","docker-agents",1287,"https://github.com/jenkinsci/docker-agents/pull/1287","MERGED","2026-08-06T13:05:59Z","2026-08-06T13:15:28Z","lemeurherve","2026-08","chore(updatecli): add `pwsh`..."
"jenkinsci","custom-checkbox-parameter-plugin",12,"https://github.com/jenkinsci/custom-checkbox-parameter-plugin/pull/12","MERGED","2026-08-06T12:47:03Z","2026-08-06T15:19:59Z","sunweisheng","2026-08","Enable automated plugin..."
"jenkinsci","jenkinsfilelint",55,"https://github.com/jenkinsci/jenkinsfilelint/pull/55","MERGED","2026-08-06T11:53:02Z","2026-08-06T12:08:47Z","shenxianpeng","2026-08","docs: regenerate demo.gif..."
"jenkinsci","custom-checkbox-parameter-plugin",11,"https://github.com/jenkinsci/custom-checkbox-parameter-plugin/pull/11","MERGED","2026-08-06T11:20:15Z","2026-08-06T11:34:57Z","sunweisheng","2026-08","Support configured default..."
"jenkinsci","configuration-as-code-plugin",2885,"https://github.com/jenkinsci/configuration-as-code-plugin/pull/2885","CLOSED","2026-08-06T10:17:59Z","","somiljain2006","2026-08","Support folder-scoped..."
"jenkinsci","explain-error-plugin",218,"https://github.com/jenkinsci/explain-error-plugin/pull/218","MERGED","2026-08-06T09:25:34Z","2026-08-06T09:50:29Z","shenxianpeng","2026-08","Redesign banner and social..."
"jenkinsci","custom-checkbox-parameter-plugin",10,"https://github.com/jenkinsci/custom-checkbox-parameter-plugin/pull/10","MERGED","2026-08-06T09:06:10Z","2026-08-06T10:51:14Z","sunweisheng","2026-08","Modernize plugin and fix..."
"jenkinsci","docker-ssh-agent",694,"https://github.com/jenkinsci/docker-ssh-agent/pull/694","MERGED","2026-08-06T09:04:45Z","2026-08-06T13:44:21Z","lemeurherve","2026-08","chore(updatecli): run `diff`..."
"jenkinsci","docker-ssh-agent",693,"https://github.com/jenkinsci/docker-ssh-agent/pull/693","OPEN","2026-08-06T09:02:54Z","","lemeurherve","2026-08","fix(linux): ensure..."
"jenkinsci","gerrit-trigger-plugin",1029,"https://github.com/jenkinsci/gerrit-trigger-plugin/pull/1029","MERGED","2026-08-06T08:59:46Z","2026-08-06T11:01:05Z","sboardwell","2026-08","docs/add sysprop..."
"jenkinsci","jenkins",27201,"https://github.com/jenkinsci/jenkins/pull/27201","MERGED","2026-08-06T06:04:41Z","2026-08-20T21:14:02Z","Hardik180704","2026-08","Improve diagnostics for..."
"jenkinsci","global-slack-notifier-plugin",10,"https://github.com/jenkinsci/global-slack-notifier-plugin/pull/10","OPEN","2026-08-06T05:38:01Z","","tharun-quilr","2026-08","Add allowedFolders to..."
"jenkinsci","jenkins",27200,"https://github.com/jenkinsci/jenkins/pull/27200","OPEN","2026-08-06T03:57:44Z","","Anexus5919","2026-08","Restore horizontal scrolling..."
"jenkinsci","change-assembly-version-plugin",96,"https://github.com/jenkinsci/change-assembly-version-plugin/pull/96","MERGED","2026-08-06T00:46:47Z","2026-08-06T17:41:42Z","slide","2026-08","Enable continuous delivery"
"jenkinsci","bom",7199,"https://github.com/jenkinsci/bom/pull/7199","MERGED","2026-08-05T21:07:52Z","2026-08-06T11:25:05Z","darinpope","2026-08","Revert ssh-agent from 413 to..."
"jenkinsci","github-branch-source-plugin",1548,"https://github.com/jenkinsci/github-branch-source-plugin/pull/1548","OPEN","2026-08-05T20:17:09Z","","joshfree","2026-08","Preserve the HTTP response..."
"jenkinsci","jenkins",27197,"https://github.com/jenkinsci/jenkins/pull/27197","OPEN","2026-08-05T20:04:00Z","","Anexus5919","2026-08","Prevent nodes table from..."
"jenkinsci","stashnotifier-plugin",465,"https://github.com/jenkinsci/stashnotifier-plugin/pull/465","CLOSED","2026-08-05T19:52:12Z","","piotrkochan","2026-08","feat: Add..."
"jenkinsci","text-finder-plugin",344,"https://github.com/jenkinsci/text-finder-plugin/pull/344","MERGED","2026-08-05T19:06:43Z","2026-08-08T00:06:57Z","mawinter69","2026-08","forward compatibitlity for..."
"jenkinsci","docker-ssh-agent",692,"https://github.com/jenkinsci/docker-ssh-agent/pull/692","MERGED","2026-08-05T18:16:23Z","2026-08-05T22:06:42Z","lemeurherve","2026-08","chore(pipeline/linux):..."
"jenkinsci","agent-maintenance-plugin",342,"https://github.com/jenkinsci/agent-maintenance-plugin/pull/342","MERGED","2026-08-05T18:04:03Z","2026-08-05T18:28:57Z","mawinter69","2026-08","Fix a potential problem with..."
"jenkinsci","docker-ssh-agent",690,"https://github.com/jenkinsci/docker-ssh-agent/pull/690","MERGED","2026-08-05T16:48:52Z","2026-08-05T19:29:33Z","lemeurherveCB","2026-08","fix(nanoserver/tests):..."
"jenkinsci","docker-agents",1282,"https://github.com/jenkinsci/docker-agents/pull/1282","MERGED","2026-08-05T16:24:07Z","2026-08-06T08:38:54Z","lemeurherve","2026-08","chore(nanoserver): install..."
"jenkinsci","github-checks-plugin",533,"https://github.com/jenkinsci/github-checks-plugin/pull/533","MERGED","2026-08-05T16:03:08Z","2026-08-18T11:14:26Z","hickford","2026-08","Correct 'contributions..."
"jenkinsci","datadog-plugin",534,"https://github.com/jenkinsci/datadog-plugin/pull/534","OPEN","2026-08-05T15:48:07Z","","jimklimov","2026-08","Bump Jenkins core and JDK..."
"jenkinsci","entra-oauth-plugin",21,"https://github.com/jenkinsci/entra-oauth-plugin/pull/21","MERGED","2026-08-05T15:45:05Z","2026-08-10T01:03:29Z","Faheem12005","2026-08","Add Entra capability-based..."
"jenkinsci","github-branch-source-plugin",1546,"https://github.com/jenkinsci/github-branch-source-plugin/pull/1546","MERGED","2026-08-05T15:03:59Z","2026-08-05T15:53:57Z","gbhat618","2026-08","Make readResolve protected so..."
"jenkinsci","ircbot-plugin",328,"https://github.com/jenkinsci/ircbot-plugin/pull/328","MERGED","2026-08-05T14:01:40Z","2026-08-05T14:11:14Z","jimklimov","2026-08","IrcNotifyStep:..."
"jenkinsci","instant-messaging-plugin",318,"https://github.com/jenkinsci/instant-messaging-plugin/pull/318","MERGED","2026-08-05T13:59:24Z","2026-08-05T14:35:51Z","jimklimov","2026-08","BuildCommandTest.java: use..."
"jenkinsci","sedstart-runner-plugin",11,"https://github.com/jenkinsci/sedstart-runner-plugin/pull/11","MERGED","2026-08-05T13:39:32Z","2026-08-05T16:36:12Z","DasTapan09","2026-08","Update QA url"
"jenkinsci","conflict-aware-ondemand-strategy-plugin",166,"https://github.com/jenkinsci/conflict-aware-ondemand-strategy-plugin/pull/166","MERGED","2026-08-05T13:38:34Z","2026-08-05T13:46:20Z","jimklimov","2026-08","OnDemandNoConflicts.java:..."
"jenkinsci","docker-agents",1281,"https://github.com/jenkinsci/docker-agents/pull/1281","MERGED","2026-08-05T12:17:18Z","2026-08-06T14:56:48Z","dduportal","2026-08","chore(updatecli): fix..."
"jenkinsci","jms-messaging-plugin",383,"https://github.com/jenkinsci/jms-messaging-plugin/pull/383","MERGED","2026-08-05T12:14:39Z","2026-08-05T13:51:08Z","ggallen","2026-08","Set connection timeouts on..."
"jenkinsci","jfrog-plugin",63,"https://github.com/jenkinsci/jfrog-plugin/pull/63","CLOSED","2026-08-05T12:09:24Z","","naveenku-jfrog","2026-08","Fix/rteco 1721 build info url..."
"jenkinsci","jms-messaging-plugin",382,"https://github.com/jenkinsci/jms-messaging-plugin/pull/382","CLOSED","2026-08-05T11:49:30Z","","hareldev","2026-08","Fix ActiveMQ listener threads..."
"jenkinsci","docker-ssh-agent",689,"https://github.com/jenkinsci/docker-ssh-agent/pull/689","MERGED","2026-08-05T11:30:50Z","2026-08-05T12:24:28Z","lemeurherve","2026-08","fix(windows): replace..."
"jenkinsci","spotinst-plugin",122,"https://github.com/jenkinsci/spotinst-plugin/pull/122","MERGED","2026-08-05T10:50:23Z","2026-08-05T10:50:51Z","yasharma-spot-flexera","2026-08","release agent lock before..."
"jenkinsci","docker-ssh-agent",687,"https://github.com/jenkinsci/docker-ssh-agent/pull/687","MERGED","2026-08-05T09:56:10Z","2026-08-05T10:11:27Z","lemeurherve","2026-08","chore(updatecli): add `pwsh`..."
"jenkinsci","agent-maintenance-plugin",341,"https://github.com/jenkinsci/agent-maintenance-plugin/pull/341","CLOSED","2026-08-05T09:25:45Z","","Bellum45","2026-08","Fix a bug that a not existing..."
"jenkinsci","ephemeral-credentials-plugin",2,"https://github.com/jenkinsci/ephemeral-credentials-plugin/pull/2","OPEN","2026-08-05T08:52:34Z","","jimklimov","2026-08","Make use of new..."
"jenkinsci","spotinst-plugin",121,"https://github.com/jenkinsci/spotinst-plugin/pull/121","MERGED","2026-08-05T07:59:18Z","2026-08-05T07:59:57Z","yasharma-spot-flexera","2026-08","Updating jenkins doc"
"jenkinsci","spotinst-plugin",120,"https://github.com/jenkinsci/spotinst-plugin/pull/120","MERGED","2026-08-05T07:10:54Z","2026-08-05T07:12:39Z","yasharma-spot-flexera","2026-08","Syncing Master Branches"
"jenkinsci","bom",7192,"https://github.com/jenkinsci/bom/pull/7192","OPEN","2026-08-05T07:08:48Z","","janfaracik","2026-08","Test 'Make Experimental Run..."
"jenkinsci","acceptance-test-harness",2817,"https://github.com/jenkinsci/acceptance-test-harness/pull/2817","OPEN","2026-08-05T07:08:13Z","","janfaracik","2026-08","Test 'Make Experimental Run..."
"jenkinsci","lockable-resources-plugin",1074,"https://github.com/jenkinsci/lockable-resources-plugin/pull/1074","MERGED","2026-08-05T06:58:56Z","2026-08-07T08:21:33Z","mPokornyETM","2026-08","Sync missing localization..."
"jenkinsci","analysis-model",1558,"https://github.com/jenkinsci/analysis-model/pull/1558","MERGED","2026-08-05T06:20:39Z","2026-08-07T14:36:39Z","akash-manna-sky","2026-08","Add a parser for `Pyright`..."
"jenkinsci","saml-plugin",784,"https://github.com/jenkinsci/saml-plugin/pull/784","OPEN","2026-08-05T05:16:21Z","","nevingeorgesunny","2026-08","re-enable pac4j Dependabot..."
"jenkinsci","jenkins",27191,"https://github.com/jenkinsci/jenkins/pull/27191","CLOSED","2026-08-05T04:37:31Z","","MarkEWaite","2026-08","[WIP] Test several pull..."
"jenkinsci","eggplant-runner-plugin",88,"https://github.com/jenkinsci/eggplant-runner-plugin/pull/88","MERGED","2026-08-05T02:02:50Z","2026-08-14T07:12:35Z","ZiLiangYeoh","2026-08","Update plugin to support DAI..."
"jenkinsci","docker-ssh-agent",685,"https://github.com/jenkinsci/docker-ssh-agent/pull/685","OPEN","2026-08-04T23:24:57Z","","lemeurherve","2026-08","feat: add Nanoserver LTSC..."
"jenkinsci","bom",7189,"https://github.com/jenkinsci/bom/pull/7189","CLOSED","2026-08-04T22:37:29Z","","MarkEWaite","2026-08","[WIP] Test several pull..."
"jenkinsci","jenkins",27190,"https://github.com/jenkinsci/jenkins/pull/27190","CLOSED","2026-08-04T22:15:48Z","","MarkEWaite","2026-08","[WIP] Test several pull..."
"jenkinsci","jenkins",27189,"https://github.com/jenkinsci/jenkins/pull/27189","OPEN","2026-08-04T21:46:38Z","","janfaracik","2026-08","Add initial implementation of..."
"jenkinsci","mcp-server-plugin",216,"https://github.com/jenkinsci/mcp-server-plugin/pull/216","OPEN","2026-08-04T21:02:57Z","","mawinter69","2026-08","Tool to cancel builds"
"jenkinsci","stapler",788,"https://github.com/jenkinsci/stapler/pull/788","OPEN","2026-08-04T19:08:45Z","","apuig","2026-08","Playing with Error Prone..."
"jenkinsci","winstone",545,"https://github.com/jenkinsci/winstone/pull/545","CLOSED","2026-08-04T17:26:00Z","","Manideep3969","2026-08","Fix symlink traversal in..."
"jenkinsci","deploy-plugin",58,"https://github.com/jenkinsci/deploy-plugin/pull/58","MERGED","2026-08-04T14:48:06Z","2026-08-04T16:59:04Z","jansohn","2026-08","Enable automatic releases via..."
"jenkinsci","analysis-model",1557,"https://github.com/jenkinsci/analysis-model/pull/1557","MERGED","2026-08-04T13:31:21Z","2026-08-07T14:23:02Z","Sopuru","2026-08","Support anchorectl app..."
"jenkinsci","docker-agents",1280,"https://github.com/jenkinsci/docker-agents/pull/1280","MERGED","2026-08-04T13:29:02Z","2026-08-15T11:59:29Z","dduportal","2026-08","cleanup: drop support of..."
"jenkinsci","gerrit-code-review-plugin",94,"https://github.com/jenkinsci/gerrit-code-review-plugin/pull/94","OPEN","2026-08-04T13:21:07Z","","NVGreg","2026-08","CI mirror: Reconcile..."
"jenkinsci","gerrit-code-review-plugin",93,"https://github.com/jenkinsci/gerrit-code-review-plugin/pull/93","OPEN","2026-08-04T13:20:38Z","","NVGreg","2026-08","CI mirror: Run Gerrit steps..."
"jenkinsci","docker",2430,"https://github.com/jenkinsci/docker/pull/2430","MERGED","2026-08-04T12:22:45Z","2026-08-04T13:13:21Z","dduportal","2026-08","feat: backports for LTS..."
"jenkinsci","absint-astree-plugin",36,"https://github.com/jenkinsci/absint-astree-plugin/pull/36","OPEN","2026-08-04T11:30:51Z","","strangelookingnerd","2026-08","Migrate tests to JUnit..."
"jenkinsci","docker-ssh-agent",682,"https://github.com/jenkinsci/docker-ssh-agent/pull/682","MERGED","2026-08-04T11:26:28Z","2026-08-05T09:46:48Z","lemeurherve","2026-08","chore(nanoserver): install..."
"jenkinsci","junit-plugin",1245,"https://github.com/jenkinsci/junit-plugin/pull/1245","MERGED","2026-08-04T11:21:29Z","2026-08-05T07:05:15Z","uhafner","2026-08","Use the official JUnit logo..."
"jenkinsci","publish-over-ssh-plugin",430,"https://github.com/jenkinsci/publish-over-ssh-plugin/pull/430","MERGED","2026-08-04T11:03:58Z","2026-08-08T18:13:28Z","strangelookingnerd","2026-08","Ban JUnit 4 imports"
"jenkinsci","sysdig-secure-plugin",171,"https://github.com/jenkinsci/sysdig-secure-plugin/pull/171","MERGED","2026-08-04T10:43:03Z","2026-08-05T08:29:59Z","tembleking","2026-08","chore: bump..."
"jenkinsci","sysdig-secure-plugin",169,"https://github.com/jenkinsci/sysdig-secure-plugin/pull/169","MERGED","2026-08-04T10:05:59Z","2026-08-05T08:29:59Z","tembleking","2026-08","fix(iac): scan the workspace..."
"jenkinsci","sysdig-secure-plugin",168,"https://github.com/jenkinsci/sysdig-secure-plugin/pull/168","MERGED","2026-08-04T09:58:00Z","2026-08-05T08:29:58Z","tembleking","2026-08","fix(iac): make multi-scan..."
"jenkinsci","kubernetes-plugin",2864,"https://github.com/jenkinsci/kubernetes-plugin/pull/2864","OPEN","2026-08-04T09:36:43Z","","anon767","2026-08","Do not inline the agent..."
"jenkinsci","p4-plugin",281,"https://github.com/jenkinsci/p4-plugin/pull/281","OPEN","2026-08-04T08:54:40Z","","ajindal-mdx","2026-08","Walk back to last baseline..."
"jenkinsci","publish-over-ssh-plugin",429,"https://github.com/jenkinsci/publish-over-ssh-plugin/pull/429","OPEN","2026-08-04T07:32:52Z","","amprem","2026-08","fix: support ssh publishing..."
"jenkinsci","xldeploy-plugin",110,"https://github.com/jenkinsci/xldeploy-plugin/pull/110","MERGED","2026-08-04T06:18:30Z","2026-08-06T13:38:58Z","balaji-digital-ai","2026-08","S-136031: Fix the permission..."
"jenkinsci","docker-ssh-agent",681,"https://github.com/jenkinsci/docker-ssh-agent/pull/681","MERGED","2026-08-04T06:11:44Z","2026-08-30T20:24:33Z","dduportal","2026-08","cleanup: drop support of..."
"jenkinsci","config-splice-plugin",4,"https://github.com/jenkinsci/config-splice-plugin/pull/4","MERGED","2026-08-04T05:24:41Z","2026-08-04T05:53:51Z","sssousa","2026-08","Add Freestyle build step;..."
"jenkinsci","jenkins",27186,"https://github.com/jenkinsci/jenkins/pull/27186","CLOSED","2026-08-04T05:24:30Z","","Manideep3969","2026-08","Fix NullPointerException..."
"jenkinsci","git-forensics-plugin",1286,"https://github.com/jenkinsci/git-forensics-plugin/pull/1286","MERGED","2026-08-04T04:19:53Z","2026-08-07T19:14:27Z","akash-manna-sky","2026-08","Calling `minerepository()`..."
"jenkinsci","resources-ai-chatbot-plugin",440,"https://github.com/jenkinsci/resources-ai-chatbot-plugin/pull/440","MERGED","2026-08-04T02:30:02Z","2026-08-04T02:52:33Z","berviantoleo","2026-08","Enable ban-junit4-imports..."
"jenkinsci","gerrit-code-review-plugin",92,"https://github.com/jenkinsci/gerrit-code-review-plugin/pull/92","CLOSED","2026-08-04T01:37:56Z","","NVGreg","2026-08","CI mirror: Protect Pipeline..."
"jenkinsci","gerrit-code-review-plugin",91,"https://github.com/jenkinsci/gerrit-code-review-plugin/pull/91","CLOSED","2026-08-04T01:37:13Z","","NVGreg","2026-08","CI mirror: Keep Gerrit..."
"jenkinsci","calendar-view-plugin",213,"https://github.com/jenkinsci/calendar-view-plugin/pull/213","MERGED","2026-08-03T23:39:00Z","2026-08-03T23:48:11Z","malice00","2026-08","Method 'jsonEscape'..."
"jenkinsci","jms-messaging-plugin",380,"https://github.com/jenkinsci/jms-messaging-plugin/pull/380","MERGED","2026-08-03T23:34:11Z","2026-08-04T00:35:07Z","ggallen","2026-08","Fix race between concurrent..."
"jenkinsci","configuration-as-code-plugin",2884,"https://github.com/jenkinsci/configuration-as-code-plugin/pull/2884","MERGED","2026-08-03T22:34:44Z","2026-08-05T21:21:57Z","somiljain2006","2026-08","Add JCasC export action for..."
"jenkinsci","config-splice-plugin",3,"https://github.com/jenkinsci/config-splice-plugin/pull/3","MERGED","2026-08-03T22:05:43Z","2026-08-03T23:59:18Z","sssousa","2026-08","Add generic XML element..."
"jenkinsci","gradle-convention-plugin",613,"https://github.com/jenkinsci/gradle-convention-plugin/pull/613","MERGED","2026-08-03T17:49:26Z","2026-08-03T17:53:32Z","aaravmahajanofficial","2026-08","chore: disable treating all..."
"jenkinsci","opentelemetry-plugin",1292,"https://github.com/jenkinsci/opentelemetry-plugin/pull/1292","CLOSED","2026-08-03T17:31:47Z","","mzakrze","2026-08","Mzakrze changes"
"jenkinsci","docker-ssh-agent",680,"https://github.com/jenkinsci/docker-ssh-agent/pull/680","OPEN","2026-08-03T17:28:35Z","","lemeurherve","2026-08","chore(pipeline): build all..."
"jenkinsci","jenkins",27185,"https://github.com/jenkinsci/jenkins/pull/27185","CLOSED","2026-08-03T17:19:21Z","","Manideep3969","2026-08","Fix..."
"jenkinsci","mcp-server-plugin",215,"https://github.com/jenkinsci/mcp-server-plugin/pull/215","OPEN","2026-08-03T17:05:39Z","","mawinter69","2026-08","tools for agents"
"jenkinsci","credentials-plugin",1072,"https://github.com/jenkinsci/credentials-plugin/pull/1072","MERGED","2026-08-03T16:17:34Z","2026-08-10T11:53:59Z","Racknaraock","2026-08","[JENKINS-62429] Allow..."
"jenkinsci","jms-messaging-plugin",379,"https://github.com/jenkinsci/jms-messaging-plugin/pull/379","MERGED","2026-08-03T16:10:58Z","2026-08-03T21:27:32Z","ggallen","2026-08","Fix NPE race condition in..."
"jenkinsci","jms-messaging-plugin",378,"https://github.com/jenkinsci/jms-messaging-plugin/pull/378","MERGED","2026-08-03T15:56:16Z","2026-08-04T01:25:09Z","ggallen","2026-08","Fix getMessageHeaders() crash..."
"jenkinsci","user-guide-ai-chatbot-plugin",31,"https://github.com/jenkinsci/user-guide-ai-chatbot-plugin/pull/31","MERGED","2026-08-03T14:52:00Z","2026-08-18T15:28:58Z","thatsdc","2026-08","8th PR: Implement..."
"jenkinsci","sonar-gerrit-plugin",305,"https://github.com/jenkinsci/sonar-gerrit-plugin/pull/305","MERGED","2026-08-03T14:16:01Z","2026-08-04T08:30:05Z","timja","2026-08","Migrate from Commons Lang 2..."
"jenkinsci","youtrack-plugin",12,"https://github.com/jenkinsci/youtrack-plugin/pull/12","OPEN","2026-08-03T14:05:30Z","","timja","2026-08","Remove usages of Commons Lang..."
"jenkinsci","html-audio-notifier-plugin",4,"https://github.com/jenkinsci/html-audio-notifier-plugin/pull/4","OPEN","2026-08-03T14:05:23Z","","timja","2026-08","Remove usages of Commons Lang..."
"jenkinsci","collabnet-plugin",75,"https://github.com/jenkinsci/collabnet-plugin/pull/75","OPEN","2026-08-03T14:05:17Z","","timja","2026-08","Remove usages of Commons Lang..."
"jenkinsci","clif-performance-testing-plugin",30,"https://github.com/jenkinsci/clif-performance-testing-plugin/pull/30","CLOSED","2026-08-03T14:05:10Z","","timja","2026-08","Remove usages of Commons Lang..."
"jenkinsci","nsiqcollector-plugin",2,"https://github.com/jenkinsci/nsiqcollector-plugin/pull/2","OPEN","2026-08-03T14:03:53Z","","timja","2026-08","Remove usages of Commons Lang..."
"jenkinsci","nodepool-agents-plugin",48,"https://github.com/jenkinsci/nodepool-agents-plugin/pull/48","OPEN","2026-08-03T14:03:46Z","","timja","2026-08","Remove usages of Commons Lang..."
"jenkinsci","mentor-questa-vrm-plugin",2,"https://github.com/jenkinsci/mentor-questa-vrm-plugin/pull/2","OPEN","2026-08-03T14:03:39Z","","timja","2026-08","Remove usages of Commons Lang..."
"jenkinsci","safe-batch-environment-filter-plugin",13,"https://github.com/jenkinsci/safe-batch-environment-filter-plugin/pull/13","MERGED","2026-08-03T14:03:32Z","2026-08-20T16:46:38Z","timja","2026-08","Remove usages of Commons Lang..."
"jenkinsci","resources-ai-chatbot-plugin",439,"https://github.com/jenkinsci/resources-ai-chatbot-plugin/pull/439","OPEN","2026-08-03T13:59:30Z","","arjun-713","2026-08","Integrate Diagnosis Parser..."
"jenkinsci","adobe-cloud-manager-plugin",113,"https://github.com/jenkinsci/adobe-cloud-manager-plugin/pull/113","OPEN","2026-08-03T13:53:30Z","","timja","2026-08","Migrate from Commons Lang 2..."
"jenkinsci","tuleap-oauth-plugin",560,"https://github.com/jenkinsci/tuleap-oauth-plugin/pull/560","MERGED","2026-08-03T13:53:23Z","2026-08-03T14:18:21Z","timja","2026-08","Migrate from Commons Lang 2..."
"jenkinsci","requests-plugin",16,"https://github.com/jenkinsci/requests-plugin/pull/16","OPEN","2026-08-03T13:53:16Z","","timja","2026-08","Migrate from Commons Lang 2..."
"jenkinsci","vmanager-plugin",35,"https://github.com/jenkinsci/vmanager-plugin/pull/35","OPEN","2026-08-03T13:53:10Z","","timja","2026-08","Migrate from Commons Lang 2..."
"jenkinsci","codebuild-cloud-plugin",44,"https://github.com/jenkinsci/codebuild-cloud-plugin/pull/44","OPEN","2026-08-03T13:53:03Z","","timja","2026-08","Migrate from Commons Lang 2..."
"jenkinsci","casdoor-auth-plugin",97,"https://github.com/jenkinsci/casdoor-auth-plugin/pull/97","MERGED","2026-08-03T13:52:57Z","2026-08-03T17:16:04Z","timja","2026-08","fix: remove import of Commons..."
"jenkinsci","helm-charts",1737,"https://github.com/jenkinsci/helm-charts/pull/1737","MERGED","2026-08-03T13:41:00Z","2026-08-03T13:57:38Z","Aransh","2026-08","Statefulset..."
"jenkinsci","servicenow-cicd-plugin",66,"https://github.com/jenkinsci/servicenow-cicd-plugin/pull/66","OPEN","2026-08-03T13:38:27Z","","timja","2026-08","Migrate Commons Lang from 2..."
"jenkinsci","pipeline-restful-api-plugin",29,"https://github.com/jenkinsci/pipeline-restful-api-plugin/pull/29","OPEN","2026-08-03T13:36:53Z","","timja","2026-08","Remove usages of Commons Lang..."
"jenkinsci","artifact-repository-parameter-plugin",33,"https://github.com/jenkinsci/artifact-repository-parameter-plugin/pull/33","OPEN","2026-08-03T13:36:21Z","","timja","2026-08","Migrate from Commons Lang 2..."
"jenkinsci","qualys-was-plugin",42,"https://github.com/jenkinsci/qualys-was-plugin/pull/42","OPEN","2026-08-03T13:36:14Z","","timja","2026-08","Migrate from Commons Lang 2..."
"jenkinsci","aws-sam-plugin",48,"https://github.com/jenkinsci/aws-sam-plugin/pull/48","OPEN","2026-08-03T13:36:06Z","","timja","2026-08","Remove usages of Commons Lang..."
"jenkinsci","chatwork-plugin",66,"https://github.com/jenkinsci/chatwork-plugin/pull/66","MERGED","2026-08-03T13:36:00Z","2026-08-05T00:15:12Z","timja","2026-08","Remove usages of Commons Lang..."
"jenkinsci","electricflow-plugin",422,"https://github.com/jenkinsci/electricflow-plugin/pull/422","OPEN","2026-08-03T13:26:39Z","","timja","2026-08","Remove usages of Commons Lang..."
"jenkinsci","ircbot-plugin",327,"https://github.com/jenkinsci/ircbot-plugin/pull/327","MERGED","2026-08-03T13:26:32Z","2026-08-05T13:39:39Z","timja","2026-08","Migrate from Commons Lang 2..."
"jenkinsci","aws-beanstalk-publisher-plugin",116,"https://github.com/jenkinsci/aws-beanstalk-publisher-plugin/pull/116","OPEN","2026-08-03T13:26:26Z","","timja","2026-08","Migrate from Commons Lang 2..."
"jenkinsci","groovy-events-listener-plugin",241,"https://github.com/jenkinsci/groovy-events-listener-plugin/pull/241","MERGED","2026-08-03T13:26:19Z","2026-08-31T19:06:18Z","timja","2026-08","Remove usages of Commons Lang..."
"jenkinsci","jira-integration-plugin",19,"https://github.com/jenkinsci/jira-integration-plugin/pull/19","MERGED","2026-08-03T13:26:13Z","2026-08-10T15:41:36Z","timja","2026-08","Migrate from Commons Lang 2..."
"jenkinsci","ivytrigger-plugin",103,"https://github.com/jenkinsci/ivytrigger-plugin/pull/103","MERGED","2026-08-03T13:26:06Z","2026-08-07T18:46:48Z","timja","2026-08","Migrate from Commons Lang 2..."
"jenkinsci","mesos-plugin",423,"https://github.com/jenkinsci/mesos-plugin/pull/423","OPEN","2026-08-03T13:00:27Z","","timja","2026-08","Remove usages of Commons Lang..."
"jenkinsci","custom-checkbox-parameter-plugin",9,"https://github.com/jenkinsci/custom-checkbox-parameter-plugin/pull/9","MERGED","2026-08-03T12:54:09Z","2026-08-06T06:21:11Z","timja","2026-08","Remove usages of Commons Lang..."
"jenkinsci","qtest-plugin",16,"https://github.com/jenkinsci/qtest-plugin/pull/16","OPEN","2026-08-03T12:52:16Z","","timja","2026-08","Remove usages of Commons Lang..."
"jenkinsci","collapsing-console-sections-plugin",88,"https://github.com/jenkinsci/collapsing-console-sections-plugin/pull/88","MERGED","2026-08-03T12:52:09Z","2026-08-06T12:46:36Z","timja","2026-08","Remove usages of Commons Lang..."
"jenkinsci","openstack-cloud-plugin",474,"https://github.com/jenkinsci/openstack-cloud-plugin/pull/474","MERGED","2026-08-03T12:50:52Z","2026-08-03T16:44:32Z","timja","2026-08","Migrate from Commons Lang 2..."
"jenkinsci","external-workspace-manager-plugin",83,"https://github.com/jenkinsci/external-workspace-manager-plugin/pull/83","MERGED","2026-08-03T12:50:47Z","2026-08-04T06:48:04Z","timja","2026-08","Migrate from Commons Lang 2..."
"jenkinsci","doclinks-plugin",56,"https://github.com/jenkinsci/doclinks-plugin/pull/56","OPEN","2026-08-03T12:50:42Z","","timja","2026-08","Remove usages of Commons Lang..."
"jenkinsci","ssh-agent-plugin",298,"https://github.com/jenkinsci/ssh-agent-plugin/pull/298","MERGED","2026-08-03T12:48:56Z","2026-08-04T09:14:31Z","ogulcanaydogan","2026-08","test: match ssh-agent socket..."
"jenkinsci","docker-swarm-plugin",142,"https://github.com/jenkinsci/docker-swarm-plugin/pull/142","MERGED","2026-08-03T12:44:32Z","2026-08-04T21:14:23Z","timja","2026-08","Remove usages of Commons Lang..."
"jenkinsci","openshift-login-plugin",19,"https://github.com/jenkinsci/openshift-login-plugin/pull/19","OPEN","2026-08-03T12:44:26Z","","timja","2026-08","Remove usages of Commons Lang..."
"jenkinsci","cas-plugin",55,"https://github.com/jenkinsci/cas-plugin/pull/55","MERGED","2026-08-03T12:44:19Z","2026-08-05T19:20:19Z","timja","2026-08","Migrate from Commons Lang 2..."
"jenkinsci","change-assembly-version-plugin",95,"https://github.com/jenkinsci/change-assembly-version-plugin/pull/95","MERGED","2026-08-03T12:44:13Z","2026-08-03T17:06:20Z","timja","2026-08","Remove usages of Commons Lang..."
"jenkinsci","gerrit-code-review-plugin",90,"https://github.com/jenkinsci/gerrit-code-review-plugin/pull/90","OPEN","2026-08-03T12:16:38Z","","timja","2026-08","Migrate from Commons Lang 2..."
"jenkinsci","aws-codepipeline-plugin",7,"https://github.com/jenkinsci/aws-codepipeline-plugin/pull/7","OPEN","2026-08-03T12:16:00Z","","timja","2026-08","Migrate Commons Lang from 2..."
"jenkinsci","jira-ext-plugin",80,"https://github.com/jenkinsci/jira-ext-plugin/pull/80","OPEN","2026-08-03T12:10:59Z","","timja","2026-08","Migrate from Commons Lang 2..."
"jenkinsci","sauce-ondemand-plugin",269,"https://github.com/jenkinsci/sauce-ondemand-plugin/pull/269","OPEN","2026-08-03T12:10:52Z","","timja","2026-08","Migrate from Commons Lang 2..."
"jenkinsci","ownership-plugin",106,"https://github.com/jenkinsci/ownership-plugin/pull/106","MERGED","2026-08-03T12:10:46Z","2026-08-05T07:07:08Z","timja","2026-08","Remove usages of Commons Lang..."
"jenkinsci","synopsys-coverity-plugin",29,"https://github.com/jenkinsci/synopsys-coverity-plugin/pull/29","OPEN","2026-08-03T11:58:36Z","","timja","2026-08","Migrate from Commons Lang 2..."
"jenkinsci","github-autostatus-plugin",215,"https://github.com/jenkinsci/github-autostatus-plugin/pull/215","MERGED","2026-08-03T11:52:02Z","2026-08-05T13:25:05Z","timja","2026-08","Remove usages of Commons Lang..."
"jenkinsci","maven-metadata-plugin",70,"https://github.com/jenkinsci/maven-metadata-plugin/pull/70","OPEN","2026-08-03T11:41:09Z","","timja","2026-08","Migrate from Commons Lang 2..."
"jenkinsci","clearcase-plugin",42,"https://github.com/jenkinsci/clearcase-plugin/pull/42","OPEN","2026-08-03T11:41:03Z","","timja","2026-08","Migrate from Commons Lang 2..."
"jenkinsci","xray-connector-plugin",96,"https://github.com/jenkinsci/xray-connector-plugin/pull/96","OPEN","2026-08-03T11:40:38Z","","timja","2026-08","Remove usages of Commons Lang..."
"jenkinsci","hpe-application-automation-tools-plugin",1594,"https://github.com/jenkinsci/hpe-application-automation-tools-plugin/pull/1594","MERGED","2026-08-03T11:40:31Z","2026-08-05T11:58:22Z","timja","2026-08","Migrate from Commons Lang 2..."
"jenkinsci","github-pr-coverage-status-plugin",129,"https://github.com/jenkinsci/github-pr-coverage-status-plugin/pull/129","OPEN","2026-08-03T11:40:24Z","","timja","2026-08","Migrate from Commons Lang 2..."
"jenkinsci","codesonar-plugin",48,"https://github.com/jenkinsci/codesonar-plugin/pull/48","OPEN","2026-08-03T11:40:19Z","","timja","2026-08","Migrate from Commons Lang 2..."
"jenkinsci","keycloak-plugin",29,"https://github.com/jenkinsci/keycloak-plugin/pull/29","OPEN","2026-08-03T11:39:38Z","","timja","2026-08","Remove usages of Commons Lang..."
"jenkinsci","android-emulator-plugin",304,"https://github.com/jenkinsci/android-emulator-plugin/pull/304","MERGED","2026-08-03T11:38:11Z","2026-08-03T20:40:29Z","timja","2026-08","Enable the ban-commons-lang-2..."
"jenkinsci","google-storage-plugin",347,"https://github.com/jenkinsci/google-storage-plugin/pull/347","MERGED","2026-08-03T11:38:04Z","2026-08-05T11:47:06Z","timja","2026-08","Migrate from Commons Lang 2..."
"jenkinsci","instant-messaging-plugin",317,"https://github.com/jenkinsci/instant-messaging-plugin/pull/317","MERGED","2026-08-03T11:37:57Z","2026-08-05T13:40:51Z","timja","2026-08","Migrate from Commons Lang 2..."
"jenkinsci","sloccount-plugin",110,"https://github.com/jenkinsci/sloccount-plugin/pull/110","OPEN","2026-08-03T11:37:52Z","","timja","2026-08","Remove usages of Commons Lang..."
"jenkinsci","docker-custom-build-environment-plugin",85,"https://github.com/jenkinsci/docker-custom-build-environment-plugin/pull/85","OPEN","2026-08-03T11:24:48Z","","timja","2026-08","Remove usages of Commons Lang..."
"jenkinsci","mattermost-plugin",19,"https://github.com/jenkinsci/mattermost-plugin/pull/19","OPEN","2026-08-03T11:24:42Z","","timja","2026-08","Remove usages of Commons Lang..."
"jenkinsci","ec2-fleet-plugin",582,"https://github.com/jenkinsci/ec2-fleet-plugin/pull/582","MERGED","2026-08-03T11:23:50Z","2026-08-03T13:24:36Z","timja","2026-08","Migrate from Commons Lang 2..."
"jenkinsci","fortify-plugin",84,"https://github.com/jenkinsci/fortify-plugin/pull/84","OPEN","2026-08-03T11:23:48Z","","timja","2026-08","Migrate from Commons Lang 2..."
"jenkinsci","m2release-plugin",195,"https://github.com/jenkinsci/m2release-plugin/pull/195","MERGED","2026-08-03T11:14:29Z","2026-08-03T13:31:10Z","MarkEWaite","2026-08","Automate release with JEP-229"
"jenkinsci","vsphere-cloud-plugin",184,"https://github.com/jenkinsci/vsphere-cloud-plugin/pull/184","MERGED","2026-08-03T11:07:30Z","2026-08-05T12:33:21Z","timja","2026-08","Migrate from Commons Lang 2..."
"jenkinsci","xldeploy-plugin",109,"https://github.com/jenkinsci/xldeploy-plugin/pull/109","OPEN","2026-08-03T10:33:11Z","","rake-ai","2026-08","S-136031: fix permission..."
"jenkinsci","docker-agents",1276,"https://github.com/jenkinsci/docker-agents/pull/1276","CLOSED","2026-08-03T10:03:08Z","","dduportal","2026-08","Update bake platform tooling"
"jenkinsci","amazon-ecr-plugin",223,"https://github.com/jenkinsci/amazon-ecr-plugin/pull/223","MERGED","2026-08-03T09:26:26Z","2026-08-03T09:34:54Z","TobiX","2026-08","Add codeowners file"
"jenkinsci","test-results-analyzer-plugin",161,"https://github.com/jenkinsci/test-results-analyzer-plugin/pull/161","OPEN","2026-08-03T07:53:39Z","","pfeilh","2026-08","feature-hide N/A tests..."
"jenkinsci","jenkins",27184,"https://github.com/jenkinsci/jenkins/pull/27184","CLOSED","2026-08-03T06:40:42Z","","Manideep3969","2026-08","Add AbortController support..."
"jenkinsci","config-splice-plugin",2,"https://github.com/jenkinsci/config-splice-plugin/pull/2","MERGED","2026-08-03T03:26:15Z","2026-08-03T03:44:05Z","sssousa","2026-08","Migrate from jackson2-api..."
"jenkinsci","config-splice-plugin",1,"https://github.com/jenkinsci/config-splice-plugin/pull/1","MERGED","2026-08-03T01:25:54Z","2026-08-03T02:07:37Z","sssousa","2026-08","Use imports instead of..."
"jenkinsci","publish-over-ssh-plugin",426,"https://github.com/jenkinsci/publish-over-ssh-plugin/pull/426","MERGED","2026-08-02T20:12:22Z","2026-08-08T09:50:46Z","beslst","2026-08","Bump publish-over to..."
"jenkinsci","explain-error-plugin",216,"https://github.com/jenkinsci/explain-error-plugin/pull/216","MERGED","2026-08-02T17:39:59Z","2026-08-06T09:06:40Z","shenxianpeng","2026-08","feat: add OpenAI Compatible..."
"jenkinsci","pipeline-graph-view-plugin",1406,"https://github.com/jenkinsci/pipeline-graph-view-plugin/pull/1406","MERGED","2026-08-02T17:15:08Z","2026-08-10T21:47:57Z","janfaracik","2026-08","Align UI with whole pixels +..."
"jenkinsci","artifactory-artifact-manager-plugin",185,"https://github.com/jenkinsci/artifactory-artifact-manager-plugin/pull/185","MERGED","2026-08-02T14:56:54Z","2026-08-08T11:22:50Z","jonesbusy","2026-08","Display Artifactory logo with..."
"jenkinsci","emergency-stop-pipelines-plugin",7,"https://github.com/jenkinsci/emergency-stop-pipelines-plugin/pull/7","MERGED","2026-08-02T12:58:10Z","2026-08-02T15:50:56Z","nikos445","2026-08","Fix/code quality and security"
"jenkinsci","emergency-stop-pipelines-plugin",6,"https://github.com/jenkinsci/emergency-stop-pipelines-plugin/pull/6","MERGED","2026-08-02T08:51:59Z","2026-08-02T08:52:10Z","nikos445","2026-08","Version bumps"
"jenkinsci","explain-error-plugin",215,"https://github.com/jenkinsci/explain-error-plugin/pull/215","MERGED","2026-08-01T19:57:56Z","2026-08-01T20:28:44Z","shenxianpeng","2026-08","docs: add..."
"jenkinsci","gitee-plugin",207,"https://github.com/jenkinsci/gitee-plugin/pull/207","MERGED","2026-08-01T19:31:12Z","2026-08-01T19:32:53Z","MarkEWaite","2026-08","Revert 'Bump..."
"jenkinsci","platformlabeler-plugin",2087,"https://github.com/jenkinsci/platformlabeler-plugin/pull/2087","MERGED","2026-08-01T17:28:15Z","2026-08-01T17:52:55Z","mawinter69","2026-08","Export PlatformDetails"
"jenkinsci","mcp-server-plugin",214,"https://github.com/jenkinsci/mcp-server-plugin/pull/214","MERGED","2026-08-01T13:33:56Z","2026-08-03T00:37:14Z","mawinter69","2026-08","use Jenkins 2.541.3"
"jenkinsci","bom",7171,"https://github.com/jenkinsci/bom/pull/7171","CLOSED","2026-08-01T12:23:18Z","","MarkEWaite","2026-08","Test git client plugin..."
"jenkinsci","artifactory-artifact-manager-plugin",184,"https://github.com/jenkinsci/artifactory-artifact-manager-plugin/pull/184","OPEN","2026-08-01T09:05:26Z","","loghit34","2026-08","Add verbose logging option..."
"jenkinsci","login-theme-plugin",188,"https://github.com/jenkinsci/login-theme-plugin/pull/188","MERGED","2026-08-01T08:56:11Z","2026-08-01T09:59:38Z","janfaracik","2026-08","Fix plugin for 2.574"
"jenkinsci","git-client-plugin",1783,"https://github.com/jenkinsci/git-client-plugin/pull/1783","MERGED","2026-08-01T00:14:25Z","2026-08-01T01:03:06Z","MarkEWaite","2026-08","Make PushTest more reliable"
"jenkinsci","coordinator-plugin",62,"https://github.com/jenkinsci/coordinator-plugin/pull/62","MERGED","2026-08-31T22:41:48Z","2026-08-31T22:42:08Z","JamesAGrey","2026-08","change Threadpool from 10 to..."
"jenkinsci","kerberos-sso-plugin",88,"https://github.com/jenkinsci/kerberos-sso-plugin/pull/88","MERGED","2026-08-31T22:31:43Z","2026-08-31T22:48:45Z","kitos9112","2026-08","Group BOM and parent POM..."
"jenkinsci","docker-ssh-agent",714,"https://github.com/jenkinsci/docker-ssh-agent/pull/714","MERGED","2026-08-31T21:26:45Z","2026-08-31T21:39:58Z","lemeurherve","2026-08","chore(linux/tests): ensure..."
"jenkinsci","docker-ssh-agent",712,"https://github.com/jenkinsci/docker-ssh-agent/pull/712","OPEN","2026-08-31T20:16:27Z","","lemeurherve","2026-08","chore(Makefile): unhide..."
"jenkinsci","subversion-plugin",1593,"https://github.com/jenkinsci/subversion-plugin/pull/1593","OPEN","2026-08-31T19:08:06Z","","Eccenux","2026-08","Feat devtools"
"jenkinsci","kubernetes-plugin",2876,"https://github.com/jenkinsci/kubernetes-plugin/pull/2876","OPEN","2026-08-31T18:37:00Z","","saileshKP","2026-08","Throttle watch..."
"jenkinsci","jenkins-test-harness",1189,"https://github.com/jenkinsci/jenkins-test-harness/pull/1189","OPEN","2026-08-31T17:58:40Z","","rantoniuk","2026-08","test(harness): detect..."
"jenkinsci","workflow-job-plugin",792,"https://github.com/jenkinsci/workflow-job-plugin/pull/792","OPEN","2026-08-31T17:48:13Z","","jglick","2026-08","Fail `onLoad` if a build..."
"jenkinsci","subversion-plugin",1592,"https://github.com/jenkinsci/subversion-plugin/pull/1592","OPEN","2026-08-31T17:46:21Z","","Eccenux","2026-08","Support higher SVN version"
"jenkinsci","dependency-check-plugin",220,"https://github.com/jenkinsci/dependency-check-plugin/pull/220","OPEN","2026-08-31T17:11:44Z","","nfalco79","2026-08","Escape on some fields exposed..."
"jenkinsci","lockable-resources-plugin",1082,"https://github.com/jenkinsci/lockable-resources-plugin/pull/1082","OPEN","2026-08-31T16:14:16Z","","Goyamjain06","2026-08","Emit non-indexed property env..."
"jenkinsci","vstestrunner-plugin",86,"https://github.com/jenkinsci/vstestrunner-plugin/pull/86","OPEN","2026-08-31T16:00:38Z","","jouni-holsa-pp","2026-08","Remove Commons Lang 2 usage"
"jenkinsci","configuration-as-code-plugin",2901,"https://github.com/jenkinsci/configuration-as-code-plugin/pull/2901","OPEN","2026-08-31T15:58:40Z","","timja","2026-08","Update Jenkins baseline to..."
"jenkinsci","jira-plugin",1215,"https://github.com/jenkinsci/jira-plugin/pull/1215","MERGED","2026-08-31T14:27:20Z","2026-08-31T14:39:05Z","rantoniuk","2026-08","docs: Add SPDX identifiers to..."
"jenkinsci","remoting",1545,"https://github.com/jenkinsci/remoting/pull/1545","MERGED","2026-08-31T14:25:41Z","2026-08-31T15:03:49Z","om7057","2026-08","Make Channel.closeRequested..."
"jenkinsci","sshd-plugin",257,"https://github.com/jenkinsci/sshd-plugin/pull/257","MERGED","2026-08-31T14:20:31Z","2026-08-31T14:51:10Z","timja","2026-08","Update Jenkins baseline to..."
"jenkinsci","junit-sql-storage-plugin",526,"https://github.com/jenkinsci/junit-sql-storage-plugin/pull/526","MERGED","2026-08-31T14:20:26Z","2026-08-31T14:51:35Z","timja","2026-08","Update Jenkins baseline to..."
"jenkinsci","azure-storage-plugin",430,"https://github.com/jenkinsci/azure-storage-plugin/pull/430","MERGED","2026-08-31T14:20:21Z","2026-08-31T14:52:11Z","timja","2026-08","Update Jenkins baseline to..."
"jenkinsci","ssh-plugin",40,"https://github.com/jenkinsci/ssh-plugin/pull/40","MERGED","2026-08-31T14:19:40Z","2026-08-31T14:52:29Z","timja","2026-08","Update Jenkins baseline to..."
"jenkinsci","slack-plugin",1188,"https://github.com/jenkinsci/slack-plugin/pull/1188","MERGED","2026-08-31T14:19:35Z","2026-08-31T14:52:46Z","timja","2026-08","Update Jenkins baseline to..."
"jenkinsci","run-condition-plugin",184,"https://github.com/jenkinsci/run-condition-plugin/pull/184","MERGED","2026-08-31T14:19:29Z","2026-08-31T14:56:37Z","timja","2026-08","Update Jenkins baseline to..."
"jenkinsci","postbuild-task-plugin",74,"https://github.com/jenkinsci/postbuild-task-plugin/pull/74","MERGED","2026-08-31T14:19:23Z","2026-08-31T14:56:53Z","timja","2026-08","Update Jenkins baseline to..."
"jenkinsci","poll-mailbox-trigger-plugin",67,"https://github.com/jenkinsci/poll-mailbox-trigger-plugin/pull/67","MERGED","2026-08-31T14:19:18Z","2026-08-31T14:57:10Z","timja","2026-08","Update Jenkins baseline to..."
"jenkinsci","platformlabeler-plugin",2110,"https://github.com/jenkinsci/platformlabeler-plugin/pull/2110","MERGED","2026-08-31T14:19:12Z","2026-08-31T14:27:54Z","timja","2026-08","Update Jenkins baseline to..."
"jenkinsci","pipeline-graph-view-plugin",1437,"https://github.com/jenkinsci/pipeline-graph-view-plugin/pull/1437","MERGED","2026-08-31T14:19:06Z","2026-08-31T14:36:57Z","timja","2026-08","Update Jenkins baseline to..."
"jenkinsci","modernstatus-plugin",17,"https://github.com/jenkinsci/modernstatus-plugin/pull/17","MERGED","2026-08-31T14:19:00Z","2026-08-31T14:50:53Z","timja","2026-08","Update Jenkins baseline to..."
"jenkinsci","list-git-branches-parameter-plugin",83,"https://github.com/jenkinsci/list-git-branches-parameter-plugin/pull/83","MERGED","2026-08-31T14:18:53Z","2026-08-31T14:57:29Z","timja","2026-08","Update Jenkins baseline to..."
"jenkinsci","junit-realtime-test-reporter-plugin",223,"https://github.com/jenkinsci/junit-realtime-test-reporter-plugin/pull/223","MERGED","2026-08-31T14:18:45Z","2026-08-31T14:57:51Z","timja","2026-08","Update Jenkins baseline to..."
"jenkinsci","junit-plugin",1257,"https://github.com/jenkinsci/junit-plugin/pull/1257","OPEN","2026-08-31T14:18:38Z","","timja","2026-08","Update Jenkins baseline to..."
"jenkinsci","jobcacher-azure-storage-plugin",92,"https://github.com/jenkinsci/jobcacher-azure-storage-plugin/pull/92","MERGED","2026-08-31T14:18:33Z","2026-08-31T14:58:26Z","timja","2026-08","Update Jenkins baseline to..."
"jenkinsci","jenkins-infra-test-plugin",227,"https://github.com/jenkinsci/jenkins-infra-test-plugin/pull/227","MERGED","2026-08-31T14:18:27Z","2026-08-31T14:33:03Z","timja","2026-08","Update Jenkins baseline to..."
"jenkinsci","github-checks-plugin",537,"https://github.com/jenkinsci/github-checks-plugin/pull/537","MERGED","2026-08-31T14:18:21Z","2026-08-31T14:49:56Z","timja","2026-08","Update Jenkins baseline to..."
"jenkinsci","database-postgresql-plugin",209,"https://github.com/jenkinsci/database-postgresql-plugin/pull/209","MERGED","2026-08-31T14:18:15Z","2026-08-31T14:58:48Z","timja","2026-08","Update Jenkins baseline to..."
"jenkinsci","database-plugin",342,"https://github.com/jenkinsci/database-plugin/pull/342","MERGED","2026-08-31T14:18:09Z","2026-08-31T14:59:14Z","timja","2026-08","Update Jenkins baseline to..."
"jenkinsci","database-mysql-plugin",190,"https://github.com/jenkinsci/database-mysql-plugin/pull/190","MERGED","2026-08-31T14:18:03Z","2026-08-31T14:59:38Z","timja","2026-08","Update Jenkins baseline to..."
"jenkinsci","database-h2-plugin",170,"https://github.com/jenkinsci/database-h2-plugin/pull/170","MERGED","2026-08-31T14:17:56Z","2026-08-31T15:02:47Z","timja","2026-08","Update Jenkins baseline to..."
"jenkinsci","dark-theme-plugin",750,"https://github.com/jenkinsci/dark-theme-plugin/pull/750","MERGED","2026-08-31T14:17:50Z","2026-08-31T15:02:13Z","timja","2026-08","Update Jenkins baseline to..."
"jenkinsci","credentials-plugin",1085,"https://github.com/jenkinsci/credentials-plugin/pull/1085","MERGED","2026-08-31T14:17:43Z","2026-08-31T15:05:21Z","timja","2026-08","Update Jenkins baseline to..."
"jenkinsci","checks-api-plugin",338,"https://github.com/jenkinsci/checks-api-plugin/pull/338","MERGED","2026-08-31T14:17:37Z","2026-08-31T15:01:58Z","timja","2026-08","Update Jenkins baseline to..."
"jenkinsci","beer-plugin",136,"https://github.com/jenkinsci/beer-plugin/pull/136","MERGED","2026-08-31T14:17:29Z","2026-08-31T15:00:39Z","timja","2026-08","Update Jenkins baseline to..."
"jenkinsci","azure-vm-agents-plugin",791,"https://github.com/jenkinsci/azure-vm-agents-plugin/pull/791","MERGED","2026-08-31T14:17:23Z","2026-08-31T14:55:27Z","timja","2026-08","Update Jenkins baseline to..."
"jenkinsci","azure-keyvault-plugin",382,"https://github.com/jenkinsci/azure-keyvault-plugin/pull/382","MERGED","2026-08-31T14:17:14Z","2026-08-31T14:55:06Z","timja","2026-08","Update Jenkins baseline to..."
"jenkinsci","azure-cosmosdb-plugin",226,"https://github.com/jenkinsci/azure-cosmosdb-plugin/pull/226","MERGED","2026-08-31T14:17:08Z","2026-08-31T14:54:47Z","timja","2026-08","Update Jenkins baseline to..."
"jenkinsci","azure-container-agents-plugin",395,"https://github.com/jenkinsci/azure-container-agents-plugin/pull/395","MERGED","2026-08-31T14:17:02Z","2026-08-31T14:54:23Z","timja","2026-08","Update Jenkins baseline to..."
"jenkinsci","avatar-plugin",36,"https://github.com/jenkinsci/avatar-plugin/pull/36","MERGED","2026-08-31T14:16:55Z","2026-08-31T14:53:57Z","timja","2026-08","Update Jenkins baseline to..."
"jenkinsci","theme-manager-plugin",367,"https://github.com/jenkinsci/theme-manager-plugin/pull/367","MERGED","2026-08-31T14:16:42Z","2026-08-31T14:55:57Z","timja","2026-08","Update Jenkins baseline to..."
"jenkinsci","remoting",1544,"https://github.com/jenkinsci/remoting/pull/1544","MERGED","2026-08-31T13:58:50Z","2026-08-31T14:10:35Z","om7057","2026-08","[JENKINS-45023] Refuse all..."
"jenkinsci","generic-webhook-trigger-plugin",392,"https://github.com/jenkinsci/generic-webhook-trigger-plugin/pull/392","MERGED","2026-08-31T13:34:13Z","2026-08-31T13:57:29Z","ArneshBanerjee","2026-08","Default genericVariable to..."
"jenkinsci","build-history-manager-plugin",262,"https://github.com/jenkinsci/build-history-manager-plugin/pull/262","MERGED","2026-08-31T13:08:52Z","2026-08-31T18:20:38Z","damianszczepanik","2026-08","Adds sections for global..."
"jenkinsci","allure-plugin",476,"https://github.com/jenkinsci/allure-plugin/pull/476","MERGED","2026-08-31T12:35:40Z","2026-08-31T14:28:40Z","baev","2026-08","Align the plugin with Java 17..."
"jenkinsci","docker",2451,"https://github.com/jenkinsci/docker/pull/2451","MERGED","2026-08-31T11:19:23Z","2026-08-31T12:44:31Z","lemeurherve","2026-08","Backport of `master` into..."
"jenkinsci","pipeline-graph-view-plugin",1436,"https://github.com/jenkinsci/pipeline-graph-view-plugin/pull/1436","MERGED","2026-08-31T10:56:21Z","2026-08-31T13:54:05Z","vauchok","2026-08","Show paused stages in the..."
"jenkinsci","azure-artifact-manager-plugin",230,"https://github.com/jenkinsci/azure-artifact-manager-plugin/pull/230","MERGED","2026-08-31T10:47:08Z","2026-08-31T13:10:28Z","timja","2026-08","Update Jenkins baseline to..."
"jenkinsci","pipeline-dora-metrics-plugin",5,"https://github.com/jenkinsci/pipeline-dora-metrics-plugin/pull/5","MERGED","2026-08-31T10:31:16Z","2026-08-31T10:40:31Z","Bisman-Singh","2026-08","fix: grant the security scan..."
"jenkinsci","pipeline-dora-metrics-plugin",4,"https://github.com/jenkinsci/pipeline-dora-metrics-plugin/pull/4","MERGED","2026-08-31T10:05:46Z","2026-08-31T10:29:08Z","Bisman-Singh","2026-08","fix: refresh KPI cards when..."
"jenkinsci","shared-library-version-override-plugin",20,"https://github.com/jenkinsci/shared-library-version-override-plugin/pull/20","MERGED","2026-08-31T08:44:20Z","2026-08-31T09:00:45Z","c3p0-maif","2026-08","fix: Manage backward..."
"jenkinsci","zephyr-enterprise-test-management-plugin",41,"https://github.com/jenkinsci/zephyr-enterprise-test-management-plugin/pull/41","OPEN","2026-08-31T05:35:20Z","","Rahul-Agarwal14","2026-08","Fixed for FreeStyleProject"
"jenkinsci","pipeline-maven-plugin",1515,"https://github.com/jenkinsci/pipeline-maven-plugin/pull/1515","MERGED","2026-08-31T04:07:31Z","2026-08-31T06:26:51Z","skrcode","2026-08","Remove obsolete JsonUnit..."
"jenkinsci","acceptance-test-harness",2825,"https://github.com/jenkinsci/acceptance-test-harness/pull/2825","OPEN","2026-08-31T03:13:34Z","","skrcode","2026-08","Align JSpecify with Selenium..."
"jenkinsci","remoting",1543,"https://github.com/jenkinsci/remoting/pull/1543","MERGED","2026-08-31T03:02:47Z","2026-08-31T13:55:23Z","om7057","2026-08","Flip temp buffer in..."
"jenkinsci","rocketchatnotifier-plugin",448,"https://github.com/jenkinsci/rocketchatnotifier-plugin/pull/448","MERGED","2026-08-31T03:01:09Z","2026-08-31T03:50:31Z","skrcode","2026-08","ci: use Temurin with..."
"jenkinsci","log-parser-plugin",260,"https://github.com/jenkinsci/log-parser-plugin/pull/260","MERGED","2026-08-31T02:56:00Z","2026-08-31T03:50:27Z","skrcode","2026-08","ci: use Temurin with..."
"jenkinsci","azure-storage-plugin",429,"https://github.com/jenkinsci/azure-storage-plugin/pull/429","OPEN","2026-08-31T02:17:13Z","","skrcode","2026-08","Fix Azure SDK 292..."
"jenkinsci","mcp-server-plugin",241,"https://github.com/jenkinsci/mcp-server-plugin/pull/241","MERGED","2026-08-31T01:09:21Z","2026-08-31T11:27:24Z","olamy","2026-08","Respect job permissions when..."
"jenkinsci","github-pr-approval-plugin",3,"https://github.com/jenkinsci/github-pr-approval-plugin/pull/3","MERGED","2026-08-31T00:39:20Z","2026-08-31T02:44:20Z","olamy","2026-08","Fix approval denied for..."
"jenkinsci","workflow-job-plugin",789,"https://github.com/jenkinsci/workflow-job-plugin/pull/789","MERGED","2026-08-30T23:38:08Z","2026-08-31T13:58:56Z","skrcode","2026-08","Avoid racing workflow..."
"jenkinsci","role-strategy-plugin",777,"https://github.com/jenkinsci/role-strategy-plugin/pull/777","OPEN","2026-08-30T23:14:33Z","","skrcode","2026-08","Handle nullable..."
"jenkinsci","design-library-plugin",513,"https://github.com/jenkinsci/design-library-plugin/pull/513","MERGED","2026-08-30T23:05:35Z","2026-08-31T02:29:10Z","skrcode","2026-08","Apply updated Spotless..."
"jenkinsci","maven-hpi-plugin",908,"https://github.com/jenkinsci/maven-hpi-plugin/pull/908","OPEN","2026-08-30T23:01:55Z","","skrcode","2026-08","Update bundled artifact..."
"jenkinsci","declarative-pipeline-migration-assistant-plugin",367,"https://github.com/jenkinsci/declarative-pipeline-migration-assistant-plugin/pull/367","OPEN","2026-08-30T18:02:51Z","","skrcode","2026-08","Fix Jira 3.22 dependency..."
"jenkinsci","aws-java-sdk2-plugin",173,"https://github.com/jenkinsci/aws-java-sdk2-plugin/pull/173","CLOSED","2026-08-30T17:44:30Z","","skrcode","2026-08","Centralize the AWS SDK Apache..."
"jenkinsci","jira-steps-plugin",282,"https://github.com/jenkinsci/jira-steps-plugin/pull/282","OPEN","2026-08-30T17:39:00Z","","skrcode","2026-08","Align Jenkins platform with..."
"jenkinsci","prometheus-plugin",834,"https://github.com/jenkinsci/prometheus-plugin/pull/834","OPEN","2026-08-30T17:13:33Z","","skrcode","2026-08","Upgrade Coverage to 3 and..."
"jenkinsci","artifact-manager-s3-plugin",807,"https://github.com/jenkinsci/artifact-manager-s3-plugin/pull/807","MERGED","2026-08-30T17:10:00Z","2026-08-31T22:02:00Z","skrcode","2026-08","Fix Testcontainers 2 module..."
"jenkinsci","qmetry-test-management-plugin",41,"https://github.com/jenkinsci/qmetry-test-management-plugin/pull/41","OPEN","2026-08-30T17:05:51Z","","skrcode","2026-08","Align HttpClient with..."
"jenkinsci","jenkins",27310,"https://github.com/jenkinsci/jenkins/pull/27310","OPEN","2026-08-30T17:03:46Z","","om7057","2026-08","Bound Cloud.provision() to a..."
"jenkinsci","ssh-steps-plugin",201,"https://github.com/jenkinsci/ssh-steps-plugin/pull/201","OPEN","2026-08-30T16:59:35Z","","skrcode","2026-08","Keep Groovy bytecode..."
"jenkinsci","defensics-plugin",23,"https://github.com/jenkinsci/defensics-plugin/pull/23","MERGED","2026-08-30T16:55:37Z","2026-08-31T06:36:36Z","skrcode","2026-08","Align Jackson modules at..."
"jenkinsci","deploy-plugin",61,"https://github.com/jenkinsci/deploy-plugin/pull/61","OPEN","2026-08-30T16:54:29Z","","skrcode","2026-08","Align Cargo 1.10.28..."
"jenkinsci","bouncycastle-api-plugin",221,"https://github.com/jenkinsci/bouncycastle-api-plugin/pull/221","OPEN","2026-08-30T16:53:12Z","","skrcode","2026-08","Regenerate valid certificate..."
"jenkinsci","resources-ai-chatbot-plugin",468,"https://github.com/jenkinsci/resources-ai-chatbot-plugin/pull/468","OPEN","2026-08-30T16:42:06Z","","arjun-713","2026-08","Add Runtime Backend URL..."
"jenkinsci","ecu-test-execution-plugin",320,"https://github.com/jenkinsci/ecu-test-execution-plugin/pull/320","OPEN","2026-08-30T16:38:56Z","","skrcode","2026-08","Refresh OkHttp 5 license..."
"jenkinsci","tuleap-api-plugin",672,"https://github.com/jenkinsci/tuleap-api-plugin/pull/672","MERGED","2026-08-30T16:06:51Z","2026-08-31T09:53:10Z","skrcode","2026-08","Complete the OkHttp 5 JVM..."
"jenkinsci","tuleap-git-branch-source-plugin",750,"https://github.com/jenkinsci/tuleap-git-branch-source-plugin/pull/750","MERGED","2026-08-30T16:05:56Z","2026-08-31T09:53:52Z","skrcode","2026-08","Use the OkHttp 5 JVM artifact"
"jenkinsci","job-config-history-plugin",622,"https://github.com/jenkinsci/job-config-history-plugin/pull/622","MERGED","2026-08-30T16:00:03Z","2026-08-30T19:20:34Z","skrcode","2026-08","Update diff expectations..."
"jenkinsci","jenkinsfile-runner",748,"https://github.com/jenkinsci/jenkinsfile-runner/pull/748","OPEN","2026-08-30T14:21:27Z","","skrcode","2026-08","Update Pipeline-as-YAML..."
"jenkinsci","pipeline-utility-steps-plugin",507,"https://github.com/jenkinsci/pipeline-utility-steps-plugin/pull/507","OPEN","2026-08-30T14:21:27Z","","skrcode","2026-08","Exclude Jenkins-provided..."
"jenkinsci","config-file-provider-plugin",449,"https://github.com/jenkinsci/config-file-provider-plugin/pull/449","CLOSED","2026-08-30T14:21:27Z","","skrcode","2026-08","Raise Jenkins core patch..."
"jenkinsci","oras-java-api-plugin",136,"https://github.com/jenkinsci/oras-java-api-plugin/pull/136","MERGED","2026-08-30T13:09:18Z","2026-08-30T13:19:05Z","jonesbusy","2026-08","Update ORAS to 0.8.4"
"jenkinsci","ssh-agent-plugin",314,"https://github.com/jenkinsci/ssh-agent-plugin/pull/314","MERGED","2026-08-30T11:03:24Z","2026-08-31T11:05:21Z","HannesWell","2026-08","Read passphrase from env..."
"jenkinsci","github-pr-approval-plugin",2,"https://github.com/jenkinsci/github-pr-approval-plugin/pull/2","MERGED","2026-08-30T10:31:31Z","2026-08-30T21:14:16Z","olamy","2026-08","Change approvePullRequests..."
"jenkinsci","keycloak-plugin",31,"https://github.com/jenkinsci/keycloak-plugin/pull/31","OPEN","2026-08-30T05:17:45Z","","jairov4","2026-08","Authenticate REST/API..."
"jenkinsci","keycloak-plugin",30,"https://github.com/jenkinsci/keycloak-plugin/pull/30","OPEN","2026-08-30T05:17:05Z","","jairov4","2026-08","Fix startup crash: bundle..."
"jenkinsci","multi-branch-priority-sorter-plugin",11,"https://github.com/jenkinsci/multi-branch-priority-sorter-plugin/pull/11","OPEN","2026-08-30T01:55:26Z","","opikalo","2026-08","Add Nix flake, update to..."
"jenkinsci","proxmox-cloud-plugin",49,"https://github.com/jenkinsci/proxmox-cloud-plugin/pull/49","MERGED","2026-08-30T00:16:46Z","2026-08-30T00:28:52Z","aidanc","2026-08","Document required Sys.Audit..."
"jenkinsci","git-forensics-plugin",1300,"https://github.com/jenkinsci/git-forensics-plugin/pull/1300","OPEN","2026-08-29T20:14:06Z","","uhafner","2026-08","Use chrome-container as..."
"jenkinsci","azure-ad-plugin",842,"https://github.com/jenkinsci/azure-ad-plugin/pull/842","OPEN","2026-08-29T20:01:09Z","","tpnd9g9rjf-glitch","2026-08","Keep API tokens of local..."
"jenkinsci","remoting",1542,"https://github.com/jenkinsci/remoting/pull/1542","MERGED","2026-08-29T16:36:27Z","2026-08-30T15:14:27Z","om7057","2026-08","[JENKINS-66526] Fix deadlock..."
"jenkinsci","mail-watcher-plugin",213,"https://github.com/jenkinsci/mail-watcher-plugin/pull/213","MERGED","2026-08-29T15:34:29Z","2026-08-29T15:41:37Z","StefanSpieker","2026-08","Let tests run in parallel"
"jenkinsci","mail-watcher-plugin",212,"https://github.com/jenkinsci/mail-watcher-plugin/pull/212","MERGED","2026-08-29T15:18:35Z","2026-08-29T15:26:11Z","StefanSpieker","2026-08","Bump to minimum Jenkins..."
"jenkinsci","pom",863,"https://github.com/jenkinsci/pom/pull/863","MERGED","2026-08-29T14:59:45Z","2026-08-29T15:44:24Z","MarkEWaite","2026-08","Revert 'Update dependency..."
"jenkinsci","support-core-plugin",992,"https://github.com/jenkinsci/support-core-plugin/pull/992","OPEN","2026-08-29T13:59:45Z","","mikecirioli","2026-08","Deterministic pseudonyms,..."
"jenkinsci","github-pr-approval-plugin",1,"https://github.com/jenkinsci/github-pr-approval-plugin/pull/1","MERGED","2026-08-29T10:01:19Z","2026-08-29T10:59:48Z","olamy","2026-08","First release. "
"jenkinsci","proxmox-cloud-plugin",48,"https://github.com/jenkinsci/proxmox-cloud-plugin/pull/48","MERGED","2026-08-29T06:26:13Z","2026-08-29T08:13:02Z","aidanc","2026-08","Update Jenkins plugin parent..."
"jenkinsci","configuration-as-code-plugin",2896,"https://github.com/jenkinsci/configuration-as-code-plugin/pull/2896","MERGED","2026-08-29T06:15:11Z","2026-08-30T14:59:06Z","skrcode","2026-08","Format WireMock replacement"
"jenkinsci","pipeline-maven-plugin",1513,"https://github.com/jenkinsci/pipeline-maven-plugin/pull/1513","MERGED","2026-08-29T06:07:41Z","2026-08-29T12:44:00Z","skrcode","2026-08","Remove obsolete JsonUnit..."
"jenkinsci","active-choices-plugin",1016,"https://github.com/jenkinsci/active-choices-plugin/pull/1016","OPEN","2026-08-29T05:25:44Z","","ls202504","2026-08","Avoid trailing commas in..."
"jenkinsci","resources-ai-chatbot-plugin",466,"https://github.com/jenkinsci/resources-ai-chatbot-plugin/pull/466","MERGED","2026-08-29T04:57:53Z","2026-08-31T04:16:13Z","berviantoleo","2026-08","feat: Upgrade eslint,..."
"jenkinsci","proxmox-cloud-plugin",47,"https://github.com/jenkinsci/proxmox-cloud-plugin/pull/47","MERGED","2026-08-29T03:57:36Z","2026-08-29T04:54:13Z","aidanc","2026-08","Fix PowerShell environment..."
"jenkinsci","proxmox-cloud-plugin",46,"https://github.com/jenkinsci/proxmox-cloud-plugin/pull/46","MERGED","2026-08-29T02:31:43Z","2026-08-29T03:11:39Z","aidanc","2026-08","Update contribution policy"
"jenkinsci","multiple-scms-plugin",30,"https://github.com/jenkinsci/multiple-scms-plugin/pull/30","OPEN","2026-08-29T02:25:40Z","","Tampa","2026-08","Replace xml escape from..."
"jenkinsci","job-config-history-plugin",621,"https://github.com/jenkinsci/job-config-history-plugin/pull/621","MERGED","2026-08-28T23:48:36Z","2026-08-28T23:49:00Z","StefanSpieker","2026-08","Fix/parent 6 spotbugs api..."
"jenkinsci","job-config-history-plugin",620,"https://github.com/jenkinsci/job-config-history-plugin/pull/620","MERGED","2026-08-28T21:40:36Z","2026-08-28T23:58:50Z","StefanSpieker","2026-08","Bumped minimum Jenkins..."
"jenkinsci","job-config-history-plugin",619,"https://github.com/jenkinsci/job-config-history-plugin/pull/619","MERGED","2026-08-28T21:24:57Z","2026-08-28T23:59:05Z","StefanSpieker","2026-08","Fix restore button (Issue..."
"jenkinsci","oic-auth-plugin",791,"https://github.com/jenkinsci/oic-auth-plugin/pull/791","OPEN","2026-08-28T20:32:16Z","","skrcode","2026-08","Update tests for HtmlUnit..."
"jenkinsci","urltrigger-plugin",195,"https://github.com/jenkinsci/urltrigger-plugin/pull/195","OPEN","2026-08-28T20:31:23Z","","skrcode","2026-08","Align Commons IO with Commons..."
"jenkinsci","workflow-support-plugin",430,"https://github.com/jenkinsci/workflow-support-plugin/pull/430","OPEN","2026-08-28T20:30:28Z","","skrcode","2026-08","Wait for CPS quiescence..."
"jenkinsci","ec2-plugin",2032,"https://github.com/jenkinsci/ec2-plugin/pull/2032","OPEN","2026-08-28T20:29:17Z","","skrcode","2026-08","Wait for asynchronous..."
"jenkinsci","publish-over-plugin",93,"https://github.com/jenkinsci/publish-over-plugin/pull/93","OPEN","2026-08-28T20:28:42Z","","skrcode","2026-08","Use EasyMock 5.7 for JDK 25..."
"jenkinsci","job-config-history-plugin",618,"https://github.com/jenkinsci/job-config-history-plugin/pull/618","MERGED","2026-08-28T20:28:13Z","2026-08-28T21:49:36Z","skrcode","2026-08","Preserve public action APIs..."
"jenkinsci","display-url-api-plugin",306,"https://github.com/jenkinsci/display-url-api-plugin/pull/306","OPEN","2026-08-28T20:27:40Z","","skrcode","2026-08","Remove unnecessary..."
"jenkinsci","stapler",797,"https://github.com/jenkinsci/stapler/pull/797","MERGED","2026-08-28T20:26:25Z","2026-08-30T15:00:23Z","skrcode","2026-08","Adapt processor tests to..."
"jenkinsci","groovy-events-listener-plugin",242,"https://github.com/jenkinsci/groovy-events-listener-plugin/pull/242","CLOSED","2026-08-28T19:31:40Z","","skrcode","2026-08","Fix Groovy bytecode target..."
"jenkinsci","dependency-track-plugin",459,"https://github.com/jenkinsci/dependency-track-plugin/pull/459","OPEN","2026-08-28T18:56:22Z","","skrcode","2026-08","Fix SpotBugs findings from..."
"jenkinsci","bitbucket-plugin",294,"https://github.com/jenkinsci/bitbucket-plugin/pull/294","MERGED","2026-08-28T18:41:33Z","2026-08-29T06:50:22Z","tzachs","2026-08","292-jenkins-cant-work-after-updating-this-plugin..."
"jenkinsci","oidc-provider-plugin",206,"https://github.com/jenkinsci/oidc-provider-plugin/pull/206","OPEN","2026-08-28T17:26:09Z","","ymengesha","2026-08","Encode JWKS n and e as..."
"jenkinsci","github-release-plugin",38,"https://github.com/jenkinsci/github-release-plugin/pull/38","MERGED","2026-08-28T17:24:46Z","2026-08-28T17:52:20Z","brettNel","2026-08","Adding GitHub App Credential..."
"jenkinsci","ssh-agent-plugin",313,"https://github.com/jenkinsci/ssh-agent-plugin/pull/313","MERGED","2026-08-28T16:30:32Z","2026-08-28T16:38:55Z","ogulcanaydogan","2026-08","fix: read the Windows..."
"jenkinsci","cucumber-reports-plugin",560,"https://github.com/jenkinsci/cucumber-reports-plugin/pull/560","MERGED","2026-08-28T16:20:17Z","2026-08-30T07:40:29Z","skrcode","2026-08","Fix checksum handling for..."
"jenkinsci","mcp-server-plugin",240,"https://github.com/jenkinsci/mcp-server-plugin/pull/240","OPEN","2026-08-28T16:05:19Z","","skrcode","2026-08","Fix JUnit 1424 test..."
"jenkinsci","artifact-manager-s3-plugin",806,"https://github.com/jenkinsci/artifact-manager-s3-plugin/pull/806","MERGED","2026-08-28T15:51:57Z","2026-08-28T16:57:10Z","skrcode","2026-08","Fix Tika 4 bundled artifacts"
"jenkinsci","ssh-agent-plugin",312,"https://github.com/jenkinsci/ssh-agent-plugin/pull/312","MERGED","2026-08-28T15:43:41Z","2026-08-28T16:13:10Z","ogulcanaydogan","2026-08","fix: use delayed expansion in..."
"jenkinsci","remote-file-plugin",198,"https://github.com/jenkinsci/remote-file-plugin/pull/198","OPEN","2026-08-28T15:22:04Z","","als-12171","2026-08","Bugfix/apache lang"
"jenkinsci","performance-plugin",317,"https://github.com/jenkinsci/performance-plugin/pull/317","OPEN","2026-08-28T14:37:56Z","","a-st","2026-08","Remove plexus-utils and..."
"jenkinsci","allure-plugin",475,"https://github.com/jenkinsci/allure-plugin/pull/475","MERGED","2026-08-28T14:31:51Z","2026-08-28T16:43:59Z","baev","2026-08","Add a local storage option..."
"jenkinsci","shared-library-version-override-plugin",19,"https://github.com/jenkinsci/shared-library-version-override-plugin/pull/19","MERGED","2026-08-28T13:51:37Z","2026-08-28T14:07:19Z","c3p0-maif","2026-08","Add wildcard filter"
"jenkinsci","list-git-branches-parameter-plugin",82,"https://github.com/jenkinsci/list-git-branches-parameter-plugin/pull/82","CLOSED","2026-08-28T12:30:24Z","","flambchap","2026-08","dbeaver/dbeaver-devops#2842..."
"jenkinsci","oracle-cloud-infrastructure-compute-plugin",15,"https://github.com/jenkinsci/oracle-cloud-infrastructure-compute-plugin/pull/15","OPEN","2026-08-28T11:23:13Z","","Sunnatillo","2026-08","Resolve agent image by..."
"jenkinsci","publish-over-ftp-plugin",151,"https://github.com/jenkinsci/publish-over-ftp-plugin/pull/151","OPEN","2026-08-28T09:42:35Z","","strangelookingnerd","2026-08","Migrate tests to JUnit..."
"jenkinsci","sysdig-secure-plugin",174,"https://github.com/jenkinsci/sysdig-secure-plugin/pull/174","MERGED","2026-08-28T09:33:01Z","2026-08-28T09:42:04Z","tembleking","2026-08","chore(deps): update parent..."
"jenkinsci","sysdig-secure-plugin",173,"https://github.com/jenkinsci/sysdig-secure-plugin/pull/173","CLOSED","2026-08-28T09:31:11Z","","tembleking","2026-08","chore(deps): update parent..."
"jenkinsci","configuration-as-code-plugin",2895,"https://github.com/jenkinsci/configuration-as-code-plugin/pull/2895","MERGED","2026-08-28T06:56:39Z","2026-08-30T15:01:24Z","somiljain2006","2026-08","Fix LocalFileSystemFetcher..."
"jenkinsci","global-slack-notifier-plugin",11,"https://github.com/jenkinsci/global-slack-notifier-plugin/pull/11","OPEN","2026-08-28T03:21:26Z","","andrew-miller-rakuten","2026-08","Modernize plugin build/source..."
"jenkinsci","oidc-provider-plugin",204,"https://github.com/jenkinsci/oidc-provider-plugin/pull/204","OPEN","2026-08-27T22:27:30Z","","jglick","2026-08","Warning about misuse of..."
"jenkinsci","pipeline-groovy-lib-plugin",267,"https://github.com/jenkinsci/pipeline-groovy-lib-plugin/pull/267","OPEN","2026-08-27T21:51:02Z","","jglick","2026-08","Use `SCMRevisionFetcher`"
"jenkinsci","branch-api-plugin",826,"https://github.com/jenkinsci/branch-api-plugin/pull/826","OPEN","2026-08-27T21:49:01Z","","jglick","2026-08","Define `SCM_REVISION`"
"jenkinsci","config-driven-pipeline-plugin",241,"https://github.com/jenkinsci/config-driven-pipeline-plugin/pull/241","OPEN","2026-08-27T21:13:45Z","","jglick","2026-08","Pick up `SCMRevision` via..."
"jenkinsci","workflow-multibranch-plugin",582,"https://github.com/jenkinsci/workflow-multibranch-plugin/pull/582","OPEN","2026-08-27T21:02:41Z","","jglick","2026-08","`SCMRevisionFetcher` as the..."
"jenkinsci","workflow-cps-plugin",1827,"https://github.com/jenkinsci/workflow-cps-plugin/pull/1827","MERGED","2026-08-27T20:33:11Z","2026-08-27T21:20:14Z","skrcode","2026-08","Handle missing..."
"jenkinsci","opentelemetry-plugin",1300,"https://github.com/jenkinsci/opentelemetry-plugin/pull/1300","OPEN","2026-08-27T18:17:01Z","","om7057","2026-08","Fix NullPointerException..."
"jenkinsci","proxmox-cloud-plugin",45,"https://github.com/jenkinsci/proxmox-cloud-plugin/pull/45","MERGED","2026-08-27T18:16:11Z","2026-08-29T02:18:45Z","aidanc","2026-08","Add multi-node Proxmox agent..."
"jenkinsci","support-core-plugin",991,"https://github.com/jenkinsci/support-core-plugin/pull/991","MERGED","2026-08-27T17:19:59Z","2026-08-28T12:36:35Z","jglick","2026-08","Deflake..."
"jenkinsci","swarm-agents-cloud-plugin",42,"https://github.com/jenkinsci/swarm-agents-cloud-plugin/pull/42","MERGED","2026-08-27T17:16:58Z","2026-08-27T17:53:34Z","AronMav","2026-08","fix: correct single-agent..."
"jenkinsci","build-history-manager-plugin",261,"https://github.com/jenkinsci/build-history-manager-plugin/pull/261","MERGED","2026-08-27T16:48:57Z","2026-08-27T17:04:08Z","damianszczepanik","2026-08","Replaces 'uniquePerformName'..."
"jenkinsci","pipeline-aws-plugin",350,"https://github.com/jenkinsci/pipeline-aws-plugin/pull/350","OPEN","2026-08-27T16:02:23Z","","jspiewak","2026-08","Migrate to AWS SDK for Java..."
"jenkinsci","test-stability-plugin",10,"https://github.com/jenkinsci/test-stability-plugin/pull/10","OPEN","2026-08-27T14:53:27Z","","per-young","2026-08","Per test fix"
"jenkinsci","spotinst-plugin",124,"https://github.com/jenkinsci/spotinst-plugin/pull/124","OPEN","2026-08-27T14:32:43Z","","Bananeweizen","2026-08","Remove commons-lang-2..."
"jenkinsci","allure-plugin",474,"https://github.com/jenkinsci/allure-plugin/pull/474","OPEN","2026-08-27T14:30:39Z","","skrcode","2026-08","Use latest Java 11-compatible..."
"jenkinsci","support-core-plugin",990,"https://github.com/jenkinsci/support-core-plugin/pull/990","MERGED","2026-08-27T14:25:56Z","2026-08-28T12:57:19Z","PierreBtz","2026-08","Add 'http' and 'https' to the..."
"jenkinsci","git-forensics-plugin",1299,"https://github.com/jenkinsci/git-forensics-plugin/pull/1299","CLOSED","2026-08-27T13:36:38Z","","uhafner","2026-08","Fix environment variable..."
"jenkinsci","warnings-ng-plugin",3417,"https://github.com/jenkinsci/warnings-ng-plugin/pull/3417","MERGED","2026-08-27T13:19:25Z","2026-08-28T21:23:28Z","uhafner","2026-08","Fix environment variable..."
"jenkinsci","allure-plugin",473,"https://github.com/jenkinsci/allure-plugin/pull/473","MERGED","2026-08-27T10:35:10Z","2026-08-27T14:27:21Z","baev","2026-08","Speed up Allure report..."
"jenkinsci","templating-engine-plugin",349,"https://github.com/jenkinsci/templating-engine-plugin/pull/349","OPEN","2026-08-27T10:16:34Z","","juluanb","2026-08","Fix-348: Replacing..."
"jenkinsci","delivery-pipeline-plugin",51,"https://github.com/jenkinsci/delivery-pipeline-plugin/pull/51","MERGED","2026-08-27T07:43:05Z","2026-08-27T11:02:26Z","strangelookingnerd","2026-08","Migrate tests to JUnit..."
"jenkinsci","delivery-pipeline-plugin",50,"https://github.com/jenkinsci/delivery-pipeline-plugin/pull/50","MERGED","2026-08-27T07:05:08Z","2026-08-27T08:39:44Z","rzanner","2026-08","Merged..."
"jenkinsci","electricflow-plugin",424,"https://github.com/jenkinsci/electricflow-plugin/pull/424","MERGED","2026-08-27T05:25:50Z","2026-08-28T03:52:53Z","gbhat618","2026-08","Remove commons-lang usages"
"jenkinsci","config-splice-plugin",5,"https://github.com/jenkinsci/config-splice-plugin/pull/5","OPEN","2026-08-26T20:37:12Z","","sssousa","2026-08","XML fragment not being..."
"jenkinsci","scm-trait-commit-skip-plugin",31,"https://github.com/jenkinsci/scm-trait-commit-skip-plugin/pull/31","OPEN","2026-08-26T20:24:37Z","","sapn95","2026-08","Add Jenkins Security Scan..."
"jenkinsci","scm-trait-commit-skip-plugin",30,"https://github.com/jenkinsci/scm-trait-commit-skip-plugin/pull/30","OPEN","2026-08-26T20:24:27Z","","sapn95","2026-08","Remove Commons Lang 2 usage"
"jenkinsci","pipeline-multibranch-defaults-plugin",21,"https://github.com/jenkinsci/pipeline-multibranch-defaults-plugin/pull/21","MERGED","2026-08-26T20:19:44Z","2026-08-28T13:14:52Z","sapn95","2026-08","Add Jenkins Security Scan..."
"jenkinsci","pipeline-multibranch-defaults-plugin",20,"https://github.com/jenkinsci/pipeline-multibranch-defaults-plugin/pull/20","MERGED","2026-08-26T20:19:30Z","2026-08-28T03:23:02Z","sapn95","2026-08","Remove Commons Lang 2 usage..."
"jenkinsci","resources-ai-chatbot-plugin",464,"https://github.com/jenkinsci/resources-ai-chatbot-plugin/pull/464","OPEN","2026-08-26T19:50:19Z","","arjun-713","2026-08","Bundle chatbot frontend into..."
"jenkinsci","build-history-manager-plugin",260,"https://github.com/jenkinsci/build-history-manager-plugin/pull/260","MERGED","2026-08-26T17:29:17Z","2026-08-26T18:37:17Z","damianszczepanik","2026-08","Decouple control from model..."
"jenkinsci","allure-plugin",472,"https://github.com/jenkinsci/allure-plugin/pull/472","MERGED","2026-08-26T17:22:11Z","2026-08-27T10:36:58Z","baev","2026-08","Refresh Allure branding and..."
"jenkinsci","jenkins",27304,"https://github.com/jenkinsci/jenkins/pull/27304","OPEN","2026-08-26T17:05:57Z","","GauriBerad","2026-08","Fix validate button error..."
"jenkinsci","docker-ssh-agent",707,"https://github.com/jenkinsci/docker-ssh-agent/pull/707","MERGED","2026-08-26T15:05:53Z","2026-08-27T09:20:31Z","dduportal","2026-08","chore(tests/windows) disable..."
"jenkinsci","oidc-provider-plugin",203,"https://github.com/jenkinsci/oidc-provider-plugin/pull/203","OPEN","2026-08-26T14:55:21Z","","jglick","2026-08","Warning about misuse of..."
"jenkinsci","mcp-server-plugin",239,"https://github.com/jenkinsci/mcp-server-plugin/pull/239","OPEN","2026-08-26T14:28:16Z","","senor14","2026-08","test: add a wire-level MCP..."
"jenkinsci","delivery-pipeline-plugin",49,"https://github.com/jenkinsci/delivery-pipeline-plugin/pull/49","MERGED","2026-08-26T14:19:08Z","2026-08-26T14:36:43Z","rzanner","2026-08","Incorporated dependency..."
"jenkinsci","docker-commons-plugin",232,"https://github.com/jenkinsci/docker-commons-plugin/pull/232","OPEN","2026-08-26T13:32:49Z","","Robbos","2026-08","fix [JENKINS-71060] Error:..."
"jenkinsci","matlab-plugin",59,"https://github.com/jenkinsci/matlab-plugin/pull/59","MERGED","2026-08-26T12:58:40Z","2026-08-26T14:32:53Z","davidbuzinski","2026-08","Update to Commons Lang 3,..."
"jenkinsci","resources-ai-chatbot-plugin",462,"https://github.com/jenkinsci/resources-ai-chatbot-plugin/pull/462","CLOSED","2026-08-26T10:40:42Z","","krishna231122-del","2026-08","Build-Log-Analysis-feature"
"jenkinsci","hpe-application-automation-tools-plugin",1596,"https://github.com/jenkinsci/hpe-application-automation-tools-plugin/pull/1596","MERGED","2026-08-26T09:44:36Z","2026-08-26T11:37:33Z","tudordecea","2026-08","Story #3259012: Security..."
"jenkinsci","JDK_Parameter_Plugin-plugin",61,"https://github.com/jenkinsci/JDK_Parameter_Plugin-plugin/pull/61","OPEN","2026-08-26T08:24:24Z","","BangarwaAnish","2026-08","Fix JENKINS-73317: expose JDK..."
"jenkinsci","pushplus-plugin",3,"https://github.com/jenkinsci/pushplus-plugin/pull/3","MERGED","2026-08-26T08:15:14Z","2026-08-26T08:15:37Z","pcstx","2026-08","Add QQ Bot channel"
"jenkinsci","allure-plugin",471,"https://github.com/jenkinsci/allure-plugin/pull/471","MERGED","2026-08-26T07:46:07Z","2026-08-26T07:48:29Z","baev","2026-08","Plugin fixes"
"jenkinsci","aliyun-oss-uploader-plugin",13,"https://github.com/jenkinsci/aliyun-oss-uploader-plugin/pull/13","OPEN","2026-08-26T07:12:08Z","","maskshell","2026-08","feat: adapt plugin for..."
"jenkinsci","cas-plugin",64,"https://github.com/jenkinsci/cas-plugin/pull/64","OPEN","2026-08-26T06:46:57Z","","DingKaiCode","2026-08","Add configurable CAS..."
"jenkinsci","qualys-was-plugin",43,"https://github.com/jenkinsci/qualys-was-plugin/pull/43","OPEN","2026-08-26T05:23:37Z","","aanandedkar","2026-08","Added Support for External..."
"jenkinsci","mcp-server-plugin",238,"https://github.com/jenkinsci/mcp-server-plugin/pull/238","OPEN","2026-08-25T21:04:11Z","","yigalg","2026-08","feat: Add createPipeline tool..."
"jenkinsci",".github",185,"https://github.com/jenkinsci/.github/pull/185","OPEN","2026-08-25T20:47:21Z","","mikecirioli","2026-08","Add reusable workflow..."
"jenkinsci","jenkins",27303,"https://github.com/jenkinsci/jenkins/pull/27303","OPEN","2026-08-25T20:42:46Z","","shoemoney","2026-08","fix(ui): add keepalive to..."
"jenkinsci","resources-ai-chatbot-plugin",461,"https://github.com/jenkinsci/resources-ai-chatbot-plugin/pull/461","CLOSED","2026-08-25T20:19:52Z","","krishna231122-del","2026-08","### Fix PyTorch dependency..."
"jenkinsci","google-compute-engine-plugin",568,"https://github.com/jenkinsci/google-compute-engine-plugin/pull/568","OPEN","2026-08-25T20:15:01Z","","grg","2026-08","fix 'instance ... is being..."
"jenkinsci","webhook-relay-plugin",4,"https://github.com/jenkinsci/webhook-relay-plugin/pull/4","MERGED","2026-08-25T19:38:25Z","2026-08-26T12:12:14Z","smirkybg","2026-08","Add support for proxy"
"jenkinsci","build-blocker-plugin",47,"https://github.com/jenkinsci/build-blocker-plugin/pull/47","MERGED","2026-08-25T19:11:18Z","2026-08-26T06:24:09Z","Denis1990","2026-08","Fix getBuildBlockerProperty..."
"jenkinsci","user-guide-ai-chatbot-plugin",56,"https://github.com/jenkinsci/user-guide-ai-chatbot-plugin/pull/56","OPEN","2026-08-25T15:42:55Z","","thatsdc","2026-08","11th PR: Update docs"
"jenkinsci","junit-plugin",1255,"https://github.com/jenkinsci/junit-plugin/pull/1255","OPEN","2026-08-25T14:15:46Z","","jglick","2026-08","Extending deprecation of..."
"jenkinsci","oracle-cloud-infrastructure-compute-plugin",14,"https://github.com/jenkinsci/oracle-cloud-infrastructure-compute-plugin/pull/14","OPEN","2026-08-25T13:38:06Z","","Sunnatillo","2026-08","Add boot volume size..."
"jenkinsci","github-branch-source-plugin",1558,"https://github.com/jenkinsci/github-branch-source-plugin/pull/1558","OPEN","2026-08-25T11:56:31Z","","cdarninsuang-bamfunds","2026-08","[JENKINS-60730] Add stale..."
"jenkinsci","parallels-devops-plugin",37,"https://github.com/jenkinsci/parallels-devops-plugin/pull/37","MERGED","2026-08-25T08:19:51Z","2026-08-28T10:51:35Z","sai-kumar-peddireddy","2026-08","feat: add agent provisioning..."
"jenkinsci","clif-performance-testing-plugin",36,"https://github.com/jenkinsci/clif-performance-testing-plugin/pull/36","MERGED","2026-08-25T07:59:34Z","2026-08-25T10:06:12Z","strangelookingnerd","2026-08","Migrate tests to JUnit..."
"jenkinsci","bitbucket-branch-source-plugin",1248,"https://github.com/jenkinsci/bitbucket-branch-source-plugin/pull/1248","OPEN","2026-08-25T07:46:31Z","","nfalco79","2026-08","[JENKINS-76471] Improve..."
"jenkinsci","active-choices-plugin",1014,"https://github.com/jenkinsci/active-choices-plugin/pull/1014","OPEN","2026-08-25T06:23:33Z","","shaharr-ma","2026-08","Add `required` option to..."
"jenkinsci","oidc-provider-plugin",202,"https://github.com/jenkinsci/oidc-provider-plugin/pull/202","MERGED","2026-08-24T22:12:48Z","2026-08-25T18:58:31Z","jglick","2026-08","Demonstration that..."
"jenkinsci","workflow-job-plugin",787,"https://github.com/jenkinsci/workflow-job-plugin/pull/787","MERGED","2026-08-24T22:00:50Z","2026-08-25T18:19:55Z","jglick","2026-08","Switch to 2.568.x line"
"jenkinsci","credentials-binding-plugin",543,"https://github.com/jenkinsci/credentials-binding-plugin/pull/543","OPEN","2026-08-24T21:50:53Z","","mawinter69","2026-08","Add option to FileBinding to..."
"jenkinsci","github-pr-comment-build-plugin",114,"https://github.com/jenkinsci/github-pr-comment-build-plugin/pull/114","MERGED","2026-08-24T21:43:12Z","2026-08-24T21:43:26Z","bluesliverx","2026-08","Document how to read..."
"jenkinsci","workflow-job-plugin",786,"https://github.com/jenkinsci/workflow-job-plugin/pull/786","MERGED","2026-08-24T21:41:16Z","2026-08-25T18:20:17Z","jglick","2026-08","Populate..."
"jenkinsci","workflow-scm-step-plugin",271,"https://github.com/jenkinsci/workflow-scm-step-plugin/pull/271","MERGED","2026-08-24T20:31:31Z","2026-08-25T16:52:30Z","jglick","2026-08","Replace Subversion test..."
"jenkinsci","github-pr-comment-build-plugin",113,"https://github.com/jenkinsci/github-pr-comment-build-plugin/pull/113","MERGED","2026-08-24T19:47:56Z","2026-08-24T21:30:21Z","bluesliverx","2026-08","feat Add trigger on pull..."
"jenkinsci","jenkins",27298,"https://github.com/jenkinsci/jenkins/pull/27298","CLOSED","2026-08-24T18:56:27Z","","brunoborges","2026-08","Upgrade actions/setup-java to..."
"jenkinsci","junit-attachments-plugin",210,"https://github.com/jenkinsci/junit-attachments-plugin/pull/210","MERGED","2026-08-24T16:54:06Z","2026-08-25T04:36:28Z","piyush2676","2026-08","Build attachment URLs from..."
"jenkinsci","email-ext-plugin",1601,"https://github.com/jenkinsci/email-ext-plugin/pull/1601","OPEN","2026-08-24T16:08:45Z","","slide","2026-08","GSoC 2026"
"jenkinsci","coverage-plugin",809,"https://github.com/jenkinsci/coverage-plugin/pull/809","MERGED","2026-08-24T15:54:54Z","2026-08-24T16:40:44Z","uhafner","2026-08","Cleanup should only delete..."
"jenkinsci","embeddable-build-status-plugin",554,"https://github.com/jenkinsci/embeddable-build-status-plugin/pull/554","MERGED","2026-08-24T15:52:14Z","2026-08-25T03:15:43Z","Crola1702","2026-08","Include build number in..."
"jenkinsci","opentelemetry-plugin",1298,"https://github.com/jenkinsci/opentelemetry-plugin/pull/1298","MERGED","2026-08-24T15:12:25Z","2026-08-26T21:26:56Z","om7057","2026-08","Fix Tee* classes leaking..."
"jenkinsci","bitbucket-branch-source-plugin",1247,"https://github.com/jenkinsci/bitbucket-branch-source-plugin/pull/1247","MERGED","2026-08-24T14:48:55Z","2026-08-25T07:36:51Z","nfalco79","2026-08","[JENKINS-76519] Automatic..."
"jenkinsci","opentelemetry-plugin",1296,"https://github.com/jenkinsci/opentelemetry-plugin/pull/1296","MERGED","2026-08-24T14:15:57Z","2026-08-25T23:43:53Z","om7057","2026-08","Allow underscore in the..."
"jenkinsci","github-branch-source-plugin",1557,"https://github.com/jenkinsci/github-branch-source-plugin/pull/1557","OPEN","2026-08-24T13:57:39Z","","itsvshreyas","2026-08","Add support for..."
"jenkinsci","clif-performance-testing-plugin",35,"https://github.com/jenkinsci/clif-performance-testing-plugin/pull/35","MERGED","2026-08-24T13:32:45Z","2026-08-24T13:47:07Z","dillense","2026-08","Replaced use of apache..."
"jenkinsci","workflow-api-plugin",528,"https://github.com/jenkinsci/workflow-api-plugin/pull/528","OPEN","2026-08-24T13:26:55Z","","das7pad","2026-08","Add..."
"jenkinsci","workflow-multibranch-plugin",580,"https://github.com/jenkinsci/workflow-multibranch-plugin/pull/580","OPEN","2026-08-24T13:09:20Z","","das7pad","2026-08","Add skipScriptPathCheck flag..."
"jenkinsci","blackduck-detect-plugin",82,"https://github.com/jenkinsci/blackduck-detect-plugin/pull/82","MERGED","2026-08-24T12:49:36Z","2026-08-25T13:25:47Z","cpottsbd","2026-08","Update README.md"
"jenkinsci","testng-plugin-plugin",397,"https://github.com/jenkinsci/testng-plugin-plugin/pull/397","OPEN","2026-08-24T11:55:53Z","","Ahil-Kanna","2026-08","UI: Modernize TestNG plugin..."
"jenkinsci","github-branch-source-plugin",1556,"https://github.com/jenkinsci/github-branch-source-plugin/pull/1556","OPEN","2026-08-24T11:43:02Z","","olamy","2026-08","[WIP] Add an external..."
"jenkinsci","agent-server-parameter-plugin",12,"https://github.com/jenkinsci/agent-server-parameter-plugin/pull/12","MERGED","2026-08-24T11:42:35Z","2026-08-24T11:52:20Z","sunweisheng","2026-08","Migrate tests to JUnit..."
"jenkinsci","custom-checkbox-parameter-plugin",16,"https://github.com/jenkinsci/custom-checkbox-parameter-plugin/pull/16","MERGED","2026-08-24T11:42:35Z","2026-08-24T11:52:20Z","sunweisheng","2026-08","Migrate tests to JUnit..."
"jenkinsci","qualys-iac-security-plugin",33,"https://github.com/jenkinsci/qualys-iac-security-plugin/pull/33","MERGED","2026-08-24T11:13:31Z","2026-08-24T12:17:43Z","aanandedkar","2026-08","Added Support for External..."
"jenkinsci","ssh-agent-plugin",310,"https://github.com/jenkinsci/ssh-agent-plugin/pull/310","MERGED","2026-08-24T11:04:52Z","2026-08-24T11:18:06Z","ogulcanaydogan","2026-08","fix: do not mangle MSYS..."
"jenkinsci","blackduck-detect-plugin",81,"https://github.com/jenkinsci/blackduck-detect-plugin/pull/81","MERGED","2026-08-24T09:55:02Z","2026-08-24T10:05:42Z","bd-samratmuk","2026-08","Prepare for 12.0 release"
"jenkinsci","gitlab-repository-refs-parameter-plugin",1,"https://github.com/jenkinsci/gitlab-repository-refs-parameter-plugin/pull/1","MERGED","2026-08-24T08:46:50Z","2026-08-24T08:55:04Z","mlinops","2026-08","Remove sibling plugin links..."
"jenkinsci","customizable-header-plugin",358,"https://github.com/jenkinsci/customizable-header-plugin/pull/358","MERGED","2026-08-24T08:46:27Z","2026-08-24T09:05:07Z","mawinter69","2026-08","update baseline to 2.555"
"jenkinsci","gitlab-registry-image-parameter-plugin",1,"https://github.com/jenkinsci/gitlab-registry-image-parameter-plugin/pull/1","MERGED","2026-08-24T08:45:23Z","2026-08-24T08:54:09Z","mlinops","2026-08","Remove sibling plugin links..."
"jenkinsci","gitlab-package-registry-parameter-plugin",1,"https://github.com/jenkinsci/gitlab-package-registry-parameter-plugin/pull/1","MERGED","2026-08-24T08:37:21Z","2026-08-24T08:51:14Z","mlinops","2026-08","Remove sibling plugin links..."
"jenkinsci","vsphere-cloud-plugin",190,"https://github.com/jenkinsci/vsphere-cloud-plugin/pull/190","OPEN","2026-08-24T07:20:55Z","","mschneid","2026-08","Fix the remaining..."
"jenkinsci","resources-ai-chatbot-plugin",455,"https://github.com/jenkinsci/resources-ai-chatbot-plugin/pull/455","OPEN","2026-08-24T07:06:45Z","","arjun-713","2026-08","Add documentation and cleanup..."
"jenkinsci","resources-ai-chatbot-plugin",453,"https://github.com/jenkinsci/resources-ai-chatbot-plugin/pull/453","OPEN","2026-08-24T06:46:39Z","","arjun-713","2026-08","Add relevant documentation..."
"jenkinsci","vsphere-cloud-plugin",189,"https://github.com/jenkinsci/vsphere-cloud-plugin/pull/189","OPEN","2026-08-24T06:35:07Z","","mschneid","2026-08","[JENKINS-76493] Fix..."
"jenkinsci","job-config-history-plugin",617,"https://github.com/jenkinsci/job-config-history-plugin/pull/617","MERGED","2026-08-24T06:23:47Z","2026-08-25T15:28:35Z","StefanSpieker","2026-08","remove unused..."
"jenkinsci","matlab-plugin",57,"https://github.com/jenkinsci/matlab-plugin/pull/57","MERGED","2026-08-24T06:12:17Z","2026-08-25T05:30:59Z","mw-kapilg","2026-08","Make TestResultsViewPlugin..."
"jenkinsci","bitwarden-credentials-provider-plugin",30,"https://github.com/jenkinsci/bitwarden-credentials-provider-plugin/pull/30","MERGED","2026-08-24T04:56:54Z","2026-08-25T02:32:28Z","mwdle","2026-08","Overhaul plugin internals,..."
"jenkinsci","build-monitor-plugin",1334,"https://github.com/jenkinsci/build-monitor-plugin/pull/1334","OPEN","2026-08-23T23:50:16Z","","juperala","2026-08","Wrap long job names and..."
"jenkinsci","build-blocker-plugin",46,"https://github.com/jenkinsci/build-blocker-plugin/pull/46","MERGED","2026-08-23T18:35:11Z","2026-08-25T18:45:31Z","sghill","2026-08","Performance: Avoid descriptor..."
"jenkinsci","jenkins",27295,"https://github.com/jenkinsci/jenkins/pull/27295","OPEN","2026-08-23T14:45:28Z","","MarkEWaite","2026-08","Upload GPG signature of..."
"jenkinsci","thin-backup-plugin",253,"https://github.com/jenkinsci/thin-backup-plugin/pull/253","MERGED","2026-08-23T13:03:08Z","2026-08-23T13:13:56Z","StefanSpieker","2026-08","Bump jenkins minimum version..."
"jenkinsci","jira-plugin",1209,"https://github.com/jenkinsci/jira-plugin/pull/1209","MERGED","2026-08-23T12:18:18Z","2026-08-23T12:25:43Z","rantoniuk","2026-08","fix(renovate): use package..."
"jenkinsci","jira-plugin",1208,"https://github.com/jenkinsci/jira-plugin/pull/1208","OPEN","2026-08-23T12:16:27Z","","rantoniuk","2026-08","fix(model): stop..."
"jenkinsci","jira-plugin",1207,"https://github.com/jenkinsci/jira-plugin/pull/1207","OPEN","2026-08-23T12:15:09Z","","rantoniuk","2026-08","fix(pipeline): allow built-in..."
"jenkinsci","jira-plugin",1206,"https://github.com/jenkinsci/jira-plugin/pull/1206","MERGED","2026-08-23T12:12:12Z","2026-08-23T17:04:43Z","rantoniuk","2026-08","test(wiremock): validate..."
"jenkinsci","jira-plugin",1205,"https://github.com/jenkinsci/jira-plugin/pull/1205","MERGED","2026-08-23T12:09:20Z","2026-08-31T14:21:10Z","rantoniuk","2026-08","fix(selector): store the..."
"jenkinsci","jira-plugin",1204,"https://github.com/jenkinsci/jira-plugin/pull/1204","MERGED","2026-08-23T12:07:56Z","2026-08-23T17:10:44Z","rantoniuk","2026-08","fix(pipeline): report a..."
"jenkinsci","jira-plugin",1203,"https://github.com/jenkinsci/jira-plugin/pull/1203","MERGED","2026-08-23T12:06:21Z","2026-08-23T17:06:37Z","rantoniuk","2026-08","fix(pipeline): fall back to..."
"jenkinsci","jira-plugin",1202,"https://github.com/jenkinsci/jira-plugin/pull/1202","OPEN","2026-08-23T12:04:44Z","","rantoniuk","2026-08","fix(folder): let a Jira site..."
"jenkinsci","jira-plugin",1201,"https://github.com/jenkinsci/jira-plugin/pull/1201","MERGED","2026-08-23T12:03:05Z","2026-08-31T13:11:30Z","rantoniuk","2026-08","fix(model): align..."
"jenkinsci","jira-plugin",1200,"https://github.com/jenkinsci/jira-plugin/pull/1200","OPEN","2026-08-23T12:00:03Z","","rantoniuk","2026-08","fix(jira-site): fix..."
"jenkinsci","jira-plugin",1199,"https://github.com/jenkinsci/jira-plugin/pull/1199","OPEN","2026-08-23T11:52:51Z","","rantoniuk","2026-08","fix(http): cache the HTTP..."
"jenkinsci","renovate-config",36,"https://github.com/jenkinsci/renovate-config/pull/36","MERGED","2026-08-23T11:25:49Z","2026-08-30T14:52:12Z","rantoniuk","2026-08","feat: pin GitHub Action..."
"jenkinsci","build-monitor-plugin",1333,"https://github.com/jenkinsci/build-monitor-plugin/pull/1333","OPEN","2026-08-23T11:15:11Z","","juperala","2026-08","Add support to toggle..."
"jenkinsci","ssh-agent-plugin",308,"https://github.com/jenkinsci/ssh-agent-plugin/pull/308","MERGED","2026-08-23T10:50:40Z","2026-08-23T10:58:40Z","ogulcanaydogan","2026-08","fix: drop blank credential..."
"jenkinsci","bom",7331,"https://github.com/jenkinsci/bom/pull/7331","MERGED","2026-08-23T03:17:22Z","2026-08-23T03:45:13Z","MarkEWaite","2026-08","Rotate Adrien Lecharpentier..."
"jenkinsci","jira-plugin",1198,"https://github.com/jenkinsci/jira-plugin/pull/1198","CLOSED","2026-08-23T00:00:29Z","","rantoniuk","2026-08","fix: resolve every..."
"jenkinsci","custom-checkbox-parameter-plugin",15,"https://github.com/jenkinsci/custom-checkbox-parameter-plugin/pull/15","MERGED","2026-08-22T23:17:05Z","2026-08-22T23:28:07Z","sunweisheng","2026-08","[codex] Fix SECURITY-2797..."
"jenkinsci","agent-server-parameter-plugin",11,"https://github.com/jenkinsci/agent-server-parameter-plugin/pull/11","MERGED","2026-08-22T23:17:04Z","2026-08-22T23:28:07Z","sunweisheng","2026-08","[codex] Fix SECURITY-2784..."
"jenkinsci","ssh-agent-plugin",307,"https://github.com/jenkinsci/ssh-agent-plugin/pull/307","MERGED","2026-08-22T17:23:25Z","2026-08-22T21:44:20Z","HannesWell","2026-08","Consider more git.exe paths..."
"jenkinsci","coverage-model",320,"https://github.com/jenkinsci/coverage-model/pull/320","MERGED","2026-08-22T14:16:03Z","2026-08-22T15:13:00Z","uhafner","2026-08","Remove legacy metrics"
"jenkinsci","jira-plugin",1197,"https://github.com/jenkinsci/jira-plugin/pull/1197","CLOSED","2026-08-22T13:55:37Z","","rantoniuk","2026-08","fix(http): apply connect and..."
"jenkinsci","jira-plugin",1196,"https://github.com/jenkinsci/jira-plugin/pull/1196","MERGED","2026-08-22T13:25:28Z","2026-08-31T11:36:19Z","rantoniuk","2026-08","feat(ci): add JEP-229..."
"jenkinsci","jenkins",27293,"https://github.com/jenkinsci/jenkins/pull/27293","OPEN","2026-08-22T12:33:41Z","","Racknaraock","2026-08","[JENKINS-62465] Add page..."
"jenkinsci","ai-agent-plugin",50,"https://github.com/jenkinsci/ai-agent-plugin/pull/50","OPEN","2026-08-22T09:40:05Z","","gvatsal60","2026-08","feat: add Kiro CLI support"
"jenkinsci","gerrit-checks-api-plugin",21,"https://github.com/jenkinsci/gerrit-checks-api-plugin/pull/21","MERGED","2026-08-22T06:38:19Z","2026-08-22T11:39:03Z","panicking","2026-08","Exclude merged changes from..."
"jenkinsci","resources-ai-chatbot-plugin",451,"https://github.com/jenkinsci/resources-ai-chatbot-plugin/pull/451","CLOSED","2026-08-22T01:47:41Z","","katsugtgz","2026-08","deps: bump nltk to 3.10.3..."
"jenkinsci","support-core-plugin",988,"https://github.com/jenkinsci/support-core-plugin/pull/988","CLOSED","2026-08-21T20:49:59Z","","mikecirioli","2026-08","Move case normalization out..."
"jenkinsci","support-core-plugin",987,"https://github.com/jenkinsci/support-core-plugin/pull/987","CLOSED","2026-08-21T20:47:19Z","","mikecirioli","2026-08","Remove the unreachable..."
"jenkinsci","cas-plugin",62,"https://github.com/jenkinsci/cas-plugin/pull/62","MERGED","2026-08-21T18:04:32Z","2026-08-21T19:09:21Z","fcrespel","2026-08","Fix potential CSRF in CAS 1.0..."
"jenkinsci","jira-plugin",1195,"https://github.com/jenkinsci/jira-plugin/pull/1195","MERGED","2026-08-21T17:50:40Z","2026-08-21T18:13:17Z","rantoniuk","2026-08","Fix stale status logged after..."
"jenkinsci","jira-plugin",1194,"https://github.com/jenkinsci/jira-plugin/pull/1194","MERGED","2026-08-21T17:21:46Z","2026-08-21T17:46:00Z","rantoniuk","2026-08","Update atlassian core..."
"jenkinsci","pom",860,"https://github.com/jenkinsci/pom/pull/860","OPEN","2026-08-21T17:01:24Z","","jtnord","2026-08","do not sort depMgmt and add..."
"jenkinsci","jira-plugin",1193,"https://github.com/jenkinsci/jira-plugin/pull/1193","OPEN","2026-08-21T13:31:03Z","","henriquejsza","2026-08","refactor(rest): use the..."
"jenkinsci","jenkins",27290,"https://github.com/jenkinsci/jenkins/pull/27290","OPEN","2026-08-21T09:09:04Z","","preetham-18-developer","2026-08","Avoid blocking Queue.lock..."
"jenkinsci","jenkins",27289,"https://github.com/jenkinsci/jenkins/pull/27289","MERGED","2026-08-21T06:38:22Z","2026-08-23T13:33:21Z","CHISANW","2026-08","Fix incorrect return..."
"jenkinsci","propelo-job-reporter-plugin",40,"https://github.com/jenkinsci/propelo-job-reporter-plugin/pull/40","MERGED","2026-08-21T05:03:49Z","2026-08-21T12:56:06Z","harshit-trivedi01","2026-08","fix: [SEI-18332]: Accumulate..."
"jenkinsci","maven-hpi-plugin",907,"https://github.com/jenkinsci/maven-hpi-plugin/pull/907","OPEN","2026-08-21T02:29:42Z","","olamy","2026-08","Add a new hpi:run-war mojo..."
"jenkinsci","checks-api-plugin",336,"https://github.com/jenkinsci/checks-api-plugin/pull/336","MERGED","2026-08-21T01:52:33Z","2026-08-31T13:58:07Z","jlanglois-jam","2026-08","Honor `skipProgressUpdates`..."
"jenkinsci","github-branch-source-plugin",1553,"https://github.com/jenkinsci/github-branch-source-plugin/pull/1553","OPEN","2026-08-20T21:39:46Z","","insan3d","2026-08","Fix ready_for_review pull..."
"jenkinsci","jenkins",27284,"https://github.com/jenkinsci/jenkins/pull/27284","CLOSED","2026-08-20T20:16:43Z","","Racknaraock","2026-08","[JENKINS-62431] Allow..."
"jenkinsci","jenkins",27283,"https://github.com/jenkinsci/jenkins/pull/27283","CLOSED","2026-08-20T18:47:35Z","","Racknaraock","2026-08","[JENKINS-62431] Allow..."
"jenkinsci","docker-agents",1321,"https://github.com/jenkinsci/docker-agents/pull/1321","MERGED","2026-08-20T16:45:26Z","2026-08-20T17:33:09Z","lemeurherve","2026-08","chore(windows): remove..."
"jenkinsci","docker-ssh-agent",705,"https://github.com/jenkinsci/docker-ssh-agent/pull/705","MERGED","2026-08-20T16:36:17Z","2026-08-31T21:44:12Z","lemeurherve","2026-08","chore(pipeline): build JDKs..."
"jenkinsci","junit-plugin",1253,"https://github.com/jenkinsci/junit-plugin/pull/1253","MERGED","2026-08-20T16:29:57Z","2026-08-20T20:52:06Z","jglick","2026-08","Switch to Ionicons checkbox"
"jenkinsci","bom",7324,"https://github.com/jenkinsci/bom/pull/7324","CLOSED","2026-08-20T13:48:01Z","","lemeurherve","2026-08","Test of PR 7319 in a new job"
"jenkinsci","gradle-jpi-plugin",431,"https://github.com/jenkinsci/gradle-jpi-plugin/pull/431","OPEN","2026-08-20T13:32:30Z","","mtughan","2026-08","Fix unchecked casts in..."
"jenkinsci","jenkins",27282,"https://github.com/jenkinsci/jenkins/pull/27282","OPEN","2026-08-20T11:35:30Z","","daniel-beck","2026-08","Add new root cert, delete the..."
"jenkinsci","gitlab-plugin",1937,"https://github.com/jenkinsci/gitlab-plugin/pull/1937","MERGED","2026-08-20T10:53:28Z","2026-08-20T12:15:40Z","MarkEWaite","2026-08","Remove redundant..."
"jenkinsci","gerrit-checks-api-plugin",20,"https://github.com/jenkinsci/gerrit-checks-api-plugin/pull/20","MERGED","2026-08-20T08:07:14Z","2026-08-29T15:32:58Z","xavier-calland","2026-08","Use folder-aware display..."
"jenkinsci","mcp-server-plugin",230,"https://github.com/jenkinsci/mcp-server-plugin/pull/230","MERGED","2026-08-20T06:47:18Z","2026-08-20T06:48:26Z","olamy","2026-08","Fix readme"
"jenkinsci","swarm-agents-cloud-plugin",41,"https://github.com/jenkinsci/swarm-agents-cloud-plugin/pull/41","MERGED","2026-08-20T05:44:29Z","2026-08-20T06:23:31Z","AronMav","2026-08","fix: use theme-aware design..."
"jenkinsci","jenkins",27280,"https://github.com/jenkinsci/jenkins/pull/27280","OPEN","2026-08-20T02:50:36Z","","xhon-pelushi","2026-08","Export..."
"jenkinsci","categorized-view-plugin",131,"https://github.com/jenkinsci/categorized-view-plugin/pull/131","OPEN","2026-08-20T01:04:22Z","","grant-singleton-nz","2026-08","Allow grouping rules to match..."
"jenkinsci","jira-plugin",1192,"https://github.com/jenkinsci/jira-plugin/pull/1192","MERGED","2026-08-20T00:42:16Z","2026-08-20T01:34:16Z","rantoniuk","2026-08","fix(rest): preserve cause..."
"jenkinsci","jira-plugin",1191,"https://github.com/jenkinsci/jira-plugin/pull/1191","MERGED","2026-08-20T00:19:32Z","2026-08-21T10:37:35Z","rantoniuk","2026-08","fix(jira-cloud): route JQL..."
"jenkinsci","gradle-jpi-plugin",430,"https://github.com/jenkinsci/gradle-jpi-plugin/pull/430","OPEN","2026-08-19T22:59:54Z","","rahulsom","2026-08","fix(jpi2): exclude platforms..."
"jenkinsci","gradle-jpi-plugin",428,"https://github.com/jenkinsci/gradle-jpi-plugin/pull/428","MERGED","2026-08-19T20:17:57Z","2026-08-28T05:12:54Z","rahulsom","2026-08","fix(jpi2): hold reserved..."
"jenkinsci","jenkins",27279,"https://github.com/jenkinsci/jenkins/pull/27279","OPEN","2026-08-19T20:11:22Z","","r4-rahul123","2026-08","Fix: Delete buttons wrongly..."
"jenkinsci","jenkins",27278,"https://github.com/jenkinsci/jenkins/pull/27278","CLOSED","2026-08-19T19:20:27Z","","r4-rahul123","2026-08"," 'Fix: Delete buttons wrongly..."
"jenkinsci","jenkins",27277,"https://github.com/jenkinsci/jenkins/pull/27277","MERGED","2026-08-19T18:30:25Z","2026-08-20T21:15:43Z","jglick","2026-08","Revert 'Enable build caching..."
"jenkinsci","gradle-jpi-plugin",427,"https://github.com/jenkinsci/gradle-jpi-plugin/pull/427","MERGED","2026-08-19T18:19:42Z","2026-08-27T14:42:16Z","mtughan","2026-08","Disable Git commit signing..."
"jenkinsci","gradle-jpi-plugin",426,"https://github.com/jenkinsci/gradle-jpi-plugin/pull/426","OPEN","2026-08-19T18:16:57Z","","mtughan","2026-08","Fix deprecated Gradle 10..."
"jenkinsci","bitbucket-branch-source-plugin",1246,"https://github.com/jenkinsci/bitbucket-branch-source-plugin/pull/1246","MERGED","2026-08-19T17:31:38Z","2026-08-22T17:55:45Z","nfalco79","2026-08","[JENKINS-76514] Bitbucket tag..."
"jenkinsci","bom",7319,"https://github.com/jenkinsci/bom/pull/7319","OPEN","2026-08-19T17:31:06Z","","lemeurherve","2026-08","chore(pipeline): skip prep.sh..."
"jenkinsci","bom",7318,"https://github.com/jenkinsci/bom/pull/7318","CLOSED","2026-08-19T17:26:29Z","","lemeurherve","2026-08","chore(pipeline): skip prep.sh..."
"jenkinsci","acceptance-test-harness",2824,"https://github.com/jenkinsci/acceptance-test-harness/pull/2824","OPEN","2026-08-19T16:20:14Z","","apuig","2026-08","fix Slave.launch() race when..."
"jenkinsci","bom",7316,"https://github.com/jenkinsci/bom/pull/7316","MERGED","2026-08-19T16:15:38Z","2026-08-19T17:52:59Z","lemeurherve","2026-08","chore(pipeline): cleaner bom..."
"jenkinsci","pom",856,"https://github.com/jenkinsci/pom/pull/856","MERGED","2026-08-19T15:59:21Z","2026-08-19T16:06:34Z","jtnord","2026-08","downgrade..."
"jenkinsci","user-guide-ai-chatbot-plugin",49,"https://github.com/jenkinsci/user-guide-ai-chatbot-plugin/pull/49","OPEN","2026-08-19T15:13:04Z","","thatsdc","2026-08","10th PR: Implement..."
"jenkinsci","deploy-dashboard-plugin",15,"https://github.com/jenkinsci/deploy-dashboard-plugin/pull/15","MERGED","2026-08-19T14:47:19Z","2026-08-19T15:03:14Z","nick4eva","2026-08","docs: update contribution..."
"jenkinsci","user-guide-ai-chatbot-plugin",48,"https://github.com/jenkinsci/user-guide-ai-chatbot-plugin/pull/48","MERGED","2026-08-19T14:44:58Z","2026-08-23T13:06:42Z","thatsdc","2026-08","9th PR: Implement evaluation..."
"jenkinsci","jenkins",27276,"https://github.com/jenkinsci/jenkins/pull/27276","OPEN","2026-08-19T14:10:50Z","","daniel-beck","2026-08","Start Jenkins without..."
"jenkinsci","explain-error-plugin",222,"https://github.com/jenkinsci/explain-error-plugin/pull/222","CLOSED","2026-08-19T13:58:39Z","","marcoCoded","2026-08","Feature/add mailing"
"jenkinsci","explain-error-plugin",221,"https://github.com/jenkinsci/explain-error-plugin/pull/221","CLOSED","2026-08-19T12:51:53Z","","marcoCoded","2026-08","add sending explanation on..."
"jenkinsci","acceptance-test-harness",2823,"https://github.com/jenkinsci/acceptance-test-harness/pull/2823","CLOSED","2026-08-19T12:26:34Z","","MarkEWaite","2026-08","[WIP] Test several pull..."
"jenkinsci","propelo-job-reporter-plugin",39,"https://github.com/jenkinsci/propelo-job-reporter-plugin/pull/39","MERGED","2026-08-19T11:52:09Z","2026-08-20T09:52:41Z","harshit-trivedi01","2026-08","feat: [SEI-18332]: Report..."
"jenkinsci","matrix-project-plugin",772,"https://github.com/jenkinsci/matrix-project-plugin/pull/772","MERGED","2026-08-19T11:37:59Z","2026-08-19T12:08:29Z","Kanaduchi","2026-08","Add new workflow"
"jenkinsci","Matrix-sorter-plugin",12,"https://github.com/jenkinsci/Matrix-sorter-plugin/pull/12","MERGED","2026-08-19T11:27:40Z","2026-08-19T11:43:58Z","Kanaduchi","2026-08","Add new workflow"
"jenkinsci","matrix-project-plugin",771,"https://github.com/jenkinsci/matrix-project-plugin/pull/771","CLOSED","2026-08-19T11:24:30Z","","Kanaduchi","2026-08","Add new workflow"
"jenkinsci","kerberos-sso-plugin",87,"https://github.com/jenkinsci/kerberos-sso-plugin/pull/87","MERGED","2026-08-19T10:05:51Z","2026-08-31T22:00:20Z","kitos9112","2026-08","[JENKINS-75881] Do not..."
"jenkinsci","checkmarx-ast-scanner-plugin",437,"https://github.com/jenkinsci/checkmarx-ast-scanner-plugin/pull/437","MERGED","2026-08-19T09:05:31Z","2026-08-19T10:12:13Z","cx-atish-jadhav","2026-08","Add Zizmor GitHub Actions..."
"jenkinsci","checkmarx-ast-scanner-plugin",436,"https://github.com/jenkinsci/checkmarx-ast-scanner-plugin/pull/436","MERGED","2026-08-19T07:32:59Z","2026-08-26T13:26:08Z","cx-atish-jadhav","2026-08","Add versioned Jenkins agent..."
"jenkinsci","bom",7313,"https://github.com/jenkinsci/bom/pull/7313","CLOSED","2026-08-19T04:05:46Z","","MarkEWaite","2026-08","[WIP] Test several pull..."
"jenkinsci","jenkins",27274,"https://github.com/jenkinsci/jenkins/pull/27274","CLOSED","2026-08-19T03:46:49Z","","MarkEWaite","2026-08","[WIP] Test several pull..."
"jenkinsci","docker-plugin",1361,"https://github.com/jenkinsci/docker-plugin/pull/1361","OPEN","2026-08-19T02:25:33Z","","poweichen00","2026-08","Fix deprecated positional..."
"jenkinsci","gradle-jpi-plugin",425,"https://github.com/jenkinsci/gradle-jpi-plugin/pull/425","MERGED","2026-08-18T21:35:25Z","2026-08-19T06:31:11Z","rahulsom","2026-08","fix(jpi2): install..."
"jenkinsci","jenkins",27270,"https://github.com/jenkinsci/jenkins/pull/27270","OPEN","2026-08-18T20:16:08Z","","Anexus5919","2026-08","Restore scrolling when..."
"jenkinsci","docker-plugin",1360,"https://github.com/jenkinsci/docker-plugin/pull/1360","OPEN","2026-08-18T19:41:45Z","","hshibuya-dd","2026-08","Support parameterized..."
"jenkinsci","bom",7310,"https://github.com/jenkinsci/bom/pull/7310","CLOSED","2026-08-18T18:23:02Z","","lemeurherve","2026-08","Test of balanced splits"
"jenkinsci","resources-ai-chatbot-plugin",449,"https://github.com/jenkinsci/resources-ai-chatbot-plugin/pull/449","OPEN","2026-08-18T17:01:02Z","","arjun-713","2026-08","Add documentation and cleanup..."
"jenkinsci","support-core-plugin",986,"https://github.com/jenkinsci/support-core-plugin/pull/986","CLOSED","2026-08-18T16:38:02Z","","mikecirioli","2026-08","Make anonymization pseudonyms..."
"jenkinsci","jenkins",27268,"https://github.com/jenkinsci/jenkins/pull/27268","CLOSED","2026-08-18T16:24:26Z","","MarkEWaite","2026-08","[WIP] Test several pull..."
"jenkinsci","blueocean-plugin",5416,"https://github.com/jenkinsci/blueocean-plugin/pull/5416","OPEN","2026-08-18T16:13:49Z","","euroinexile","2026-08","Skip FlowNode in..."
"jenkinsci","matlab-plugin",56,"https://github.com/jenkinsci/matlab-plugin/pull/56","MERGED","2026-08-18T15:03:01Z","2026-08-20T15:19:50Z","mw-hrastega","2026-08","Remove dependency on MATLAB..."
"jenkinsci","deploy-dashboard-plugin",14,"https://github.com/jenkinsci/deploy-dashboard-plugin/pull/14","MERGED","2026-08-18T14:46:28Z","2026-08-19T08:28:13Z","nick4eva","2026-08","Update Maven wrapper to..."
"jenkinsci","junit-plugin",1251,"https://github.com/jenkinsci/junit-plugin/pull/1251","MERGED","2026-08-18T14:04:57Z","2026-08-18T21:18:36Z","piyush2676","2026-08","Replace every URL-illegal..."
"jenkinsci","jenkins",27265,"https://github.com/jenkinsci/jenkins/pull/27265","MERGED","2026-08-18T13:14:21Z","2026-08-20T21:15:01Z","gbhat618","2026-08","Revert 'Standardise..."
"jenkinsci","jenkins",27264,"https://github.com/jenkinsci/jenkins/pull/27264","CLOSED","2026-08-18T13:04:32Z","","xhon-pelushi","2026-08","Export..."
"jenkinsci","deploy-dashboard-plugin",13,"https://github.com/jenkinsci/deploy-dashboard-plugin/pull/13","MERGED","2026-08-18T12:59:49Z","2026-08-18T14:35:53Z","nick4eva","2026-08","Pin JAVA_HOME to the..."
"jenkinsci","qtest-plugin",17,"https://github.com/jenkinsci/qtest-plugin/pull/17","OPEN","2026-08-18T11:37:20Z","","mriha-tricentis","2026-08","Setup CD"
"jenkinsci","support-core-plugin",984,"https://github.com/jenkinsci/support-core-plugin/pull/984","MERGED","2026-08-18T11:12:42Z","2026-08-25T14:42:32Z","mikecirioli","2026-08","Emit the anonymization regex..."
"jenkinsci","ssh-agent-plugin",306,"https://github.com/jenkinsci/ssh-agent-plugin/pull/306","MERGED","2026-08-18T10:39:40Z","2026-08-18T11:00:37Z","ogulcanaydogan","2026-08","fix: normalize blank..."
"jenkinsci","deploy-dashboard-plugin",12,"https://github.com/jenkinsci/deploy-dashboard-plugin/pull/12","MERGED","2026-08-18T10:33:09Z","2026-08-18T12:43:22Z","nick4eva","2026-08","Provision JDK 21 in the..."
"jenkinsci","compuware-ispw-operations-plugin",121,"https://github.com/jenkinsci/compuware-ispw-operations-plugin/pull/121","MERGED","2026-08-18T10:23:50Z","2026-08-25T08:00:33Z","rvelagam","2026-08","Fixing TPS issues :..."
"jenkinsci","jenkins",27260,"https://github.com/jenkinsci/jenkins/pull/27260","CLOSED","2026-08-18T07:40:55Z","","Ayushgupta2408","2026-08","Fix scrollbar interaction at..."
"jenkinsci","acceptance-test-harness",2822,"https://github.com/jenkinsci/acceptance-test-harness/pull/2822","CLOSED","2026-08-18T03:23:14Z","","MarkEWaite","2026-08","[WIP] Test several pull..."
"jenkinsci","bom",7301,"https://github.com/jenkinsci/bom/pull/7301","CLOSED","2026-08-18T03:03:46Z","","MarkEWaite","2026-08","[WIP] Test several pull..."
"jenkinsci","declarative-pipeline-migration-assistant-plugin",365,"https://github.com/jenkinsci/declarative-pipeline-migration-assistant-plugin/pull/365","MERGED","2026-08-18T02:39:39Z","2026-08-19T10:28:33Z","olamy","2026-08","Enable continuous delivery..."
"jenkinsci","jenkins",27259,"https://github.com/jenkinsci/jenkins/pull/27259","CLOSED","2026-08-18T02:32:16Z","","MarkEWaite","2026-08","[WIP] Test several pull..."
"jenkinsci","support-core-plugin",982,"https://github.com/jenkinsci/support-core-plugin/pull/982","CLOSED","2026-08-18T01:18:29Z","","mikecirioli","2026-08","Fold case consistently when..."
"jenkinsci","jenkins",27258,"https://github.com/jenkinsci/jenkins/pull/27258","OPEN","2026-08-18T01:09:05Z","","MarkEWaite","2026-08","Use assert instead of assume..."
"jenkinsci","bom",7300,"https://github.com/jenkinsci/bom/pull/7300","CLOSED","2026-08-17T23:54:46Z","","krisstern","2026-08","test(lts): test lts 2.568.3..."
"jenkinsci","oidc-provider-plugin",198,"https://github.com/jenkinsci/oidc-provider-plugin/pull/198","CLOSED","2026-08-17T23:49:32Z","","eecsmap","2026-08","Resolve issuer under SYSTEM2,..."
"jenkinsci","acceptance-test-harness",2821,"https://github.com/jenkinsci/acceptance-test-harness/pull/2821","CLOSED","2026-08-17T23:49:21Z","","krisstern","2026-08","test(lts): test lts 2.568.3..."
"jenkinsci","jenkins",27255,"https://github.com/jenkinsci/jenkins/pull/27255","MERGED","2026-08-17T22:50:59Z","2026-08-23T13:32:23Z","MarkEWaite","2026-08","Remove XStream2EncodingTest,..."
"jenkinsci","junit-plugin",1250,"https://github.com/jenkinsci/junit-plugin/pull/1250","MERGED","2026-08-17T20:49:00Z","2026-08-17T21:26:41Z","rco-ableton","2026-08","Prevent internal server error..."
"jenkinsci","kubernetes-plugin",2871,"https://github.com/jenkinsci/kubernetes-plugin/pull/2871","MERGED","2026-08-17T20:01:43Z","2026-08-17T22:41:04Z","jglick","2026-08","Documenting a security..."
"jenkinsci","gradle-jpi-plugin",424,"https://github.com/jenkinsci/gradle-jpi-plugin/pull/424","MERGED","2026-08-17T18:10:04Z","2026-08-18T17:03:48Z","rahulsom","2026-08","fix(jpi2): stop..."
"jenkinsci","support-core-plugin",980,"https://github.com/jenkinsci/support-core-plugin/pull/980","MERGED","2026-08-17T16:11:29Z","2026-08-25T16:53:20Z","mikecirioli","2026-08","Evict unused ContentMappings..."
"jenkinsci","jira-plugin",1190,"https://github.com/jenkinsci/jira-plugin/pull/1190","MERGED","2026-08-17T13:07:45Z","2026-08-31T13:04:42Z","rantoniuk","2026-08","docs: add ADRs, overhaul..."
"jenkinsci","docker-ssh-agent",703,"https://github.com/jenkinsci/docker-ssh-agent/pull/703","OPEN","2026-08-17T12:51:12Z","","lemeurherve","2026-08","chore(tests/linux): list..."
"jenkinsci","docker",2440,"https://github.com/jenkinsci/docker/pull/2440","MERGED","2026-08-17T11:26:58Z","2026-08-17T11:50:35Z","lemeurherve","2026-08","chore(updatecli): add..."
"jenkinsci","freestyle-project-plugin",2,"https://github.com/jenkinsci/freestyle-project-plugin/pull/2","MERGED","2026-08-17T10:56:31Z","2026-08-23T17:46:18Z","slide","2026-08","chore: Setup CD releases"
"jenkinsci","docker-ssh-agent",701,"https://github.com/jenkinsci/docker-ssh-agent/pull/701","MERGED","2026-08-17T10:50:43Z","2026-08-17T11:27:46Z","lemeurherve","2026-08","chore(tests/windows): verbose..."
"jenkinsci","declarative-pipeline-migration-assistant-plugin",364,"https://github.com/jenkinsci/declarative-pipeline-migration-assistant-plugin/pull/364","MERGED","2026-08-17T10:24:23Z","2026-08-17T11:59:39Z","gbhat618","2026-08","Update BOM and Jenkins..."
"jenkinsci","configurationslicing-plugin",358,"https://github.com/jenkinsci/configurationslicing-plugin/pull/358","CLOSED","2026-08-17T08:12:26Z","","wassuh0520","2026-08","Fix matrix configuration..."
"jenkinsci","junit-plugin",1248,"https://github.com/jenkinsci/junit-plugin/pull/1248","MERGED","2026-08-17T07:46:29Z","2026-08-17T08:19:39Z","gbhat618","2026-08","Update BOM version and..."
"jenkinsci","jenkins",27254,"https://github.com/jenkinsci/jenkins/pull/27254","MERGED","2026-08-17T07:30:36Z","2026-08-18T15:44:59Z","krisstern","2026-08","Backporting for LTS 2.568.3"
"jenkinsci","jenkins",27252,"https://github.com/jenkinsci/jenkins/pull/27252","OPEN","2026-08-17T05:57:49Z","","Rauneet-coder","2026-08","Harden HTTP Basic..."
"jenkinsci","android-signing-plugin",27,"https://github.com/jenkinsci/android-signing-plugin/pull/27","MERGED","2026-08-17T03:15:38Z","2026-08-24T20:25:42Z","panicking","2026-08","Feat/add aab sign support"
"jenkinsci","jenkins",27251,"https://github.com/jenkinsci/jenkins/pull/27251","CLOSED","2026-08-17T00:45:32Z","","MarkEWaite","2026-08","[WIP] Replace JUnit 4..."
"jenkinsci","bom",7297,"https://github.com/jenkinsci/bom/pull/7297","MERGED","2026-08-17T00:10:42Z","2026-08-17T07:31:08Z","lemeurherve","2026-08","chore: initial stored bom..."
"jenkinsci","jenkins",27249,"https://github.com/jenkinsci/jenkins/pull/27249","CLOSED","2026-08-16T22:15:46Z","","Rauneet-coder","2026-08","Fix/redact auth header from..."
"jenkinsci","openid-plugin",82,"https://github.com/jenkinsci/openid-plugin/pull/82","MERGED","2026-08-16T20:53:30Z","2026-08-16T21:14:34Z","panicking","2026-08","Feat/fix redirect and add..."
"jenkinsci","bom",7296,"https://github.com/jenkinsci/bom/pull/7296","MERGED","2026-08-16T20:38:27Z","2026-08-16T23:56:10Z","lemeurherve","2026-08","chore(pipeline): adjustments..."
"jenkinsci","remoting",1539,"https://github.com/jenkinsci/remoting/pull/1539","MERGED","2026-08-16T16:46:20Z","2026-08-30T14:56:15Z","om7057","2026-08","Fix FifoBuffer.writable()..."
"jenkinsci","ssh-agent-plugin",305,"https://github.com/jenkinsci/ssh-agent-plugin/pull/305","MERGED","2026-08-16T15:51:31Z","2026-08-19T08:20:13Z","HannesWell","2026-08","Use SSH_ASKPASS_REQUIRE..."
"jenkinsci","ai-agent-plugin",45,"https://github.com/jenkinsci/ai-agent-plugin/pull/45","MERGED","2026-08-16T15:37:04Z","2026-08-23T19:39:45Z","bvolpato","2026-08","[core] Close stdin for..."
"jenkinsci","user-guide-ai-chatbot-plugin",47,"https://github.com/jenkinsci/user-guide-ai-chatbot-plugin/pull/47","CLOSED","2026-08-16T12:59:43Z","","thatsdc","2026-08","10th PR: Implement..."
"jenkinsci","ssh-agent-plugin",304,"https://github.com/jenkinsci/ssh-agent-plugin/pull/304","MERGED","2026-08-16T11:50:28Z","2026-08-19T08:20:05Z","HannesWell","2026-08","Model file-paths at agent..."
"jenkinsci","openid-plugin",81,"https://github.com/jenkinsci/openid-plugin/pull/81","MERGED","2026-08-16T08:31:43Z","2026-08-16T08:55:37Z","panicking","2026-08","Feat/modernize openid login"
"jenkinsci","build-pipeline-plugin",442,"https://github.com/jenkinsci/build-pipeline-plugin/pull/442","MERGED","2026-08-16T02:19:25Z","2026-08-16T02:33:54Z","MarkEWaite","2026-08","Remove BuildSecurityTest..."
"jenkinsci","jenkins",27248,"https://github.com/jenkinsci/jenkins/pull/27248","OPEN","2026-08-16T01:44:11Z","","MarkEWaite","2026-08","Reduce Windows CI test time..."
"jenkins-infra","pipeline-library",1047,"https://github.com/jenkins-infra/pipeline-library/pull/1047","OPEN","2026-08-31T19:37:07Z","","dduportal","2026-08","feat(buildDockerAndPublishImage):..."
"jenkins-infra","infra-statistics",61,"https://github.com/jenkins-infra/infra-statistics/pull/61","CLOSED","2026-08-31T13:20:39Z","","lemeurherve","2026-08","Update README with new..."
"jenkins-infra","pipeline-library",1045,"https://github.com/jenkins-infra/pipeline-library/pull/1045","MERGED","2026-08-31T13:15:42Z","2026-08-31T18:53:31Z","dduportal","2026-08","feat!(infra,BuildDockerAndPublishImage)..."
"jenkins-infra","release",961,"https://github.com/jenkins-infra/release/pull/961","MERGED","2026-08-31T12:57:36Z","2026-08-31T12:59:47Z","lemeurherve","2026-08","Backport of `master` into..."
"jenkins-infra","plugin-health-scoring",926,"https://github.com/jenkins-infra/plugin-health-scoring/pull/926","MERGED","2026-08-31T11:22:11Z","2026-08-31T12:19:22Z","alecharp","2026-08","fix: throw IOException on..."
"jenkins-infra","release",960,"https://github.com/jenkins-infra/release/pull/960","MERGED","2026-08-31T10:19:27Z","2026-08-31T10:51:11Z","lemeurherve","2026-08","Backport of `master` into..."
"jenkins-infra","repository-permissions-updater",5250,"https://github.com/jenkins-infra/repository-permissions-updater/pull/5250","CLOSED","2026-08-30T22:31:50Z","","kitos9112","2026-08","Add security contact for..."
"jenkins-infra","pipeline-library",1044,"https://github.com/jenkins-infra/pipeline-library/pull/1044","MERGED","2026-08-28T16:35:58Z","2026-08-29T13:39:31Z","dduportal","2026-08","feat!(infra,buildDockerAndPublishImage)..."
"jenkins-infra","repository-permissions-updater",5245,"https://github.com/jenkins-infra/repository-permissions-updater/pull/5245","OPEN","2026-08-28T15:34:21Z","","edif2008","2026-08","Update 1Password maintainers..."
"jenkins-infra","release",959,"https://github.com/jenkins-infra/release/pull/959","MERGED","2026-08-28T15:09:10Z","2026-08-31T08:40:51Z","Kevin-CB","2026-08","Prepare 2.568.3 security..."
"jenkins-infra","release",958,"https://github.com/jenkins-infra/release/pull/958","MERGED","2026-08-28T15:05:51Z","2026-08-31T08:40:48Z","Kevin-CB","2026-08","Prepare 2.580 security update"
"jenkins-infra","pipeline-library",1043,"https://github.com/jenkins-infra/pipeline-library/pull/1043","OPEN","2026-08-28T09:45:47Z","","dduportal","2026-08","feat(buildDockerAndPublishImage)..."
"jenkins-infra","repository-permissions-updater",5244,"https://github.com/jenkins-infra/repository-permissions-updater/pull/5244","CLOSED","2026-08-28T07:23:46Z","","olamy","2026-08","Add release permissions..."
"jenkins-infra","docker-packaging",289,"https://github.com/jenkins-infra/docker-packaging/pull/289","MERGED","2026-08-27T18:57:01Z","2026-08-27T19:02:09Z","dduportal","2026-08","chore(updatecli) fix JDK..."
"jenkins-infra","azure",1525,"https://github.com/jenkins-infra/azure/pull/1525","MERGED","2026-08-27T14:59:27Z","2026-08-27T15:20:01Z","dduportal","2026-08","fix(cert.ci.jenkins.io) Set..."
"jenkins-infra","plugin-modernizer-tool",1887,"https://github.com/jenkins-infra/plugin-modernizer-tool/pull/1887","MERGED","2026-08-27T13:08:51Z","2026-08-27T13:09:17Z","jonesbusy","2026-08","Spotless"
"jenkins-infra","plugin-modernizer-tool",1886,"https://github.com/jenkins-infra/plugin-modernizer-tool/pull/1886","OPEN","2026-08-27T13:02:14Z","","jonesbusy","2026-08","[SDKs] Update the versions of..."
"jenkins-infra","plugin-modernizer-tool",1885,"https://github.com/jenkins-infra/plugin-modernizer-tool/pull/1885","MERGED","2026-08-27T13:01:57Z","2026-08-27T13:02:15Z","jonesbusy","2026-08","Update byte-buddy-api plugin..."
"jenkins-infra","plugin-modernizer-tool",1884,"https://github.com/jenkins-infra/plugin-modernizer-tool/pull/1884","MERGED","2026-08-27T12:52:10Z","2026-08-27T12:57:54Z","jonesbusy","2026-08","Update compress-api plugin..."
"jenkins-infra","plugin-modernizer-tool",1883,"https://github.com/jenkins-infra/plugin-modernizer-tool/pull/1883","MERGED","2026-08-27T12:51:34Z","2026-08-27T12:51:54Z","jonesbusy","2026-08","Update jsoup plugin version..."
"jenkins-infra","plugin-modernizer-tool",1882,"https://github.com/jenkins-infra/plugin-modernizer-tool/pull/1882","MERGED","2026-08-27T12:50:45Z","2026-08-27T12:51:10Z","jonesbusy","2026-08","Update jenkins versions"
"jenkins-infra","plugin-modernizer-tool",1881,"https://github.com/jenkins-infra/plugin-modernizer-tool/pull/1881","CLOSED","2026-08-27T12:39:29Z","","jonesbusy","2026-08","[SDKs] Update the versions of..."
"jenkins-infra","azure",1524,"https://github.com/jenkins-infra/azure/pull/1524","MERGED","2026-08-27T09:10:38Z","2026-08-27T09:16:12Z","dduportal","2026-08","feat(cert.ci.jenkins.io) set..."
"jenkins-infra","azure",1523,"https://github.com/jenkins-infra/azure/pull/1523","MERGED","2026-08-27T08:41:20Z","2026-08-27T08:46:48Z","dduportal","2026-08","hotfix(cert.ci.jenkins.io)..."
"jenkins-infra","repository-permissions-updater",5241,"https://github.com/jenkins-infra/repository-permissions-updater/pull/5241","MERGED","2026-08-26T21:03:22Z","2026-08-30T14:16:01Z","sapn95","2026-08","Add..."
"jenkins-infra","jenkins-infra",5028,"https://github.com/jenkins-infra/jenkins-infra/pull/5028","MERGED","2026-08-26T19:37:59Z","2026-08-26T19:38:09Z","dduportal","2026-08","feat(census.jenkins.io) set..."
"jenkins-infra","azure",1522,"https://github.com/jenkins-infra/azure/pull/1522","MERGED","2026-08-26T19:11:49Z","2026-08-26T19:12:17Z","dduportal","2026-08","feat(cert.ci.jenkins.io)..."
"jenkins-infra","azure",1521,"https://github.com/jenkins-infra/azure/pull/1521","MERGED","2026-08-26T16:52:20Z","2026-08-26T17:57:24Z","dduportal","2026-08","feat(cert.ci.jenkins.io) set..."
"jenkins-infra","azure-net",559,"https://github.com/jenkins-infra/azure-net/pull/559","MERGED","2026-08-26T16:40:25Z","2026-08-26T17:41:15Z","dduportal","2026-08","feat(vnets) add default NSG..."
"jenkins-infra","digitalocean",306,"https://github.com/jenkins-infra/digitalocean/pull/306","MERGED","2026-08-26T16:09:15Z","2026-08-26T16:17:41Z","dduportal","2026-08","feat(usage,census) allow SSH..."
"jenkins-infra","jenkins-infra",5027,"https://github.com/jenkins-infra/jenkins-infra/pull/5027","MERGED","2026-08-26T15:40:37Z","2026-08-26T15:46:08Z","dduportal","2026-08","cleanup: remove all LVM..."
"jenkins-infra","jenkins-infra",5026,"https://github.com/jenkins-infra/jenkins-infra/pull/5026","MERGED","2026-08-26T15:38:03Z","2026-08-26T15:39:10Z","dduportal","2026-08","fix(profile/golang) force..."
"jenkins-infra","digitalocean",305,"https://github.com/jenkins-infra/digitalocean/pull/305","MERGED","2026-08-26T15:14:55Z","2026-08-26T15:18:35Z","dduportal","2026-08","feat(census) increase data..."
"jenkins-infra","jenkins-infra",5024,"https://github.com/jenkins-infra/jenkins-infra/pull/5024","MERGED","2026-08-25T19:19:12Z","2026-08-26T15:23:23Z","dduportal","2026-08","feat(census) add `golang`..."
"jenkins-infra","jenkins.io",9370,"https://github.com/jenkins-infra/jenkins.io/pull/9370","MERGED","2026-08-25T12:53:20Z","2026-08-25T13:01:26Z","MarkEWaite","2026-08","Add banner to 2.579 changelog..."
"jenkins-infra","release",955,"https://github.com/jenkins-infra/release/pull/955","MERGED","2026-08-25T08:52:33Z","2026-08-25T09:17:13Z","Kevin-CB","2026-08","Disable weekly build..."
"jenkins-infra","jenkins.io",9367,"https://github.com/jenkins-infra/jenkins.io/pull/9367","MERGED","2026-08-25T04:12:27Z","2026-08-25T05:05:52Z","krisstern","2026-08","docs: add changelog and..."
"jenkins-infra","repository-permissions-updater",5238,"https://github.com/jenkins-infra/repository-permissions-updater/pull/5238","MERGED","2026-08-24T20:31:17Z","2026-08-30T14:14:55Z","alleyj","2026-08","Add @callen117 to developers..."
"jenkins-infra","jenkins-version",374,"https://github.com/jenkins-infra/jenkins-version/pull/374","MERGED","2026-08-24T18:16:14Z","2026-08-24T18:16:35Z","dduportal","2026-08","chore(.golangci.yml) ignore..."
"jenkins-infra","docker-openvpn",548,"https://github.com/jenkins-infra/docker-openvpn/pull/548","MERGED","2026-08-24T17:45:11Z","2026-08-24T18:17:05Z","dduportal","2026-08","chore(updatecli) use dasel/v3..."
"jenkins-infra","docker-openvpn",547,"https://github.com/jenkins-infra/docker-openvpn/pull/547","MERGED","2026-08-24T16:27:32Z","2026-08-24T16:31:05Z","dduportal","2026-08","chore(updatecli) fix golang..."
"jenkins-infra","jenkins.io",9361,"https://github.com/jenkins-infra/jenkins.io/pull/9361","MERGED","2026-08-24T12:38:29Z","2026-08-24T13:24:49Z","PratikMane0112","2026-08","Add GSoC final term blog post..."
"jenkins-infra","contributor-spotlight",693,"https://github.com/jenkins-infra/contributor-spotlight/pull/693","MERGED","2026-08-24T12:13:23Z","2026-08-31T02:12:45Z","Vatsal-Verma","2026-08","Revamp: Add search..."
"jenkins-infra","jenkins.io",9360,"https://github.com/jenkins-infra/jenkins.io/pull/9360","MERGED","2026-08-24T11:47:25Z","2026-08-24T11:56:57Z","Faheem12005","2026-08","Fix year typo in blog post..."
"jenkins-infra","stories",451,"https://github.com/jenkins-infra/stories/pull/451","MERGED","2026-08-24T09:43:49Z","2026-08-25T11:33:08Z","Vatsal-Verma","2026-08","GSoC 2026: Buttons should..."
"jenkins-infra","contributor-spotlight",692,"https://github.com/jenkins-infra/contributor-spotlight/pull/692","MERGED","2026-08-24T09:20:40Z","2026-08-31T02:13:07Z","Vatsal-Verma","2026-08","update README file for..."
"jenkins-infra","stories",450,"https://github.com/jenkins-infra/stories/pull/450","MERGED","2026-08-24T09:09:38Z","2026-08-25T11:33:19Z","Vatsal-Verma","2026-08","updating guidelines for user..."
"jenkins-infra","jenkins.io",9359,"https://github.com/jenkins-infra/jenkins.io/pull/9359","MERGED","2026-08-24T09:06:58Z","2026-08-24T18:26:37Z","daniel-beck","2026-08","Clarify which Jira component..."
"jenkins-infra","jenkins.io",9358,"https://github.com/jenkins-infra/jenkins.io/pull/9358","MERGED","2026-08-24T08:50:15Z","2026-08-25T10:45:34Z","schulmak","2026-08","feat: admin blog  - part 1"
"jenkins-infra","jenkins.io",9356,"https://github.com/jenkins-infra/jenkins.io/pull/9356","MERGED","2026-08-23T15:32:12Z","2026-08-23T16:56:32Z","Faheem12005","2026-08","Add GSoC final term blog post..."
"jenkins-infra","jenkins.io",9355,"https://github.com/jenkins-infra/jenkins.io/pull/9355","MERGED","2026-08-23T08:17:14Z","2026-09-01T02:03:53Z","jonesbusy","2026-08","Add Plugin of the Month for..."
"jenkins-infra","update-center2",925,"https://github.com/jenkins-infra/update-center2/pull/925","OPEN","2026-08-22T23:48:20Z","","sunweisheng","2026-08","[codex] Limit SECURITY-2784..."
"jenkins-infra","repository-permissions-updater",5237,"https://github.com/jenkins-infra/repository-permissions-updater/pull/5237","MERGED","2026-08-22T10:53:10Z","2026-08-23T10:02:29Z","gdubya","2026-08","feat: enable cd for..."
"jenkins-infra","jenkins.io",9353,"https://github.com/jenkins-infra/jenkins.io/pull/9353","MERGED","2026-08-21T19:37:50Z","2026-08-22T12:56:50Z","Vatsal-Verma","2026-08","Add GSoC final term blog post..."
"jenkins-infra","pipeline-library",1040,"https://github.com/jenkins-infra/pipeline-library/pull/1040","OPEN","2026-08-21T12:27:11Z","","rantoniuk","2026-08","feat(buildPlugin): add..."
"jenkins-infra","jenkins.io",9350,"https://github.com/jenkins-infra/jenkins.io/pull/9350","MERGED","2026-08-20T19:02:21Z","2026-08-24T13:33:15Z","StefanSpieker","2026-08","added blogpost about..."
"jenkins-infra","jenkins.io",9349,"https://github.com/jenkins-infra/jenkins.io/pull/9349","MERGED","2026-08-20T15:35:43Z","2026-08-20T23:33:23Z","MarkEWaite","2026-08","Announce end of life for..."
"jenkins-infra","pipeline-library",1039,"https://github.com/jenkins-infra/pipeline-library/pull/1039","CLOSED","2026-08-20T14:20:11Z","","lemeurherve","2026-08","feat(infra.maybePublishIncrementals):..."
"jenkins-infra","account-app",524,"https://github.com/jenkins-infra/account-app/pull/524","MERGED","2026-08-20T13:22:59Z","2026-08-20T14:42:12Z","lemeurherve","2026-08","chore(dockerfile): revert..."
"jenkins-infra","pipeline-library",1038,"https://github.com/jenkins-infra/pipeline-library/pull/1038","MERGED","2026-08-20T05:29:14Z","2026-08-24T12:22:03Z","jayfranco999","2026-08","fix(docker) ignore hadolint..."
"jenkins-infra","repository-permissions-updater",5236,"https://github.com/jenkins-infra/repository-permissions-updater/pull/5236","OPEN","2026-08-20T02:41:31Z","","longhn0710","2026-08","Add user 'longhn0710' to Aqua..."
"jenkins-infra","account-app",523,"https://github.com/jenkins-infra/account-app/pull/523","MERGED","2026-08-19T19:37:27Z","2026-08-19T23:54:43Z","daniel-beck","2026-08","Update dependencies"
"jenkins-infra","repository-permissions-updater",5235,"https://github.com/jenkins-infra/repository-permissions-updater/pull/5235","MERGED","2026-08-19T13:34:18Z","2026-08-27T12:39:07Z","kitos9112","2026-08","Add kitos9112 as maintainer..."
"jenkins-infra","repository-permissions-updater",5234,"https://github.com/jenkins-infra/repository-permissions-updater/pull/5234","OPEN","2026-08-19T12:33:52Z","","ashort96","2026-08","feat: add ashort96 to..."
"jenkins-infra","plugin-modernizer-tool",1876,"https://github.com/jenkins-infra/plugin-modernizer-tool/pull/1876","MERGED","2026-08-19T08:39:10Z","2026-08-19T09:27:42Z","Raam751","2026-08","fix: enable --help and -h..."
"jenkins-infra","contributor-spotlight",689,"https://github.com/jenkins-infra/contributor-spotlight/pull/689","MERGED","2026-08-19T08:03:45Z","2026-08-20T07:35:33Z","Vatsal-Verma","2026-08","Revamp: Add contributor..."
"jenkins-infra","plugin-modernizer-stats",104,"https://github.com/jenkins-infra/plugin-modernizer-stats/pull/104","MERGED","2026-08-18T17:48:55Z","2026-08-20T13:14:44Z","PratikMane0112","2026-08","Add plugin modernizer cli..."
"jenkins-infra","docker-packaging",284,"https://github.com/jenkins-infra/docker-packaging/pull/284","MERGED","2026-08-18T17:34:05Z","2026-08-18T17:47:28Z","jayfranco999","2026-08","chore(updatecli): bump the..."
"jenkins-infra","repository-permissions-updater",5233,"https://github.com/jenkins-infra/repository-permissions-updater/pull/5233","MERGED","2026-08-18T11:56:30Z","2026-08-30T14:09:35Z","mriha-tricentis","2026-08","Enable CD for qtest plugin"
"jenkins-infra","jenkins.io",9346,"https://github.com/jenkins-infra/jenkins.io/pull/9346","OPEN","2026-08-18T04:54:17Z","","padmakumarmani27-dev","2026-08","Update Managing Security..."
"jenkins-infra","repository-permissions-updater",5232,"https://github.com/jenkins-infra/repository-permissions-updater/pull/5232","MERGED","2026-08-18T02:41:47Z","2026-08-18T06:22:16Z","olamy","2026-08","Enable CD for..."
"jenkins-infra","jenkins.io",9344,"https://github.com/jenkins-infra/jenkins.io/pull/9344","MERGED","2026-08-17T14:18:39Z","2026-08-18T13:37:58Z","StefanSpieker","2026-08","blog post plugin of the month..."
"jenkins-infra","docker-packaging",283,"https://github.com/jenkins-infra/docker-packaging/pull/283","MERGED","2026-08-17T12:55:31Z","2026-08-18T16:28:54Z","jayfranco999","2026-08","chore(dockerfile): download..."
"jenkins-infra","plugin-modernizer-tool",1875,"https://github.com/jenkins-infra/plugin-modernizer-tool/pull/1875","MERGED","2026-08-17T11:54:29Z","2026-08-18T17:40:56Z","Raam751","2026-08","docs: fix README..."
"jenkins-infra","repository-permissions-updater",5228,"https://github.com/jenkins-infra/repository-permissions-updater/pull/5228","MERGED","2026-08-17T11:01:24Z","2026-08-23T16:59:49Z","slide","2026-08","Enable CD for..."
"jenkins-infra","stories",449,"https://github.com/jenkins-infra/stories/pull/449","MERGED","2026-08-16T14:30:24Z","2026-08-20T07:34:12Z","Vatsal-Verma","2026-08","GSoC 2026: Add Scroll to top..."
"jenkins-infra","contributor-spotlight",686,"https://github.com/jenkins-infra/contributor-spotlight/pull/686","MERGED","2026-08-15T20:45:17Z","2026-08-20T07:34:54Z","Vatsal-Verma","2026-08","Revamp: Auto Scroll to Top..."
"jenkins-infra","contributor-spotlight",685,"https://github.com/jenkins-infra/contributor-spotlight/pull/685","MERGED","2026-08-15T10:50:31Z","2026-08-17T17:55:24Z","Vatsal-Verma","2026-08","Revamp: Add landing Page"
"jenkins-infra","plugin-modernizer-tool",1869,"https://github.com/jenkins-infra/plugin-modernizer-tool/pull/1869","MERGED","2026-08-15T08:11:41Z","2026-08-15T08:11:56Z","jonesbusy","2026-08","Test container git was..."
"jenkins-infra","plugin-modernizer-stats",103,"https://github.com/jenkins-infra/plugin-modernizer-stats/pull/103","MERGED","2026-08-15T07:41:21Z","2026-08-18T13:28:46Z","PratikMane0112","2026-08","Change colors & theme to..."
"jenkins-infra","repository-permissions-updater",5226,"https://github.com/jenkins-infra/repository-permissions-updater/pull/5226","MERGED","2026-08-14T21:35:53Z","2026-08-17T21:22:34Z","timja","2026-08","Add timja to ssh"
"jenkins-infra","stories",448,"https://github.com/jenkins-infra/stories/pull/448","MERGED","2026-08-14T18:13:37Z","2026-08-23T14:33:49Z","Vatsal-Verma","2026-08","GSoC 2026: Implement Decap..."
"jenkins-infra","repository-permissions-updater",5225,"https://github.com/jenkins-infra/repository-permissions-updater/pull/5225","OPEN","2026-08-14T15:05:08Z","","nick4eva","2026-08","Add mykola_shestopal as..."
"jenkins-infra","jenkins.io",9341,"https://github.com/jenkins-infra/jenkins.io/pull/9341","MERGED","2026-08-14T11:17:22Z","2026-08-14T11:38:44Z","daniel-beck","2026-08","Remove lapsed domain"
"jenkins-infra","jenkins.io",9339,"https://github.com/jenkins-infra/jenkins.io/pull/9339","MERGED","2026-08-13T17:16:53Z","2026-08-14T00:06:50Z","jtnord","2026-08","do not enable incrementals..."
"jenkins-infra","contributor-spotlight",682,"https://github.com/jenkins-infra/contributor-spotlight/pull/682","CLOSED","2026-08-13T11:34:30Z","","Vatsal-Verma","2026-08","Revamp: Add contributor's..."
"jenkins-infra","jenkins.io",9337,"https://github.com/jenkins-infra/jenkins.io/pull/9337","MERGED","2026-08-13T10:33:04Z","2026-08-13T14:51:28Z","daniel-beck","2026-08","Document slower response..."
"jenkins-infra","repository-permissions-updater",5224,"https://github.com/jenkins-infra/repository-permissions-updater/pull/5224","MERGED","2026-08-13T09:03:16Z","2026-08-13T09:36:35Z","pvivekdev","2026-08","Update developers list in..."
"jenkins-infra","plugin-modernizer-stats",102,"https://github.com/jenkins-infra/plugin-modernizer-stats/pull/102","MERGED","2026-08-12T18:01:40Z","2026-08-12T20:06:46Z","PratikMane0112","2026-08","Revert 'Add PR preview..."
"jenkins-infra","plugin-modernizer-stats",101,"https://github.com/jenkins-infra/plugin-modernizer-stats/pull/101","MERGED","2026-08-12T17:06:41Z","2026-08-15T06:06:00Z","PratikMane0112","2026-08","Add Error Boundry pages"
"jenkins-infra","stats.jenkins.io",696,"https://github.com/jenkins-infra/stats.jenkins.io/pull/696","OPEN","2026-08-12T16:52:39Z","","Vatsal-Verma","2026-08","fix: set _redirect rules to..."
"jenkins-infra","docker-packaging",281,"https://github.com/jenkins-infra/docker-packaging/pull/281","MERGED","2026-08-12T15:31:09Z","2026-08-12T15:41:16Z","jayfranco999","2026-08","fix(dockerfile): ignore new..."
"jenkins-infra","usage-in-plugins",57,"https://github.com/jenkins-infra/usage-in-plugins/pull/57","MERGED","2026-08-12T14:31:49Z","2026-08-14T11:56:21Z","daniel-beck","2026-08","Update default URL to modern..."
"jenkins-infra","jenkins.io",9334,"https://github.com/jenkins-infra/jenkins.io/pull/9334","OPEN","2026-08-11T21:39:02Z","","puneetnith28","2026-08","Refactor Content Retrieval..."
"jenkins-infra","jenkins.io",9332,"https://github.com/jenkins-infra/jenkins.io/pull/9332","MERGED","2026-08-11T21:03:01Z","2026-08-12T07:57:14Z","shenxianpeng","2026-08","Update jenkinsfilelint demo..."
"jenkins-infra","jenkins.io",9331,"https://github.com/jenkins-infra/jenkins.io/pull/9331","MERGED","2026-08-11T18:00:15Z","2026-08-14T01:02:17Z","Aarav-Singh2007","2026-08","Fix early board member..."
"jenkins-infra","repository-permissions-updater",5223,"https://github.com/jenkins-infra/repository-permissions-updater/pull/5223","MERGED","2026-08-11T15:45:56Z","2026-08-11T15:52:44Z","jglick","2026-08","Leaving `ssh-agent`..."
"jenkins-infra","contributor-spotlight",680,"https://github.com/jenkins-infra/contributor-spotlight/pull/680","MERGED","2026-08-11T11:51:32Z","2026-08-12T09:07:36Z","Vatsal-Verma","2026-08","Revamp: Add meta tags to..."
"jenkins-infra","jenkins.io",9330,"https://github.com/jenkins-infra/jenkins.io/pull/9330","MERGED","2026-08-11T11:12:28Z","2026-08-11T11:12:50Z","MarkEWaite","2026-08","Place major enhancement at..."
"jenkins-infra","jenkins.io",9328,"https://github.com/jenkins-infra/jenkins.io/pull/9328","MERGED","2026-08-11T10:39:29Z","2026-08-11T10:54:05Z","MarkEWaite","2026-08","Add 2.577 banner for removal..."
"jenkins-infra","repository-permissions-updater",5222,"https://github.com/jenkins-infra/repository-permissions-updater/pull/5222","MERGED","2026-08-10T21:10:18Z","2026-08-11T07:01:39Z","timja","2026-08","Adopt..."
"jenkins-infra","jenkins.io",9326,"https://github.com/jenkins-infra/jenkins.io/pull/9326","MERGED","2026-08-10T15:59:53Z","2026-08-10T19:44:08Z","MarkEWaite","2026-08","Remove office hours mention..."
"jenkins-infra","contributor-spotlight",677,"https://github.com/jenkins-infra/contributor-spotlight/pull/677","MERGED","2026-08-10T15:28:56Z","2026-08-12T09:08:04Z","Vatsal-Verma","2026-08","Revamp: Add source Path to..."
"jenkins-infra","contributor-spotlight",676,"https://github.com/jenkins-infra/contributor-spotlight/pull/676","MERGED","2026-08-10T15:13:02Z","2026-08-14T02:14:06Z","Vatsal-Verma","2026-08","Revamp: Add sitemap using..."
"jenkins-infra","plugin-modernizer-stats",94,"https://github.com/jenkins-infra/plugin-modernizer-stats/pull/94","MERGED","2026-08-10T10:54:28Z","2026-08-12T15:08:19Z","PratikMane0112","2026-08","Add PR preview deployment for..."
"jenkins-infra","contributor-spotlight",674,"https://github.com/jenkins-infra/contributor-spotlight/pull/674","MERGED","2026-08-10T10:27:09Z","2026-08-12T14:20:40Z","Vatsal-Verma","2026-08","Revamp: add not found page"
"jenkins-infra","infra-reports",132,"https://github.com/jenkins-infra/infra-reports/pull/132","OPEN","2026-08-10T07:58:51Z","","poweredgenl","2026-08","Update..."
"jenkins-infra","repository-permissions-updater",5220,"https://github.com/jenkins-infra/repository-permissions-updater/pull/5220","MERGED","2026-08-09T14:52:40Z","2026-08-09T14:58:56Z","mawinter69","2026-08","remove security-audit-todo..."
"jenkins-infra","repository-permissions-updater",5219,"https://github.com/jenkins-infra/repository-permissions-updater/pull/5219","MERGED","2026-08-09T13:57:28Z","2026-08-09T14:00:46Z","mawinter69","2026-08","Directly include the markdown..."
"jenkins-infra","repository-permissions-updater",5217,"https://github.com/jenkins-infra/repository-permissions-updater/pull/5217","MERGED","2026-08-09T10:20:44Z","2026-08-09T10:26:51Z","mawinter69","2026-08","Add action to manually..."
"jenkins-infra","repository-permissions-updater",5216,"https://github.com/jenkins-infra/repository-permissions-updater/pull/5216","MERGED","2026-08-08T20:17:47Z","2026-08-08T21:09:05Z","sunweisheng","2026-08","Enable CD for..."
"jenkins-infra","repository-permissions-updater",5212,"https://github.com/jenkins-infra/repository-permissions-updater/pull/5212","MERGED","2026-08-08T15:52:57Z","2026-08-09T21:20:37Z","dgaya","2026-08","Adopt folder-properties..."
"jenkins-infra","repository-permissions-updater",5209,"https://github.com/jenkins-infra/repository-permissions-updater/pull/5209","MERGED","2026-08-07T14:29:06Z","2026-08-07T14:55:02Z","MarkEWaite","2026-08","Enable JEP-229 automated..."
"jenkins-infra","repository-permissions-updater",5207,"https://github.com/jenkins-infra/repository-permissions-updater/pull/5207","MERGED","2026-08-06T19:19:27Z","2026-08-06T21:13:07Z","paulsavoie","2026-08","Change modifying permissions..."
"jenkins-infra","jenkins.io",9320,"https://github.com/jenkins-infra/jenkins.io/pull/9320","MERGED","2026-08-06T16:00:25Z","2026-08-06T16:20:54Z","lemeurherve","2026-08","Update version from 2.575 to..."
"jenkins-infra","repository-permissions-updater",5205,"https://github.com/jenkins-infra/repository-permissions-updater/pull/5205","MERGED","2026-08-06T12:54:17Z","2026-08-06T14:18:43Z","sunweisheng","2026-08","Enable CD for..."
"jenkins-infra","contributor-spotlight",672,"https://github.com/jenkins-infra/contributor-spotlight/pull/672","MERGED","2026-08-06T08:19:33Z","2026-08-10T06:41:54Z","Vatsal-Verma","2026-08","Revamp: Add individual..."
"jenkins-infra","repository-permissions-updater",5204,"https://github.com/jenkins-infra/repository-permissions-updater/pull/5204","MERGED","2026-08-06T00:52:11Z","2026-08-06T14:20:50Z","slide","2026-08","change-assembly-version-plugin:..."
"jenkins-infra","stories",446,"https://github.com/jenkins-infra/stories/pull/446","MERGED","2026-08-05T18:03:38Z","2026-08-06T21:50:48Z","Vatsal-Verma","2026-08","GSoC 2026: Map page ui..."
"jenkins-infra","plugin-modernizer-stats",90,"https://github.com/jenkins-infra/plugin-modernizer-stats/pull/90","MERGED","2026-08-05T17:03:49Z","2026-08-08T07:47:55Z","PratikMane0112","2026-08","Adding more test cases "
"jenkins-infra","stories",445,"https://github.com/jenkins-infra/stories/pull/445","OPEN","2026-08-05T15:46:51Z","","dduportal","2026-08","chore(Jenkinsfile) enable CD..."
"jenkins-infra","contributor-spotlight",664,"https://github.com/jenkins-infra/contributor-spotlight/pull/664","OPEN","2026-08-05T15:11:39Z","","dduportal","2026-08","[GSoC 2026] Introduce a dummy..."
"jenkins-infra","release",946,"https://github.com/jenkins-infra/release/pull/946","MERGED","2026-08-05T14:30:49Z","2026-08-05T14:36:05Z","daniel-beck","2026-08","Revert 'Disable weekly..."
"jenkins-infra","repository-permissions-updater",5203,"https://github.com/jenkins-infra/repository-permissions-updater/pull/5203","MERGED","2026-08-05T13:11:45Z","2026-08-05T21:14:11Z","sboardwell","2026-08","Remove developer 'sboardwell'..."
"jenkins-infra","kubernetes-management",8001,"https://github.com/jenkins-infra/kubernetes-management/pull/8001","MERGED","2026-08-05T12:57:37Z","2026-08-05T12:58:49Z","dduportal","2026-08","feat(privatek8s/infra.ci.jenkins.io)..."
"jenkins-infra","stories",444,"https://github.com/jenkins-infra/stories/pull/444","MERGED","2026-08-04T21:05:07Z","2026-08-06T14:19:56Z","Vatsal-Verma","2026-08","GSoC: update logic for..."
"jenkins-infra","stories",443,"https://github.com/jenkins-infra/stories/pull/443","MERGED","2026-08-04T20:39:47Z","2026-08-06T14:18:35Z","Vatsal-Verma","2026-08","GSoC 2026: update logic for..."
"jenkins-infra","repository-permissions-updater",5198,"https://github.com/jenkins-infra/repository-permissions-updater/pull/5198","MERGED","2026-08-04T15:22:30Z","2026-08-04T15:50:41Z","slide","2026-08","Add slide_o_mix to..."
"jenkins-infra","repository-permissions-updater",5197,"https://github.com/jenkins-infra/repository-permissions-updater/pull/5197","MERGED","2026-08-04T14:49:09Z","2026-08-04T15:51:31Z","jansohn","2026-08","Enable CD for deploy plugin"
"jenkins-infra","repository-permissions-updater",5196,"https://github.com/jenkins-infra/repository-permissions-updater/pull/5196","MERGED","2026-08-04T14:27:45Z","2026-08-05T07:12:03Z","pavankumar-peddamure-ptc","2026-08","Update integrity plugin..."
"jenkins-infra","terraform-aws-sponsorship",587,"https://github.com/jenkins-infra/terraform-aws-sponsorship/pull/587","MERGED","2026-08-04T09:50:47Z","2026-08-07T14:45:24Z","jayfranco999","2026-08","chore(updatecli): target..."
"jenkins-infra","jenkins-infra",5001,"https://github.com/jenkins-infra/jenkins-infra/pull/5001","MERGED","2026-08-04T07:50:33Z","2026-08-04T07:55:20Z","dduportal","2026-08","chore(updatecli) adapt PR..."
"jenkins-infra","incrementals-publisher",145,"https://github.com/jenkins-infra/incrementals-publisher/pull/145","MERGED","2026-08-04T07:29:22Z","2026-08-04T07:29:48Z","dduportal","2026-08","chore(GHA) bump..."
"jenkins-infra","incrementals-publisher",144,"https://github.com/jenkins-infra/incrementals-publisher/pull/144","MERGED","2026-08-04T06:54:46Z","2026-08-04T07:01:17Z","dduportal","2026-08","chore(Jenkinsfile) ensure..."
"jenkins-infra","incrementals-publisher",143,"https://github.com/jenkins-infra/incrementals-publisher/pull/143","MERGED","2026-08-04T06:50:55Z","2026-08-04T07:26:23Z","dduportal","2026-08","chore(Dockerfile) move NodeJS..."
"jenkins-infra","jenkins-infra",5000,"https://github.com/jenkins-infra/jenkins-infra/pull/5000","MERGED","2026-08-04T06:47:46Z","2026-08-04T07:31:09Z","dduportal","2026-08","chore(updatecli) track NodeJS..."
"jenkins-infra","incrementals-publisher",142,"https://github.com/jenkins-infra/incrementals-publisher/pull/142","MERGED","2026-08-04T06:15:24Z","2026-08-04T06:43:10Z","dduportal","2026-08","chore(renovate) ignore NodeJS..."
"jenkins-infra","status",734,"https://github.com/jenkins-infra/status/pull/734","MERGED","2026-08-03T18:46:05Z","2026-08-03T18:47:06Z","MarkEWaite","2026-08","s390x upgraded to Ubuntu..."
"jenkins-infra","status",733,"https://github.com/jenkins-infra/status/pull/733","MERGED","2026-08-03T17:53:17Z","2026-08-03T17:54:34Z","MarkEWaite","2026-08","Upgrade s390x agent from..."
"jenkins-infra","contributor-spotlight",656,"https://github.com/jenkins-infra/contributor-spotlight/pull/656","MERGED","2026-08-03T13:37:14Z","2026-08-03T14:46:49Z","krisstern","2026-08","chore: update jenkinsfile..."
"jenkins-infra","status",732,"https://github.com/jenkins-infra/status/pull/732","MERGED","2026-08-03T12:45:02Z","2026-08-03T12:46:15Z","MarkEWaite","2026-08","Completed s390x os upgrade to..."
"jenkins-infra","status",731,"https://github.com/jenkins-infra/status/pull/731","MERGED","2026-08-03T12:02:04Z","2026-08-03T12:37:19Z","MarkEWaite","2026-08","Upgrade s390x agent to Ubuntu..."
"jenkins-infra","repository-permissions-updater",5192,"https://github.com/jenkins-infra/repository-permissions-updater/pull/5192","MERGED","2026-08-03T11:21:46Z","2026-08-03T12:51:11Z","MarkEWaite","2026-08","Enable CD for the m2release..."
"jenkins-infra","terraform-aws-sponsorship",586,"https://github.com/jenkins-infra/terraform-aws-sponsorship/pull/586","MERGED","2026-08-03T07:35:59Z","2026-08-07T13:07:36Z","jayfranco999","2026-08","refactor(locals): move..."
"jenkins-infra","repository-permissions-updater",5191,"https://github.com/jenkins-infra/repository-permissions-updater/pull/5191","OPEN","2026-08-02T21:54:11Z","","mawinter69","2026-08","Add a hosting security scan..."
"jenkins-infra","stories",442,"https://github.com/jenkins-infra/stories/pull/442","MERGED","2026-08-02T08:09:18Z","2026-08-04T07:19:30Z","Vatsal-Verma","2026-08","GSoC 2026: Redesign User..."
"jenkins-infra","contributor-spotlight",655,"https://github.com/jenkins-infra/contributor-spotlight/pull/655","MERGED","2026-08-01T11:41:36Z","2026-08-04T22:17:37Z","Vatsal-Verma","2026-08","Revamp: Initial Project setup"
"jenkins-docs","quickstart-tutorials",2520,"https://github.com/jenkins-docs/quickstart-tutorials/pull/2520","MERGED","2026-08-31T08:26:45Z","2026-08-31T12:50:07Z","gounthar","2026-08","chore(jenkins): Updates..."
"jenkins-docs","building-a-multibranch-pipeline-project",316,"https://github.com/jenkins-docs/building-a-multibranch-pipeline-project/pull/316","CLOSED","2026-08-27T22:27:18Z","","tiriths","2026-08","Lesson9 pr ci"
"jenkins-docs","quickstart-tutorials",2513,"https://github.com/jenkins-docs/quickstart-tutorials/pull/2513","MERGED","2026-08-27T18:37:08Z","2026-08-27T18:37:32Z","gounthar","2026-08","chore(jenkins): Updates..."
"jenkins-docs","quickstart-tutorials",2510,"https://github.com/jenkins-docs/quickstart-tutorials/pull/2510","MERGED","2026-08-27T11:31:50Z","2026-08-27T18:32:12Z","gounthar","2026-08","chore(jenkins): Updates..."
"jenkins-docs","quickstart-tutorials",2509,"https://github.com/jenkins-docs/quickstart-tutorials/pull/2509","MERGED","2026-08-26T08:18:30Z","2026-08-27T18:31:42Z","gounthar","2026-08","chore(jenkins): Updates..."
"jenkins-docs","simple-java-maven-app",1365,"https://github.com/jenkins-docs/simple-java-maven-app/pull/1365","CLOSED","2026-08-26T07:19:22Z","","Serhatk1nc","2026-08","docs: improve README and..."
"jenkins-docs","simple-node-js-react-npm-app",215,"https://github.com/jenkins-docs/simple-node-js-react-npm-app/pull/215","CLOSED","2026-08-25T15:52:27Z","","yousefibrahim14","2026-08"," last"
"jenkins-docs","simple-java-maven-app",1364,"https://github.com/jenkins-docs/simple-java-maven-app/pull/1364","CLOSED","2026-08-25T15:14:43Z","","YukthaGIT","2026-08","Feature1"
"jenkins-docs","quickstart-tutorials",2507,"https://github.com/jenkins-docs/quickstart-tutorials/pull/2507","MERGED","2026-08-25T08:18:51Z","2026-08-25T08:32:05Z","gounthar","2026-08","chore(jenkins): Updates..."
"jenkins-docs","simple-java-maven-app",1363,"https://github.com/jenkins-docs/simple-java-maven-app/pull/1363","CLOSED","2026-08-24T08:28:17Z","","vivekgupta8840246570","2026-08","Update pom.xml"
"jenkins-docs","quickstart-tutorials",2505,"https://github.com/jenkins-docs/quickstart-tutorials/pull/2505","MERGED","2026-08-24T08:20:25Z","2026-08-24T08:54:14Z","gounthar","2026-08","chore(jenkins): Updates..."
"jenkins-docs","quickstart-tutorials",2504,"https://github.com/jenkins-docs/quickstart-tutorials/pull/2504","CLOSED","2026-08-23T08:09:54Z","","gounthar","2026-08","chore(jenkins): Updates..."
"jenkins-docs","quickstart-tutorials",2502,"https://github.com/jenkins-docs/quickstart-tutorials/pull/2502","MERGED","2026-08-22T06:52:17Z","2026-08-22T06:52:40Z","gounthar","2026-08","chore(jenkins): Updates..."
"jenkins-docs","quickstart-tutorials",2499,"https://github.com/jenkins-docs/quickstart-tutorials/pull/2499","MERGED","2026-08-22T06:51:20Z","2026-08-22T06:53:08Z","gounthar","2026-08","chore(jenkins): Updates..."
"jenkins-docs","quickstart-tutorials",2498,"https://github.com/jenkins-docs/quickstart-tutorials/pull/2498","MERGED","2026-08-22T06:50:57Z","2026-08-22T06:53:33Z","gounthar","2026-08","chore(jenkins): Updates..."
"jenkins-docs","quickstart-tutorials",2493,"https://github.com/jenkins-docs/quickstart-tutorials/pull/2493","MERGED","2026-08-21T08:16:52Z","2026-08-22T06:50:10Z","gounthar","2026-08","chore(jenkins): Updates..."
"jenkins-docs","simple-java-maven-app",1362,"https://github.com/jenkins-docs/simple-java-maven-app/pull/1362","CLOSED","2026-08-19T15:18:56Z","","manoVaturi","2026-08","Aws infrastructure"
"jenkins-docs","simple-java-maven-app",1361,"https://github.com/jenkins-docs/simple-java-maven-app/pull/1361","CLOSED","2026-08-19T15:15:29Z","","manoVaturi","2026-08","Feature"
"jenkins-docs","simple-java-maven-app",1360,"https://github.com/jenkins-docs/simple-java-maven-app/pull/1360","CLOSED","2026-08-19T10:34:45Z","","Sproncho","2026-08","Versions"
"jenkins-docs","simple-java-maven-app",1359,"https://github.com/jenkins-docs/simple-java-maven-app/pull/1359","CLOSED","2026-08-19T10:32:52Z","","NehorayM","2026-08","add fix"
"jenkins-docs","simple-java-maven-app",1358,"https://github.com/jenkins-docs/simple-java-maven-app/pull/1358","CLOSED","2026-08-19T10:28:55Z","","Sproncho","2026-08","Gh actions"
"jenkins-docs","quickstart-tutorials",2490,"https://github.com/jenkins-docs/quickstart-tutorials/pull/2490","MERGED","2026-08-19T08:14:06Z","2026-08-20T07:43:17Z","gounthar","2026-08","chore(jenkins): Updates..."
"jenkins-docs","quickstart-tutorials",2488,"https://github.com/jenkins-docs/quickstart-tutorials/pull/2488","MERGED","2026-08-18T12:50:08Z","2026-08-18T13:04:47Z","gounthar","2026-08","chore(jenkins): Updates..."
"jenkins-docs","quickstart-tutorials",2487,"https://github.com/jenkins-docs/quickstart-tutorials/pull/2487","MERGED","2026-08-18T08:13:14Z","2026-08-18T12:48:59Z","gounthar","2026-08","chore(jenkins): Updates..."
"jenkins-docs","simple-java-maven-app",1357,"https://github.com/jenkins-docs/simple-java-maven-app/pull/1357","CLOSED","2026-08-16T22:11:48Z","","kenwan006","2026-08","Add Test feature"
"jenkins-docs","quickstart-tutorials",2479,"https://github.com/jenkins-docs/quickstart-tutorials/pull/2479","MERGED","2026-08-13T08:35:45Z","2026-08-13T09:59:41Z","gounthar","2026-08","chore(jenkins): Updates..."
"jenkins-docs","quickstart-tutorials",2476,"https://github.com/jenkins-docs/quickstart-tutorials/pull/2476","MERGED","2026-08-11T15:49:32Z","2026-08-11T15:49:48Z","gounthar","2026-08","chore(jenkins): Updates..."
"jenkins-docs","quickstart-tutorials",2475,"https://github.com/jenkins-docs/quickstart-tutorials/pull/2475","MERGED","2026-08-11T08:25:46Z","2026-08-11T15:48:06Z","gounthar","2026-08","chore(jenkins): Updates..."
"jenkins-docs","quickstart-tutorials",2473,"https://github.com/jenkins-docs/quickstart-tutorials/pull/2473","MERGED","2026-08-10T08:37:39Z","2026-08-10T10:02:00Z","gounthar","2026-08","chore(jenkins): Updates..."
"jenkins-docs","quickstart-tutorials",2471,"https://github.com/jenkins-docs/quickstart-tutorials/pull/2471","CLOSED","2026-08-08T21:20:14Z","","gounthar","2026-08","chore(jenkins): Updates..."
"jenkins-docs","quickstart-tutorials",2469,"https://github.com/jenkins-docs/quickstart-tutorials/pull/2469","MERGED","2026-08-08T21:20:01Z","2026-08-08T21:20:29Z","gounthar","2026-08","chore(jenkins): Updates..."
"jenkins-docs","quickstart-tutorials",2463,"https://github.com/jenkins-docs/quickstart-tutorials/pull/2463","CLOSED","2026-08-08T21:19:27Z","","gounthar","2026-08","chore(jenkins): Updates..."
"jenkins-docs","quickstart-tutorials",2461,"https://github.com/jenkins-docs/quickstart-tutorials/pull/2461","MERGED","2026-08-08T08:16:55Z","2026-08-08T21:18:35Z","gounthar","2026-08","chore(jenkins): Updates..."
"jenkins-docs","quickstart-tutorials",2440,"https://github.com/jenkins-docs/quickstart-tutorials/pull/2440","CLOSED","2026-08-07T08:29:05Z","","gounthar","2026-08","chore(jenkins): Updates..."
"jenkins-docs","quickstart-tutorials",2439,"https://github.com/jenkins-docs/quickstart-tutorials/pull/2439","CLOSED","2026-08-06T09:01:22Z","","gounthar","2026-08","chore(jenkins): Updates..."
"jenkins-docs","quickstart-tutorials",2438,"https://github.com/jenkins-docs/quickstart-tutorials/pull/2438","CLOSED","2026-08-05T09:01:03Z","","gounthar","2026-08","chore(jenkins): Updates..."
"jenkins-docs","quickstart-tutorials",2436,"https://github.com/jenkins-docs/quickstart-tutorials/pull/2436","CLOSED","2026-08-03T17:51:47Z","","gounthar","2026-08","chore(jenkins): Updates..."
"jenkins-docs","quickstart-tutorials",2433,"https://github.com/jenkins-docs/quickstart-tutorials/pull/2433","MERGED","2026-08-03T17:49:04Z","2026-08-03T17:51:08Z","gounthar","2026-08","chore(jenkins): Updates..."
"jenkins-docs","quickstart-tutorials",2432,"https://github.com/jenkins-docs/quickstart-tutorials/pull/2432","MERGED","2026-08-03T09:16:12Z","2026-08-03T17:48:01Z","gounthar","2026-08","chore(jenkins): Updates..."
"jenkins-docs","quickstart-tutorials",2430,"https://github.com/jenkins-docs/quickstart-tutorials/pull/2430","CLOSED","2026-08-02T08:52:47Z","","gounthar","2026-08","chore(jenkins): Updates..."
"jenkins-docs","quickstart-tutorials",2428,"https://github.com/jenkins-docs/quickstart-tutorials/pull/2428","MERGED","2026-08-01T05:18:51Z","2026-08-01T05:19:41Z","gounthar","2026-08","chore(jenkins): Updates..."
"jenkins-docs","quickstart-tutorials",2427,"https://github.com/jenkins-docs/quickstart-tutorials/pull/2427","MERGED","2026-08-01T05:18:26Z","2026-08-01T05:20:02Z","gounthar","2026-08","chore(jenkins): Updates..."
"jenkins-docs","quickstart-tutorials",2426,"https://github.com/jenkins-docs/quickstart-tutorials/pull/2426","CLOSED","2026-08-01T05:17:49Z","","gounthar","2026-08","chore(jenkins): Updates..."
"jenkins-docs","quickstart-tutorials",2425,"https://github.com/jenkins-docs/quickstart-tutorials/pull/2425","CLOSED","2026-08-01T05:17:27Z","","gounthar","2026-08","chore(jenkins): Updates..."
"jenkins-docs","quickstart-tutorials",2424,"https://github.com/jenkins-docs/quickstart-tutorials/pull/2424","CLOSED","2026-08-01T05:17:00Z","","gounthar","2026-08","chore(jenkins): Updates..."
"jenkins-docs","quickstart-tutorials",2423,"https://github.com/jenkins-docs/quickstart-tutorials/pull/2423","CLOSED","2026-08-01T05:16:21Z","","gounthar","2026-08","chore(jenkins): Updates..."
"jenkins-docs","quickstart-tutorials",2421,"https://github.com/jenkins-docs/quickstart-tutorials/pull/2421","CLOSED","2026-08-01T05:12:08Z","","gounthar","2026-08","chore(jenkins): Updates..."
